address,name,signature
12770944,NetWorkUnit.Encrypt$$.ctor,"void NetWorkUnit_Encrypt___ctor (NetWorkUnit_Encrypt_o* __this, const MethodInfo* method);"
12771044,NetWorkUnit.Encrypt$$SetSelfSalt,"void NetWorkUnit_Encrypt__SetSelfSalt (NetWorkUnit_Encrypt_o* __this, int32_t salt, const MethodInfo* method);"
12771056,NetWorkUnit.Encrypt$$SetTargetSalt,"void NetWorkUnit_Encrypt__SetTargetSalt (NetWorkUnit_Encrypt_o* __this, int32_t salt, const MethodInfo* method);"
12771096,NetWorkUnit.Encrypt$$GenSalt,"int32_t NetWorkUnit_Encrypt__GenSalt (NetWorkUnit_Encrypt_o* __this, const MethodInfo* method);"
12771240,NetWorkUnit.Encrypt$$GenKey,"void NetWorkUnit_Encrypt__GenKey (NetWorkUnit_Encrypt_o* __this, const MethodInfo* method);"
12771396,NetWorkUnit.Encrypt$$GetSelfSalt,"int32_t NetWorkUnit_Encrypt__GetSelfSalt (NetWorkUnit_Encrypt_o* __this, const MethodInfo* method);"
12771404,NetWorkUnit.Encrypt$$Encode,"bool NetWorkUnit_Encrypt__Encode (NetWorkUnit_Encrypt_o* __this, System_Byte_array* pInBuff, int32_t len, System_Byte_array** pOutBuff, const MethodInfo* method);"
12771568,NetWorkUnit.Encrypt$$EncodeRange,"bool NetWorkUnit_Encrypt__EncodeRange (NetWorkUnit_Encrypt_o* __this, System_Byte_array* pInBuff, int32_t start, int32_t len, System_Byte_array** pOutBuff, const MethodInfo* method);"
12771736,NetWorkUnit.Encrypt$$Decode,"bool NetWorkUnit_Encrypt__Decode (NetWorkUnit_Encrypt_o* __this, System_Byte_array* pInBuff, int32_t len, System_Byte_array** pOutBuff, const MethodInfo* method);"
12771744,NetWorkUnit.Encrypt$$IsKeyCrcCorrect,"bool NetWorkUnit_Encrypt__IsKeyCrcCorrect (NetWorkUnit_Encrypt_o* __this, uint16_t nKeyCRC, const MethodInfo* method);"
12771784,NetWorkUnit.Encrypt$$GetKeyCRC,"uint32_t NetWorkUnit_Encrypt__GetKeyCRC (NetWorkUnit_Encrypt_o* __this, const MethodInfo* method);"
12771812,NetWorkUnit.Encrypt$$CRC16,"uint16_t NetWorkUnit_Encrypt__CRC16 (System_Byte_array* lpBuffer, int32_t len, const MethodInfo* method);"
12771916,NetWorkUnit.Utils$$CRC16Calc,"uint32_t NetWorkUnit_Utils__CRC16Calc (System_Byte_array* pucData, int32_t nBytes, const MethodInfo* method);"
12772324,NetWorkUnit.Encrypt$$CRC16Range,"uint16_t NetWorkUnit_Encrypt__CRC16Range (System_Byte_array* lpBuffer, int32_t start, int32_t len, const MethodInfo* method);"
12772436,NetWorkUnit.Utils$$CRC16CalcRange,"uint32_t NetWorkUnit_Utils__CRC16CalcRange (System_Byte_array* pucData, int32_t start, int32_t nBytes, const MethodInfo* method);"
12772852,NetWorkUnit.Encrypt$$GetKey,"int32_t NetWorkUnit_Encrypt__GetKey (NetWorkUnit_Encrypt_o* __this, const MethodInfo* method);"
12772860,NetWorkUnit.Utils$$ConvertDateTimeInt,"int32_t NetWorkUnit_Utils__ConvertDateTimeInt (System_DateTime_o time, const MethodInfo* method);"
12773132,NetWorkUnit.Utils$$Wrand,"int32_t NetWorkUnit_Utils__Wrand (int32_t max, const MethodInfo* method);"
12773224,NetWorkUnit.FastBitConverter$$WriteLittleEndian,"void NetWorkUnit_FastBitConverter__WriteLittleEndian (System_Byte_array* buffer, int32_t offset, uint64_t data, const MethodInfo* method);"
12773464,NetWorkUnit.FastBitConverter$$WriteLittleEndian,"void NetWorkUnit_FastBitConverter__WriteLittleEndian (System_Byte_array* buffer, int32_t offset, int32_t data, const MethodInfo* method);"
12773592,NetWorkUnit.FastBitConverter$$WriteLittleEndian,"void NetWorkUnit_FastBitConverter__WriteLittleEndian (System_Byte_array* buffer, int32_t offset, int16_t data, const MethodInfo* method);"
12773664,NetWorkUnit.FastBitConverter$$GetBytes,"void NetWorkUnit_FastBitConverter__GetBytes (System_Byte_array* bytes, int32_t startIndex, int16_t value, const MethodInfo* method);"
12773800,NetWorkUnit.FastBitConverter$$WriteLittleEndianUnsafe,"void NetWorkUnit_FastBitConverter__WriteLittleEndianUnsafe (System_Byte_array* buffer, int32_t offset, int16_t value, const MethodInfo* method);"
12773844,NetWorkUnit.FastBitConverter$$GetBytes,"void NetWorkUnit_FastBitConverter__GetBytes (System_Byte_array* bytes, int32_t startIndex, uint16_t value, const MethodInfo* method);"
12773980,NetWorkUnit.FastBitConverter$$GetBytes,"void NetWorkUnit_FastBitConverter__GetBytes (System_Byte_array* bytes, int32_t startIndex, int32_t value, const MethodInfo* method);"
12774116,NetWorkUnit.FastBitConverter$$WriteLittleEndianUnsafe,"void NetWorkUnit_FastBitConverter__WriteLittleEndianUnsafe (System_Byte_array* buffer, int32_t offset, int32_t value, const MethodInfo* method);"
12774160,NetWorkUnit.FastBitConverter$$GetBytes,"void NetWorkUnit_FastBitConverter__GetBytes (System_Byte_array* bytes, int32_t startIndex, uint32_t value, const MethodInfo* method);"
12774296,NetWorkUnit.FastBitConverter$$GetBytes,"void NetWorkUnit_FastBitConverter__GetBytes (System_Byte_array* bytes, int32_t startIndex, int64_t value, const MethodInfo* method);"
12774432,NetWorkUnit.FastBitConverter$$WriteLittleEndianUnsafe,"void NetWorkUnit_FastBitConverter__WriteLittleEndianUnsafe (System_Byte_array* buffer, int32_t offset, int64_t value, const MethodInfo* method);"
12774476,NetWorkUnit.FastBitConverter$$GetBytes,"void NetWorkUnit_FastBitConverter__GetBytes (System_Byte_array* bytes, int32_t startIndex, uint64_t value, const MethodInfo* method);"
12774612,NetWorkUnit.FastBitConverter$$WriteBigEndianUnsafe,"void NetWorkUnit_FastBitConverter__WriteBigEndianUnsafe (System_Byte_array* buffer, int32_t offset, int64_t value, const MethodInfo* method);"
12774660,NetWorkUnit.FastBitConverter$$WriteBigEndianUnsafe,"void NetWorkUnit_FastBitConverter__WriteBigEndianUnsafe (System_Byte_array* buffer, int32_t offset, int32_t value, const MethodInfo* method);"
12774708,NetWorkUnit.FastBitConverter$$WriteBigEndianUnsafe,"void NetWorkUnit_FastBitConverter__WriteBigEndianUnsafe (System_Byte_array* buffer, int32_t offset, int16_t value, const MethodInfo* method);"
12774760,NetWorkUnit.FastBitConverter$$Copy,"void NetWorkUnit_FastBitConverter__Copy (System_Byte_array* source, int32_t sourceOffset, System_Byte_array* target, int32_t targetOffset, int32_t count, const MethodInfo* method);"
12775164,NetWorkUnit.FastBitConverter$$MemoryCopy,"void NetWorkUnit_FastBitConverter__MemoryCopy (System_Byte_array* source, int32_t sourceOffset, System_Byte_array* target, int32_t targetOffset, int32_t count, const MethodInfo* method);"
12775356,NetWorkUnit.FastBitConverter$$WriteBigEndian,"void NetWorkUnit_FastBitConverter__WriteBigEndian (System_Byte_array* buffer, int32_t offset, int16_t data, const MethodInfo* method);"
12775428,NetWorkUnit.FastBitConverter$$WriteBigEndian,"void NetWorkUnit_FastBitConverter__WriteBigEndian (System_Byte_array* buffer, int32_t offset, uint16_t data, const MethodInfo* method);"
12775500,NetWorkUnit.FastBitConverter$$UnitTest,void NetWorkUnit_FastBitConverter__UnitTest (const MethodInfo* method);
12778552,NetWorkUnit.FastBitConverter$$TestWriteBigEndianShort,void NetWorkUnit_FastBitConverter__TestWriteBigEndianShort (const MethodInfo* method);
12779360,NetWorkUnit.FastBitConverter$$TestCopy,void NetWorkUnit_FastBitConverter__TestCopy (const MethodInfo* method);
12780212,NetWorkUnit.NetBitStream$$get_IsValid,"bool NetWorkUnit_NetBitStream__get_IsValid (NetWorkUnit_NetBitStream_o* __this, const MethodInfo* method);"
12780220,NetWorkUnit.NetBitStream$$get_BYTES,"System_Byte_array* NetWorkUnit_NetBitStream__get_BYTES (NetWorkUnit_NetBitStream_o* __this, const MethodInfo* method);"
12780228,NetWorkUnit.NetBitStream$$get_BytePtr,"int32_t NetWorkUnit_NetBitStream__get_BytePtr (NetWorkUnit_NetBitStream_o* __this, const MethodInfo* method);"
12780240,NetWorkUnit.NetBitStream$$get_DataLength,"int32_t NetWorkUnit_NetBitStream__get_DataLength (NetWorkUnit_NetBitStream_o* __this, const MethodInfo* method);"
12780248,NetWorkUnit.NetBitStream$$get_PackageLength,"int32_t NetWorkUnit_NetBitStream__get_PackageLength (NetWorkUnit_NetBitStream_o* __this, const MethodInfo* method);"
12780260,NetWorkUnit.NetBitStream$$get_TellSize,"int32_t NetWorkUnit_NetBitStream__get_TellSize (NetWorkUnit_NetBitStream_o* __this, const MethodInfo* method);"
12780272,NetWorkUnit.NetBitStream$$ReadAll,"bool NetWorkUnit_NetBitStream__ReadAll (NetWorkUnit_NetBitStream_o* __this, const MethodInfo* method);"
12780312,NetWorkUnit.NetBitStream$$get_ByteLength,"int32_t NetWorkUnit_NetBitStream__get_ByteLength (NetWorkUnit_NetBitStream_o* __this, const MethodInfo* method);"
12780340,NetWorkUnit.NetBitStream$$AdvanceWriteOffset,"void NetWorkUnit_NetBitStream__AdvanceWriteOffset (NetWorkUnit_NetBitStream_o* __this, int32_t offset, const MethodInfo* method);"
12780356,NetWorkUnit.NetBitStream$$AdvanceReadOffset,"void NetWorkUnit_NetBitStream__AdvanceReadOffset (NetWorkUnit_NetBitStream_o* __this, int32_t offset, const MethodInfo* method);"
12780372,NetWorkUnit.NetBitStream$$InitBuffer,"void NetWorkUnit_NetBitStream__InitBuffer (NetWorkUnit_NetBitStream_o* __this, const MethodInfo* method);"
12780456,NetWorkUnit.NetBitStream$$Reset,"void NetWorkUnit_NetBitStream__Reset (NetWorkUnit_NetBitStream_o* __this, const MethodInfo* method);"
12780508,NetWorkUnit.NetBitStream$$.ctor,"void NetWorkUnit_NetBitStream___ctor (NetWorkUnit_NetBitStream_o* __this, const MethodInfo* method);"
12780544,NetWorkUnit.NetBitStream$$Seek,"void NetWorkUnit_NetBitStream__Seek (NetWorkUnit_NetBitStream_o* __this, int32_t where, int32_t offset, const MethodInfo* method);"
12780720,NetWorkUnit.NetBitStream$$Tell,"int32_t NetWorkUnit_NetBitStream__Tell (NetWorkUnit_NetBitStream_o* __this, const MethodInfo* method);"
12780732,NetWorkUnit.NetBitStream$$WriteUShortInHead,"void NetWorkUnit_NetBitStream__WriteUShortInHead (NetWorkUnit_NetBitStream_o* __this, uint16_t number, int32_t index, const MethodInfo* method);"
12780752,NetWorkUnit.NetBitStream$$WriteIntInHead,"void NetWorkUnit_NetBitStream__WriteIntInHead (NetWorkUnit_NetBitStream_o* __this, int32_t number, int32_t index, const MethodInfo* method);"
12780772,NetWorkUnit.NetBitStream$$WriteSByte,"void NetWorkUnit_NetBitStream__WriteSByte (NetWorkUnit_NetBitStream_o* __this, int8_t bt, const MethodInfo* method);"
12780776,NetWorkUnit.NetBitStream$$WriteByte,"void NetWorkUnit_NetBitStream__WriteByte (NetWorkUnit_NetBitStream_o* __this, uint8_t bt, const MethodInfo* method);"
12780896,NetWorkUnit.NetBitStream$$WriteBool,"void NetWorkUnit_NetBitStream__WriteBool (NetWorkUnit_NetBitStream_o* __this, bool flag, const MethodInfo* method);"
12781020,NetWorkUnit.NetBitStream$$WriteInt,"void NetWorkUnit_NetBitStream__WriteInt (NetWorkUnit_NetBitStream_o* __this, int32_t number, const MethodInfo* method);"
12781124,NetWorkUnit.NetBitStream$$WriteUInt,"void NetWorkUnit_NetBitStream__WriteUInt (NetWorkUnit_NetBitStream_o* __this, uint32_t number, const MethodInfo* method);"
12781228,NetWorkUnit.NetBitStream$$WriteInt64,"void NetWorkUnit_NetBitStream__WriteInt64 (NetWorkUnit_NetBitStream_o* __this, System_String_o* number, const MethodInfo* method);"
12781344,NetWorkUnit.NetBitStream$$WriteInt64,"void NetWorkUnit_NetBitStream__WriteInt64 (NetWorkUnit_NetBitStream_o* __this, int64_t number, const MethodInfo* method);"
12781448,NetWorkUnit.NetBitStream$$WriteUInt64,"void NetWorkUnit_NetBitStream__WriteUInt64 (NetWorkUnit_NetBitStream_o* __this, System_String_o* number, const MethodInfo* method);"
12781564,NetWorkUnit.NetBitStream$$WriteUInt64,"void NetWorkUnit_NetBitStream__WriteUInt64 (NetWorkUnit_NetBitStream_o* __this, uint64_t number, const MethodInfo* method);"
12781668,NetWorkUnit.NetBitStream$$WriteShort,"void NetWorkUnit_NetBitStream__WriteShort (NetWorkUnit_NetBitStream_o* __this, int16_t number, const MethodInfo* method);"
12781772,NetWorkUnit.NetBitStream$$WriteUShort,"void NetWorkUnit_NetBitStream__WriteUShort (NetWorkUnit_NetBitStream_o* __this, uint16_t number, const MethodInfo* method);"
12781876,NetWorkUnit.NetBitStream$$WriteFloat,"void NetWorkUnit_NetBitStream__WriteFloat (NetWorkUnit_NetBitStream_o* __this, float number, const MethodInfo* method);"
12781940,NetWorkUnit.NetBitStream$$WriteString,"void NetWorkUnit_NetBitStream__WriteString (NetWorkUnit_NetBitStream_o* __this, System_String_o* str, const MethodInfo* method);"
12782240,NetWorkUnit.NetBitStream$$ReadSByte,"int8_t NetWorkUnit_NetBitStream__ReadSByte (NetWorkUnit_NetBitStream_o* __this, const MethodInfo* method);"
12782344,NetWorkUnit.NetBitStream$$ReadAssert,"void NetWorkUnit_NetBitStream__ReadAssert (NetWorkUnit_NetBitStream_o* __this, int32_t readLen, const MethodInfo* method);"
12782356,NetWorkUnit.NetBitStream$$ReadByte,"uint8_t NetWorkUnit_NetBitStream__ReadByte (NetWorkUnit_NetBitStream_o* __this, const MethodInfo* method);"
12782460,NetWorkUnit.NetBitStream$$ReadBool,"bool NetWorkUnit_NetBitStream__ReadBool (NetWorkUnit_NetBitStream_o* __this, const MethodInfo* method);"
12782572,NetWorkUnit.NetBitStream$$ReadInt,"int32_t NetWorkUnit_NetBitStream__ReadInt (NetWorkUnit_NetBitStream_o* __this, const MethodInfo* method);"
12782728,NetWorkUnit.NetBitStream$$ReadUInt,"uint32_t NetWorkUnit_NetBitStream__ReadUInt (NetWorkUnit_NetBitStream_o* __this, const MethodInfo* method);"
12782884,NetWorkUnit.NetBitStream$$ReadShort,"int16_t NetWorkUnit_NetBitStream__ReadShort (NetWorkUnit_NetBitStream_o* __this, const MethodInfo* method);"
12783040,NetWorkUnit.NetBitStream$$ReadUShort,"uint16_t NetWorkUnit_NetBitStream__ReadUShort (NetWorkUnit_NetBitStream_o* __this, const MethodInfo* method);"
12783196,NetWorkUnit.NetBitStream$$ReadFloat,"float NetWorkUnit_NetBitStream__ReadFloat (NetWorkUnit_NetBitStream_o* __this, const MethodInfo* method);"
12783352,NetWorkUnit.NetBitStream$$ReadInt64,"int64_t NetWorkUnit_NetBitStream__ReadInt64 (NetWorkUnit_NetBitStream_o* __this, const MethodInfo* method);"
12783508,NetWorkUnit.NetBitStream$$ReadUInt64,"uint64_t NetWorkUnit_NetBitStream__ReadUInt64 (NetWorkUnit_NetBitStream_o* __this, const MethodInfo* method);"
12783664,NetWorkUnit.NetBitStream$$ReadInt64AsString,"System_String_o* NetWorkUnit_NetBitStream__ReadInt64AsString (NetWorkUnit_NetBitStream_o* __this, const MethodInfo* method);"
12783872,NetWorkUnit.NetBitStream$$ReadUInt64AsString,"System_String_o* NetWorkUnit_NetBitStream__ReadUInt64AsString (NetWorkUnit_NetBitStream_o* __this, const MethodInfo* method);"
12784080,NetWorkUnit.NetBitStream$$ReadString,"System_String_o* NetWorkUnit_NetBitStream__ReadString (NetWorkUnit_NetBitStream_o* __this, const MethodInfo* method);"
12784300,NetWorkUnit.NetBitStream$$CopyBytes,"void NetWorkUnit_NetBitStream__CopyBytes (NetWorkUnit_NetBitStream_o* __this, System_Byte_array* bs, const MethodInfo* method);"
12784432,NetWorkUnit.NetBitStream$$CanWrite,"bool NetWorkUnit_NetBitStream__CanWrite (NetWorkUnit_NetBitStream_o* __this, int32_t writeLen, const MethodInfo* method);"
12784636,NetWorkUnit.NetBitStream$$ReadAssert_Impl,"void NetWorkUnit_NetBitStream__ReadAssert_Impl (NetWorkUnit_NetBitStream_o* __this, int32_t readLen, const MethodInfo* method);"
12784916,NetWorkUnit.NetBitStream$$_EnlargeDataSize,"bool NetWorkUnit_NetBitStream___EnlargeDataSize (NetWorkUnit_NetBitStream_o* __this, int32_t needSize, const MethodInfo* method);"
12785160,NetWorkUnit.NetCallBackManager$$get_Instance,NetWorkUnit_NetCallBackManager_o* NetWorkUnit_NetCallBackManager__get_Instance (const MethodInfo* method);
12785288,NetWorkUnit.NetCallBackManager$$.ctor,"void NetWorkUnit_NetCallBackManager___ctor (NetWorkUnit_NetCallBackManager_o* __this, const MethodInfo* method);"
12785296,NetWorkUnit.NetPacket$$get_SysId,"uint8_t NetWorkUnit_NetPacket__get_SysId (NetWorkUnit_NetPacket_o* __this, const MethodInfo* method);"
12785304,NetWorkUnit.NetPacket$$set_SysId,"void NetWorkUnit_NetPacket__set_SysId (NetWorkUnit_NetPacket_o* __this, uint8_t value, const MethodInfo* method);"
12785312,NetWorkUnit.NetPacket$$get_MsgId,"uint8_t NetWorkUnit_NetPacket__get_MsgId (NetWorkUnit_NetPacket_o* __this, const MethodInfo* method);"
12785320,NetWorkUnit.NetPacket$$set_MsgId,"void NetWorkUnit_NetPacket__set_MsgId (NetWorkUnit_NetPacket_o* __this, uint8_t value, const MethodInfo* method);"
12785328,NetWorkUnit.NetPacket$$get_PackSeries,"int32_t NetWorkUnit_NetPacket__get_PackSeries (NetWorkUnit_NetPacket_o* __this, const MethodInfo* method);"
12785336,NetWorkUnit.NetPacket$$set_PackSeries,"void NetWorkUnit_NetPacket__set_PackSeries (NetWorkUnit_NetPacket_o* __this, int32_t value, const MethodInfo* method);"
12785344,NetWorkUnit.NetPacket$$get_Operation,"uint16_t NetWorkUnit_NetPacket__get_Operation (NetWorkUnit_NetPacket_o* __this, const MethodInfo* method);"
12785352,NetWorkUnit.NetPacket$$set_Operation,"void NetWorkUnit_NetPacket__set_Operation (NetWorkUnit_NetPacket_o* __this, uint16_t value, const MethodInfo* method);"
12785360,NetWorkUnit.NetPacket$$get_connectionID,"uint32_t NetWorkUnit_NetPacket__get_connectionID (NetWorkUnit_NetPacket_o* __this, const MethodInfo* method);"
12785368,NetWorkUnit.NetPacket$$set_connectionID,"void NetWorkUnit_NetPacket__set_connectionID (NetWorkUnit_NetPacket_o* __this, uint32_t value, const MethodInfo* method);"
12785376,NetWorkUnit.NetPacket$$get_socket,"System_Net_Sockets_Socket_o* NetWorkUnit_NetPacket__get_socket (NetWorkUnit_NetPacket_o* __this, const MethodInfo* method);"
12785384,NetWorkUnit.NetPacket$$set_socket,"void NetWorkUnit_NetPacket__set_socket (NetWorkUnit_NetPacket_o* __this, System_Net_Sockets_Socket_o* value, const MethodInfo* method);"
12785392,NetWorkUnit.NetPacket$$.ctor,"void NetWorkUnit_NetPacket___ctor (NetWorkUnit_NetPacket_o* __this, const MethodInfo* method);"
12785444,NetWorkUnit.NetPacket$$InitWrite,"void NetWorkUnit_NetPacket__InitWrite (NetWorkUnit_NetPacket_o* __this, uint8_t sysId, uint8_t msgId, int32_t packSeries, const MethodInfo* method);"
12785524,NetWorkUnit.NetPacket$$_BeginWrite,"void NetWorkUnit_NetPacket___BeginWrite (NetWorkUnit_NetPacket_o* __this, uint8_t sysId, uint8_t msgId, const MethodInfo* method);"
12785564,NetWorkUnit.NetPacket$$Reset,"void NetWorkUnit_NetPacket__Reset (NetWorkUnit_NetPacket_o* __this, const MethodInfo* method);"
12785580,NetWorkUnit.NetPacket$$GetData,"System_Byte_array* NetWorkUnit_NetPacket__GetData (NetWorkUnit_NetPacket_o* __this, const MethodInfo* method);"
12785588,NetWorkUnit.NetPacket$$GetSendData,"System_Byte_array* NetWorkUnit_NetPacket__GetSendData (NetWorkUnit_NetPacket_o* __this, const MethodInfo* method);"
12785808,NetWorkUnit.NetPacket$$Packet,"void NetWorkUnit_NetPacket__Packet (NetWorkUnit_NetPacket_o* __this, NetWorkUnit_Encrypt_o* encrypt, const MethodInfo* method);"
12785984,NetWorkUnit.NetPacket$$UnPacket,"void NetWorkUnit_NetPacket__UnPacket (NetWorkUnit_NetPacket_o* __this, System_Byte_array* buff, int32_t startIndex, int32_t pack_size, int32_t data_len, const MethodInfo* method);"
12786044,NetWorkUnit.NetPacket$$CopyFrom,"void NetWorkUnit_NetPacket__CopyFrom (NetWorkUnit_NetPacket_o* __this, System_Byte_array* buff, int32_t startIndex, int32_t dataLen, const MethodInfo* method);"
12786256,NetWorkUnit.NetPacket$$_GetSysId,"uint8_t NetWorkUnit_NetPacket___GetSysId (NetWorkUnit_NetPacket_o* __this, const MethodInfo* method);"
12786260,NetWorkUnit.NetPacket$$_GetMsgId,"uint8_t NetWorkUnit_NetPacket___GetMsgId (NetWorkUnit_NetPacket_o* __this, const MethodInfo* method);"
12786264,NetWorkUnit.NetPacket$$Unwind,"void NetWorkUnit_NetPacket__Unwind (NetWorkUnit_NetPacket_o* __this, const MethodInfo* method);"
12786316,NetWorkUnit.NetPacket$$ReadAssert_Impl,"void NetWorkUnit_NetPacket__ReadAssert_Impl (NetWorkUnit_NetPacket_o* __this, int32_t readLen, const MethodInfo* method);"
12786928,NetWorkUnit.NetPacket$$SetBuffer,"void NetWorkUnit_NetPacket__SetBuffer (NetWorkUnit_NetPacket_o* __this, System_Byte_array* bts, int32_t start_index, int32_t size, const MethodInfo* method);"
12786936,NetWorkUnit.NetPoolManager$$get_SendPacketSize,"int32_t NetWorkUnit_NetPoolManager__get_SendPacketSize (NetWorkUnit_NetPoolManager_o* __this, const MethodInfo* method);"
12787008,NetWorkUnit.NetPoolManager$$get_RecvPacketSize,"int32_t NetWorkUnit_NetPoolManager__get_RecvPacketSize (NetWorkUnit_NetPoolManager_o* __this, const MethodInfo* method);"
12787084,NetWorkUnit.NetPoolManager$$get_PacketPoolSize,"int32_t NetWorkUnit_NetPoolManager__get_PacketPoolSize (NetWorkUnit_NetPoolManager_o* __this, const MethodInfo* method);"
12787156,NetWorkUnit.NetPoolManager$$AllocRecvQueue,"void NetWorkUnit_NetPoolManager__AllocRecvQueue (NetWorkUnit_NetPoolManager_o* __this, const MethodInfo* method);"
12787272,NetWorkUnit.NetPoolManager$$AddSendPacket,"void NetWorkUnit_NetPoolManager__AddSendPacket (NetWorkUnit_NetPoolManager_o* __this, NetWorkUnit_NetPacket_o* packet, const MethodInfo* method);"
12787584,NetWorkUnit.NetPoolManager$$GetSendPacket,"NetWorkUnit_NetPacket_o* NetWorkUnit_NetPoolManager__GetSendPacket (NetWorkUnit_NetPoolManager_o* __this, const MethodInfo* method);"
12787924,NetWorkUnit.NetPoolManager$$AddRecvPacket,"void NetWorkUnit_NetPoolManager__AddRecvPacket (NetWorkUnit_NetPoolManager_o* __this, NetWorkUnit_NetPacket_o* packet, int32_t index, const MethodInfo* method);"
12788236,NetWorkUnit.NetPoolManager$$GetRecvPacket,"NetWorkUnit_NetPacket_o* NetWorkUnit_NetPoolManager__GetRecvPacket (NetWorkUnit_NetPoolManager_o* __this, int32_t index, const MethodInfo* method);"
12788812,NetWorkUnit.NetPoolManager$$OnRelease,"void NetWorkUnit_NetPoolManager__OnRelease (NetWorkUnit_NetPoolManager_o* __this, const MethodInfo* method);"
12789128,NetWorkUnit.NetPoolManager$$OnDisconnect,"void NetWorkUnit_NetPoolManager__OnDisconnect (NetWorkUnit_NetPoolManager_o* __this, const MethodInfo* method);"
12789444,NetWorkUnit.NetPoolManager$$GetNetPacket,"NetWorkUnit_NetPacket_o* NetWorkUnit_NetPoolManager__GetNetPacket (NetWorkUnit_NetPoolManager_o* __this, const MethodInfo* method);"
12789868,NetWorkUnit.NetPoolManager$$GetNetPacket,"NetWorkUnit_NetPacket_o* NetWorkUnit_NetPoolManager__GetNetPacket (NetWorkUnit_NetPoolManager_o* __this, uint8_t sysId, uint8_t msgId, int32_t packSeries, const MethodInfo* method);"
12789944,NetWorkUnit.NetPoolManager$$RecycleNetPacket,"void NetWorkUnit_NetPoolManager__RecycleNetPacket (NetWorkUnit_NetPoolManager_o* __this, NetWorkUnit_NetPacket_o* packet, const MethodInfo* method);"
12790300,NetWorkUnit.NetPoolManager$$.ctor,"void NetWorkUnit_NetPoolManager___ctor (NetWorkUnit_NetPoolManager_o* __this, const MethodInfo* method);"
12790508,NetWorkUnit.NetPoolManager$$.cctor,void NetWorkUnit_NetPoolManager___cctor (const MethodInfo* method);
12790628,NetWorkUnit.OnError$$.ctor,"void NetWorkUnit_OnError___ctor (NetWorkUnit_OnError_o* __this, Il2CppObject* object, intptr_t method, const MethodInfo* method);"
12790824,NetWorkUnit.OnError$$Invoke,"void NetWorkUnit_OnError__Invoke (NetWorkUnit_OnError_o* __this, int32_t ret, int32_t errorcode, System_String_o* errormsg, uint32_t id, const MethodInfo* method);"
12790844,NetWorkUnit.OnError$$BeginInvoke,"System_IAsyncResult_o* NetWorkUnit_OnError__BeginInvoke (NetWorkUnit_OnError_o* __this, int32_t ret, int32_t errorcode, System_String_o* errormsg, uint32_t id, System_AsyncCallback_o* callback, Il2CppObject* object, const MethodInfo* method);"
12791080,NetWorkUnit.OnError$$EndInvoke,"void NetWorkUnit_OnError__EndInvoke (NetWorkUnit_OnError_o* __this, System_IAsyncResult_o* result, const MethodInfo* method);"
12791092,NetWorkUnit.OnConnected$$.ctor,"void NetWorkUnit_OnConnected___ctor (NetWorkUnit_OnConnected_o* __this, Il2CppObject* object, intptr_t method, const MethodInfo* method);"
12791288,NetWorkUnit.OnConnected$$Invoke,"void NetWorkUnit_OnConnected__Invoke (NetWorkUnit_OnConnected_o* __this, uint32_t id, const MethodInfo* method);"
12791308,NetWorkUnit.OnConnected$$BeginInvoke,"System_IAsyncResult_o* NetWorkUnit_OnConnected__BeginInvoke (NetWorkUnit_OnConnected_o* __this, uint32_t id, System_AsyncCallback_o* callback, Il2CppObject* object, const MethodInfo* method);"
12791440,NetWorkUnit.OnConnected$$EndInvoke,"void NetWorkUnit_OnConnected__EndInvoke (NetWorkUnit_OnConnected_o* __this, System_IAsyncResult_o* result, const MethodInfo* method);"
12791452,NetWorkUnit.OnCommunicated$$.ctor,"void NetWorkUnit_OnCommunicated___ctor (NetWorkUnit_OnCommunicated_o* __this, Il2CppObject* object, intptr_t method, const MethodInfo* method);"
12791648,NetWorkUnit.OnCommunicated$$Invoke,"void NetWorkUnit_OnCommunicated__Invoke (NetWorkUnit_OnCommunicated_o* __this, uint32_t id, const MethodInfo* method);"
12791668,NetWorkUnit.OnCommunicated$$BeginInvoke,"System_IAsyncResult_o* NetWorkUnit_OnCommunicated__BeginInvoke (NetWorkUnit_OnCommunicated_o* __this, uint32_t id, System_AsyncCallback_o* callback, Il2CppObject* object, const MethodInfo* method);"
12791800,NetWorkUnit.OnCommunicated$$EndInvoke,"void NetWorkUnit_OnCommunicated__EndInvoke (NetWorkUnit_OnCommunicated_o* __this, System_IAsyncResult_o* result, const MethodInfo* method);"
12791812,NetWorkUnit.OnDisconnect$$.ctor,"void NetWorkUnit_OnDisconnect___ctor (NetWorkUnit_OnDisconnect_o* __this, Il2CppObject* object, intptr_t method, const MethodInfo* method);"
12792000,NetWorkUnit.OnDisconnect$$Invoke,"void NetWorkUnit_OnDisconnect__Invoke (NetWorkUnit_OnDisconnect_o* __this, const MethodInfo* method);"
12792020,NetWorkUnit.OnDisconnect$$BeginInvoke,"System_IAsyncResult_o* NetWorkUnit_OnDisconnect__BeginInvoke (NetWorkUnit_OnDisconnect_o* __this, System_AsyncCallback_o* callback, Il2CppObject* object, const MethodInfo* method);"
12792052,NetWorkUnit.OnDisconnect$$EndInvoke,"void NetWorkUnit_OnDisconnect__EndInvoke (NetWorkUnit_OnDisconnect_o* __this, System_IAsyncResult_o* result, const MethodInfo* method);"
12792064,NetWorkUnit.NetErrorEvent$$.ctor,"void NetWorkUnit_NetErrorEvent___ctor (NetWorkUnit_NetErrorEvent_o __this, int32_t ret, int32_t code, System_String_o* msg, uint32_t id, const MethodInfo* method);"
12792080,NetWorkUnit.NetTCP$$get_OnConnectedCallback,"NetWorkUnit_OnConnected_o* NetWorkUnit_NetTCP__get_OnConnectedCallback (NetWorkUnit_NetTCP_o* __this, const MethodInfo* method);"
12792088,NetWorkUnit.NetTCP$$set_OnConnectedCallback,"void NetWorkUnit_NetTCP__set_OnConnectedCallback (NetWorkUnit_NetTCP_o* __this, NetWorkUnit_OnConnected_o* value, const MethodInfo* method);"
12792096,NetWorkUnit.NetTCP$$get_OnCommunicatedCallback,"NetWorkUnit_OnCommunicated_o* NetWorkUnit_NetTCP__get_OnCommunicatedCallback (NetWorkUnit_NetTCP_o* __this, const MethodInfo* method);"
12792104,NetWorkUnit.NetTCP$$set_OnCommunicatedCallback,"void NetWorkUnit_NetTCP__set_OnCommunicatedCallback (NetWorkUnit_NetTCP_o* __this, NetWorkUnit_OnCommunicated_o* value, const MethodInfo* method);"
12792112,NetWorkUnit.NetTCP$$get_OnDisconnectCallback,"NetWorkUnit_OnDisconnect_o* NetWorkUnit_NetTCP__get_OnDisconnectCallback (NetWorkUnit_NetTCP_o* __this, const MethodInfo* method);"
12792120,NetWorkUnit.NetTCP$$set_OnDisconnectCallback,"void NetWorkUnit_NetTCP__set_OnDisconnectCallback (NetWorkUnit_NetTCP_o* __this, NetWorkUnit_OnDisconnect_o* value, const MethodInfo* method);"
12792128,NetWorkUnit.NetTCP$$get_RecycleNetPacketHandler,"NetWorkUnit_NetTCP_RecycleNetPacketDelegate_o* NetWorkUnit_NetTCP__get_RecycleNetPacketHandler (NetWorkUnit_NetTCP_o* __this, const MethodInfo* method);"
12792136,NetWorkUnit.NetTCP$$set_RecycleNetPacketHandler,"void NetWorkUnit_NetTCP__set_RecycleNetPacketHandler (NetWorkUnit_NetTCP_o* __this, NetWorkUnit_NetTCP_RecycleNetPacketDelegate_o* value, const MethodInfo* method);"
12792144,NetWorkUnit.NetTCP$$get_OnErrorCallback,"NetWorkUnit_OnError_o* NetWorkUnit_NetTCP__get_OnErrorCallback (NetWorkUnit_NetTCP_o* __this, const MethodInfo* method);"
12792152,NetWorkUnit.NetTCP$$set_OnErrorCallback,"void NetWorkUnit_NetTCP__set_OnErrorCallback (NetWorkUnit_NetTCP_o* __this, NetWorkUnit_OnError_o* value, const MethodInfo* method);"
12792160,NetWorkUnit.NetTCP$$get_LogPacket,NetWorkUnit_NetTCP_LogPacketDelegate_o* NetWorkUnit_NetTCP__get_LogPacket (const MethodInfo* method);
12792248,NetWorkUnit.NetTCP$$set_LogPacket,"void NetWorkUnit_NetTCP__set_LogPacket (NetWorkUnit_NetTCP_LogPacketDelegate_o* value, const MethodInfo* method);"
12792340,NetWorkUnit.NetTCP$$get_Address,"System_String_o* NetWorkUnit_NetTCP__get_Address (NetWorkUnit_NetTCP_o* __this, const MethodInfo* method);"
12792348,NetWorkUnit.NetTCP$$set_Address,"void NetWorkUnit_NetTCP__set_Address (NetWorkUnit_NetTCP_o* __this, System_String_o* value, const MethodInfo* method);"
12792356,NetWorkUnit.NetTCP$$get_Port,"int32_t NetWorkUnit_NetTCP__get_Port (NetWorkUnit_NetTCP_o* __this, const MethodInfo* method);"
12792364,NetWorkUnit.NetTCP$$set_Port,"void NetWorkUnit_NetTCP__set_Port (NetWorkUnit_NetTCP_o* __this, int32_t value, const MethodInfo* method);"
12792372,NetWorkUnit.NetTCP$$get_Encoder,"NetWorkUnit_Encrypt_o* NetWorkUnit_NetTCP__get_Encoder (NetWorkUnit_NetTCP_o* __this, const MethodInfo* method);"
12792380,NetWorkUnit.NetTCP$$set_Encoder,"void NetWorkUnit_NetTCP__set_Encoder (NetWorkUnit_NetTCP_o* __this, NetWorkUnit_Encrypt_o* value, const MethodInfo* method);"
12792388,NetWorkUnit.NetTCP$$get_StringKeyForConnection,"System_String_o* NetWorkUnit_NetTCP__get_StringKeyForConnection (NetWorkUnit_NetTCP_o* __this, const MethodInfo* method);"
12792396,NetWorkUnit.NetTCP$$set_StringKeyForConnection,"void NetWorkUnit_NetTCP__set_StringKeyForConnection (NetWorkUnit_NetTCP_o* __this, System_String_o* value, const MethodInfo* method);"
12792404,NetWorkUnit.NetTCP$$.ctor,"void NetWorkUnit_NetTCP___ctor (NetWorkUnit_NetTCP_o* __this, const MethodInfo* method);"
12792816,NetWorkUnit.NetTCP.DataBuffer$$.ctor,"void NetWorkUnit_NetTCP_DataBuffer___ctor (NetWorkUnit_NetTCP_DataBuffer_o* __this, const MethodInfo* method);"
12792904,NetWorkUnit.NetTCP$$get_Socket,"System_Net_Sockets_Socket_o* NetWorkUnit_NetTCP__get_Socket (NetWorkUnit_NetTCP_o* __this, const MethodInfo* method);"
12792912,NetWorkUnit.NetTCP$$set_Socket,"void NetWorkUnit_NetTCP__set_Socket (NetWorkUnit_NetTCP_o* __this, System_Net_Sockets_Socket_o* value, const MethodInfo* method);"
12792920,NetWorkUnit.NetTCP$$Finalize,"void NetWorkUnit_NetTCP__Finalize (NetWorkUnit_NetTCP_o* __this, const MethodInfo* method);"
12793084,NetWorkUnit.NetTCP$$SetError,"void NetWorkUnit_NetTCP__SetError (NetWorkUnit_NetTCP_o* __this, int32_t ret, int32_t code, System_String_o* msg, uint32_t id, const MethodInfo* method);"
12793112,NetWorkUnit.NetTCP$$SetConnectionID,"void NetWorkUnit_NetTCP__SetConnectionID (NetWorkUnit_NetTCP_o* __this, uint32_t id, const MethodInfo* method);"
12793120,NetWorkUnit.NetTCP$$SetErrorListener,"void NetWorkUnit_NetTCP__SetErrorListener (NetWorkUnit_NetTCP_o* __this, NetWorkUnit_OnError_o* listener, const MethodInfo* method);"
12793128,NetWorkUnit.NetTCP$$SetConnectedListener,"void NetWorkUnit_NetTCP__SetConnectedListener (NetWorkUnit_NetTCP_o* __this, NetWorkUnit_OnConnected_o* listener, const MethodInfo* method);"
12793136,NetWorkUnit.NetTCP$$SetCommunicatedListener,"void NetWorkUnit_NetTCP__SetCommunicatedListener (NetWorkUnit_NetTCP_o* __this, NetWorkUnit_OnCommunicated_o* listener, const MethodInfo* method);"
12793144,NetWorkUnit.NetTCP$$SetDisconnectListener,"void NetWorkUnit_NetTCP__SetDisconnectListener (NetWorkUnit_NetTCP_o* __this, NetWorkUnit_OnDisconnect_o* listener, const MethodInfo* method);"
12793152,NetWorkUnit.NetTCP$$GetAddress,"System_String_o* NetWorkUnit_NetTCP__GetAddress (NetWorkUnit_NetTCP_o* __this, const MethodInfo* method);"
12793160,NetWorkUnit.NetTCP$$GetPort,"int32_t NetWorkUnit_NetTCP__GetPort (NetWorkUnit_NetTCP_o* __this, const MethodInfo* method);"
12793168,NetWorkUnit.NetTCP$$Connect,"bool NetWorkUnit_NetTCP__Connect (NetWorkUnit_NetTCP_o* __this, System_String_o* address, int32_t remotePort, const MethodInfo* method);"
12794852,NetWorkUnit.NetTCP$$Disconnect,"void NetWorkUnit_NetTCP__Disconnect (NetWorkUnit_NetTCP_o* __this, const MethodInfo* method);"
12795440,NetWorkUnit.NetTCP$$ConnectionCallback,"void NetWorkUnit_NetTCP__ConnectionCallback (NetWorkUnit_NetTCP_o* __this, System_IAsyncResult_o* ar, const MethodInfo* method);"
12796244,NetWorkUnit.NetTCP$$SetSafe,"void NetWorkUnit_NetTCP__SetSafe (NetWorkUnit_NetTCP_o* __this, const MethodInfo* method);"
12796608,NetWorkUnit.NetTCP$$Receive,"void NetWorkUnit_NetTCP__Receive (NetWorkUnit_NetTCP_o* __this, const MethodInfo* method);"
12797036,NetWorkUnit.NetTCP$$SendSync_Impl,"void NetWorkUnit_NetTCP__SendSync_Impl (NetWorkUnit_NetTCP_o* __this, System_Byte_array* bts, int32_t size, NetWorkUnit_NetPacket_o* pack, const MethodInfo* method);"
12797676,NetWorkUnit.NetTCP$$ReceiveBody,"void NetWorkUnit_NetTCP__ReceiveBody (NetWorkUnit_NetTCP_o* __this, System_IAsyncResult_o* ar, const MethodInfo* method);"
12798828,NetWorkUnit.NetTCP$$RecvSalt,"int32_t NetWorkUnit_NetTCP__RecvSalt (NetWorkUnit_NetTCP_o* __this, System_Byte_array* buf, int32_t size, const MethodInfo* method);"
12799016,NetWorkUnit.NetTCP$$ProcessNetMsg,"void NetWorkUnit_NetTCP__ProcessNetMsg (NetWorkUnit_NetTCP_o* __this, int32_t readSize, const MethodInfo* method);"
12799668,NetWorkUnit.NetTCP$$ProcessNetMsg,"int32_t NetWorkUnit_NetTCP__ProcessNetMsg (NetWorkUnit_NetTCP_o* __this, System_Byte_array** buff, int32_t buff_size, NetWorkUnit_Encrypt_o* encrypt, const MethodInfo* method);"
12799980,NetWorkUnit.NetTCP$$SendKeyCrc,"void NetWorkUnit_NetTCP__SendKeyCrc (NetWorkUnit_NetTCP_o* __this, int32_t salt, const MethodInfo* method);"
12800164,NetWorkUnit.NetTCP$$SendToSrv,"bool NetWorkUnit_NetTCP__SendToSrv (NetWorkUnit_NetTCP_o* __this, NetWorkUnit_NetPacket_o* pack, const MethodInfo* method);"
12800352,NetWorkUnit.NetTCP$$SendSync,"bool NetWorkUnit_NetTCP__SendSync (NetWorkUnit_NetTCP_o* __this, NetWorkUnit_NetPacket_o* pack, const MethodInfo* method);"
12800464,NetWorkUnit.NetTCP$$SendAsync,"bool NetWorkUnit_NetTCP__SendAsync (NetWorkUnit_NetTCP_o* __this, NetWorkUnit_NetPacket_o* pack, const MethodInfo* method);"
12800568,NetWorkUnit.NetTCP$$SendQueue,"bool NetWorkUnit_NetTCP__SendQueue (NetWorkUnit_NetTCP_o* __this, NetWorkUnit_NetPacket_o* pack, const MethodInfo* method);"
12800708,NetWorkUnit.NetTCP$$SendAsync_Impl,"void NetWorkUnit_NetTCP__SendAsync_Impl (NetWorkUnit_NetTCP_o* __this, NetWorkUnit_NetPacket_o* pack, int32_t length, const MethodInfo* method);"
12801412,NetWorkUnit.NetTCP$$SendCallback,"void NetWorkUnit_NetTCP__SendCallback (NetWorkUnit_NetTCP_o* __this, System_IAsyncResult_o* ar, const MethodInfo* method);"
12802308,NetWorkUnit.NetTCP$$get_Status,"bool NetWorkUnit_NetTCP__get_Status (NetWorkUnit_NetTCP_o* __this, const MethodInfo* method);"
12802340,NetWorkUnit.NetTCP$$ReadNetPack,"int32_t NetWorkUnit_NetTCP__ReadNetPack (NetWorkUnit_NetTCP_o* __this, System_Byte_array* buff, int32_t buff_size, int32_t* startIndex, int32_t* remainIndex, NetWorkUnit_Encrypt_o* encrypt, const MethodInfo* method);"
12803324,NetWorkUnit.NetTCP$$Update,"void NetWorkUnit_NetTCP__Update (NetWorkUnit_NetTCP_o* __this, const MethodInfo* method);"
12803876,NetWorkUnit.NetTCP.DataBuffer$$Clear,"void NetWorkUnit_NetTCP_DataBuffer__Clear (NetWorkUnit_NetTCP_DataBuffer_o* __this, const MethodInfo* method);"
12803924,NetWorkUnit.NetTCP.DataBuffer$$Write,"bool NetWorkUnit_NetTCP_DataBuffer__Write (NetWorkUnit_NetTCP_DataBuffer_o* __this, System_Byte_array* data, int32_t dataLength, const MethodInfo* method);"
12804052,NetWorkUnit.NetTCP$$SendAsyncQueue_Impl,"void NetWorkUnit_NetTCP__SendAsyncQueue_Impl (NetWorkUnit_NetTCP_o* __this, System_Byte_array* data, int32_t length, const MethodInfo* method);"
12804728,NetWorkUnit.NetTCP$$SendAsyncQueueCallback,"void NetWorkUnit_NetTCP__SendAsyncQueueCallback (NetWorkUnit_NetTCP_o* __this, System_IAsyncResult_o* ar, const MethodInfo* method);"
12805272,NetWorkUnit.NetTCP$$.cctor,void NetWorkUnit_NetTCP___cctor (const MethodInfo* method);
12805380,NetWorkUnit.NetTCP.LogPacketDelegate$$.ctor,"void NetWorkUnit_NetTCP_LogPacketDelegate___ctor (NetWorkUnit_NetTCP_LogPacketDelegate_o* __this, Il2CppObject* object, intptr_t method, const MethodInfo* method);"
12805576,NetWorkUnit.NetTCP.LogPacketDelegate$$Invoke,"void NetWorkUnit_NetTCP_LogPacketDelegate__Invoke (NetWorkUnit_NetTCP_LogPacketDelegate_o* __this, int32_t flag, NetWorkUnit_NetPacket_o* packet, const MethodInfo* method);"
12805596,NetWorkUnit.NetTCP.LogPacketDelegate$$BeginInvoke,"System_IAsyncResult_o* NetWorkUnit_NetTCP_LogPacketDelegate__BeginInvoke (NetWorkUnit_NetTCP_LogPacketDelegate_o* __this, int32_t flag, NetWorkUnit_NetPacket_o* packet, System_AsyncCallback_o* callback, Il2CppObject* object, const MethodInfo* method);"
12805740,NetWorkUnit.NetTCP.LogPacketDelegate$$EndInvoke,"void NetWorkUnit_NetTCP_LogPacketDelegate__EndInvoke (NetWorkUnit_NetTCP_LogPacketDelegate_o* __this, System_IAsyncResult_o* result, const MethodInfo* method);"
12805752,NetWorkUnit.NetTCP.RecycleNetPacketDelegate$$.ctor,"void NetWorkUnit_NetTCP_RecycleNetPacketDelegate___ctor (NetWorkUnit_NetTCP_RecycleNetPacketDelegate_o* __this, Il2CppObject* object, intptr_t method, const MethodInfo* method);"
12806052,NetWorkUnit.NetTCP.RecycleNetPacketDelegate$$Invoke,"void NetWorkUnit_NetTCP_RecycleNetPacketDelegate__Invoke (NetWorkUnit_NetTCP_RecycleNetPacketDelegate_o* __this, NetWorkUnit_NetPacket_o* packet, const MethodInfo* method);"
12806072,NetWorkUnit.NetTCP.RecycleNetPacketDelegate$$BeginInvoke,"System_IAsyncResult_o* NetWorkUnit_NetTCP_RecycleNetPacketDelegate__BeginInvoke (NetWorkUnit_NetTCP_RecycleNetPacketDelegate_o* __this, NetWorkUnit_NetPacket_o* packet, System_AsyncCallback_o* callback, Il2CppObject* object, const MethodInfo* method);"
12806104,NetWorkUnit.NetTCP.RecycleNetPacketDelegate$$EndInvoke,"void NetWorkUnit_NetTCP_RecycleNetPacketDelegate__EndInvoke (NetWorkUnit_NetTCP_RecycleNetPacketDelegate_o* __this, System_IAsyncResult_o* result, const MethodInfo* method);"
12806116,NetWorkUnit.NetTCP.ProcessNetMsgDelegate$$.ctor,"void NetWorkUnit_NetTCP_ProcessNetMsgDelegate___ctor (NetWorkUnit_NetTCP_ProcessNetMsgDelegate_o* __this, Il2CppObject* object, intptr_t method, const MethodInfo* method);"
12806332,NetWorkUnit.NetTCP.ProcessNetMsgDelegate$$Invoke,"int32_t NetWorkUnit_NetTCP_ProcessNetMsgDelegate__Invoke (NetWorkUnit_NetTCP_ProcessNetMsgDelegate_o* __this, System_Byte_array** buff, int32_t buff_size, NetWorkUnit_Encrypt_o* encrypt, const MethodInfo* method);"
12806352,NetWorkUnit.NetTCP.ProcessNetMsgDelegate$$BeginInvoke,"System_IAsyncResult_o* NetWorkUnit_NetTCP_ProcessNetMsgDelegate__BeginInvoke (NetWorkUnit_NetTCP_ProcessNetMsgDelegate_o* __this, System_Byte_array** buff, int32_t buff_size, NetWorkUnit_Encrypt_o* encrypt, System_AsyncCallback_o* callback, Il2CppObject* object, const MethodInfo* method);"
12806508,NetWorkUnit.NetTCP.ProcessNetMsgDelegate$$EndInvoke,"int32_t NetWorkUnit_NetTCP_ProcessNetMsgDelegate__EndInvoke (NetWorkUnit_NetTCP_ProcessNetMsgDelegate_o* __this, System_Byte_array** buff, System_IAsyncResult_o* result, const MethodInfo* method);"
12806552,NetWorkUnit.NetTCP.NetPacketStream$$.ctor,"void NetWorkUnit_NetTCP_NetPacketStream___ctor (NetWorkUnit_NetTCP_NetPacketStream_o* __this, System_Net_Sockets_Socket_o* socket, NetWorkUnit_NetPacket_o* packet, const MethodInfo* method);"
12806592,NetWorkUnit.NetTCP.DataBuffer$$get_bufferBytes,"System_Byte_array* NetWorkUnit_NetTCP_DataBuffer__get_bufferBytes (NetWorkUnit_NetTCP_DataBuffer_o* __this, const MethodInfo* method);"
12806600,NetWorkUnit.NetTCP.DataBuffer$$get_dataSize,"int32_t NetWorkUnit_NetTCP_DataBuffer__get_dataSize (NetWorkUnit_NetTCP_DataBuffer_o* __this, const MethodInfo* method);"
12806608,NetWorkUnit.NetTCP.DataBuffer$$EnlargeDataSize,"bool NetWorkUnit_NetTCP_DataBuffer__EnlargeDataSize (NetWorkUnit_NetTCP_DataBuffer_o* __this, int32_t needSize, const MethodInfo* method);"
12806832,NetWorkUnit.NetWebSocket$$get_OnConnectedCallback,"NetWorkUnit_OnConnected_o* NetWorkUnit_NetWebSocket__get_OnConnectedCallback (NetWorkUnit_NetWebSocket_o* __this, const MethodInfo* method);"
12806840,NetWorkUnit.NetWebSocket$$set_OnConnectedCallback,"void NetWorkUnit_NetWebSocket__set_OnConnectedCallback (NetWorkUnit_NetWebSocket_o* __this, NetWorkUnit_OnConnected_o* value, const MethodInfo* method);"
12806848,NetWorkUnit.NetWebSocket$$get_OnCommunicatedCallback,"NetWorkUnit_OnCommunicated_o* NetWorkUnit_NetWebSocket__get_OnCommunicatedCallback (NetWorkUnit_NetWebSocket_o* __this, const MethodInfo* method);"
12806856,NetWorkUnit.NetWebSocket$$set_OnCommunicatedCallback,"void NetWorkUnit_NetWebSocket__set_OnCommunicatedCallback (NetWorkUnit_NetWebSocket_o* __this, NetWorkUnit_OnCommunicated_o* value, const MethodInfo* method);"
12806864,NetWorkUnit.NetWebSocket$$get_OnDisconnectCallback,"NetWorkUnit_OnDisconnect_o* NetWorkUnit_NetWebSocket__get_OnDisconnectCallback (NetWorkUnit_NetWebSocket_o* __this, const MethodInfo* method);"
12806872,NetWorkUnit.NetWebSocket$$set_OnDisconnectCallback,"void NetWorkUnit_NetWebSocket__set_OnDisconnectCallback (NetWorkUnit_NetWebSocket_o* __this, NetWorkUnit_OnDisconnect_o* value, const MethodInfo* method);"
12806880,NetWorkUnit.NetWebSocket$$get_OnErrorCallback,"NetWorkUnit_OnError_o* NetWorkUnit_NetWebSocket__get_OnErrorCallback (NetWorkUnit_NetWebSocket_o* __this, const MethodInfo* method);"
12806888,NetWorkUnit.NetWebSocket$$set_OnErrorCallback,"void NetWorkUnit_NetWebSocket__set_OnErrorCallback (NetWorkUnit_NetWebSocket_o* __this, NetWorkUnit_OnError_o* value, const MethodInfo* method);"
12806896,NetWorkUnit.NetWebSocket$$get_LogPacket,NetWorkUnit_NetWebSocket_LogPacketDelegate_o* NetWorkUnit_NetWebSocket__get_LogPacket (const MethodInfo* method);
12806984,NetWorkUnit.NetWebSocket$$set_LogPacket,"void NetWorkUnit_NetWebSocket__set_LogPacket (NetWorkUnit_NetWebSocket_LogPacketDelegate_o* value, const MethodInfo* method);"
12807076,NetWorkUnit.NetWebSocket$$get_Address,"System_String_o* NetWorkUnit_NetWebSocket__get_Address (NetWorkUnit_NetWebSocket_o* __this, const MethodInfo* method);"
12807084,NetWorkUnit.NetWebSocket$$set_Address,"void NetWorkUnit_NetWebSocket__set_Address (NetWorkUnit_NetWebSocket_o* __this, System_String_o* value, const MethodInfo* method);"
12807092,NetWorkUnit.NetWebSocket$$get_Port,"int32_t NetWorkUnit_NetWebSocket__get_Port (NetWorkUnit_NetWebSocket_o* __this, const MethodInfo* method);"
12807100,NetWorkUnit.NetWebSocket$$set_Port,"void NetWorkUnit_NetWebSocket__set_Port (NetWorkUnit_NetWebSocket_o* __this, int32_t value, const MethodInfo* method);"
12807108,NetWorkUnit.NetWebSocket$$get_Encoder,"NetWorkUnit_Encrypt_o* NetWorkUnit_NetWebSocket__get_Encoder (NetWorkUnit_NetWebSocket_o* __this, const MethodInfo* method);"
12807116,NetWorkUnit.NetWebSocket$$set_Encoder,"void NetWorkUnit_NetWebSocket__set_Encoder (NetWorkUnit_NetWebSocket_o* __this, NetWorkUnit_Encrypt_o* value, const MethodInfo* method);"
12807124,NetWorkUnit.NetWebSocket$$.ctor,"void NetWorkUnit_NetWebSocket___ctor (NetWorkUnit_NetWebSocket_o* __this, const MethodInfo* method);"
12807336,NetWorkUnit.NetWebSocket$$get_webSocket,"UnityWebSocket_WebSocket_o* NetWorkUnit_NetWebSocket__get_webSocket (NetWorkUnit_NetWebSocket_o* __this, const MethodInfo* method);"
12807344,NetWorkUnit.NetWebSocket$$set_webSocket,"void NetWorkUnit_NetWebSocket__set_webSocket (NetWorkUnit_NetWebSocket_o* __this, UnityWebSocket_WebSocket_o* value, const MethodInfo* method);"
12807352,NetWorkUnit.NetWebSocket$$Finalize,"void NetWorkUnit_NetWebSocket__Finalize (NetWorkUnit_NetWebSocket_o* __this, const MethodInfo* method);"
12807516,NetWorkUnit.NetWebSocket$$SetError,"void NetWorkUnit_NetWebSocket__SetError (NetWorkUnit_NetWebSocket_o* __this, int32_t ret, int32_t code, System_String_o* msg, uint32_t id, const MethodInfo* method);"
12807828,NetWorkUnit.NetWebSocket$$OnSocketError,"void NetWorkUnit_NetWebSocket__OnSocketError (NetWorkUnit_NetWebSocket_o* __this, Il2CppObject* sender, UnityWebSocket_ErrorEventArgs_o* args, const MethodInfo* method);"
12807864,NetWorkUnit.NetWebSocket$$OnClose,"void NetWorkUnit_NetWebSocket__OnClose (NetWorkUnit_NetWebSocket_o* __this, Il2CppObject* sender, UnityWebSocket_CloseEventArgs_o* args, const MethodInfo* method);"
12807904,NetWorkUnit.NetWebSocket$$OnMessage,"void NetWorkUnit_NetWebSocket__OnMessage (NetWorkUnit_NetWebSocket_o* __this, Il2CppObject* sender, UnityWebSocket_MessageEventArgs_o* args, const MethodInfo* method);"
12807908,NetWorkUnit.NetWebSocket$$ReceiveBody,"void NetWorkUnit_NetWebSocket__ReceiveBody (NetWorkUnit_NetWebSocket_o* __this, Il2CppObject* sender, UnityWebSocket_MessageEventArgs_o* args, const MethodInfo* method);"
12808848,NetWorkUnit.NetWebSocket$$SetConnectionID,"void NetWorkUnit_NetWebSocket__SetConnectionID (NetWorkUnit_NetWebSocket_o* __this, uint32_t id, const MethodInfo* method);"
12808856,NetWorkUnit.NetWebSocket$$SetErrorListener,"void NetWorkUnit_NetWebSocket__SetErrorListener (NetWorkUnit_NetWebSocket_o* __this, NetWorkUnit_OnError_o* listener, const MethodInfo* method);"
12808864,NetWorkUnit.NetWebSocket$$SetConnectedListener,"void NetWorkUnit_NetWebSocket__SetConnectedListener (NetWorkUnit_NetWebSocket_o* __this, NetWorkUnit_OnConnected_o* listener, const MethodInfo* method);"
12808872,NetWorkUnit.NetWebSocket$$SetCommunicatedListener,"void NetWorkUnit_NetWebSocket__SetCommunicatedListener (NetWorkUnit_NetWebSocket_o* __this, NetWorkUnit_OnCommunicated_o* listener, const MethodInfo* method);"
12808880,NetWorkUnit.NetWebSocket$$SetDisconnectListener,"void NetWorkUnit_NetWebSocket__SetDisconnectListener (NetWorkUnit_NetWebSocket_o* __this, NetWorkUnit_OnDisconnect_o* listener, const MethodInfo* method);"
12808888,NetWorkUnit.NetWebSocket$$GetAddress,"System_String_o* NetWorkUnit_NetWebSocket__GetAddress (NetWorkUnit_NetWebSocket_o* __this, const MethodInfo* method);"
12808896,NetWorkUnit.NetWebSocket$$GetPort,"int32_t NetWorkUnit_NetWebSocket__GetPort (NetWorkUnit_NetWebSocket_o* __this, const MethodInfo* method);"
12808904,NetWorkUnit.NetWebSocket$$Connect,"bool NetWorkUnit_NetWebSocket__Connect (NetWorkUnit_NetWebSocket_o* __this, System_String_o* address, int32_t remotePort, const MethodInfo* method);"
12810552,NetWorkUnit.NetWebSocket$$Disconnect,"void NetWorkUnit_NetWebSocket__Disconnect (NetWorkUnit_NetWebSocket_o* __this, const MethodInfo* method);"
12811096,NetWorkUnit.NetWebSocket$$OnOpen,"void NetWorkUnit_NetWebSocket__OnOpen (NetWorkUnit_NetWebSocket_o* __this, Il2CppObject* sender, UnityWebSocket_OpenEventArgs_o* args, const MethodInfo* method);"
12811564,NetWorkUnit.NetWebSocket$$SetSafe,"void NetWorkUnit_NetWebSocket__SetSafe (NetWorkUnit_NetWebSocket_o* __this, const MethodInfo* method);"
12811992,NetWorkUnit.NetWebSocket$$SendSync_Impl,"void NetWorkUnit_NetWebSocket__SendSync_Impl (NetWorkUnit_NetWebSocket_o* __this, System_Byte_array* bts, const MethodInfo* method);"
12812156,NetWorkUnit.NetWebSocket$$RecvSalt,"int32_t NetWorkUnit_NetWebSocket__RecvSalt (NetWorkUnit_NetWebSocket_o* __this, System_Byte_array* buf, int32_t size, const MethodInfo* method);"
12812340,NetWorkUnit.NetWebSocket$$ProcessNetMsg,"void NetWorkUnit_NetWebSocket__ProcessNetMsg (NetWorkUnit_NetWebSocket_o* __this, System_Byte_array* buff, const MethodInfo* method);"
12812552,NetWorkUnit.NetWebSocket$$ProcessNetMsg,"int32_t NetWorkUnit_NetWebSocket__ProcessNetMsg (NetWorkUnit_NetWebSocket_o* __this, System_Byte_array* buff, NetWorkUnit_Encrypt_o* encrypt, const MethodInfo* method);"
12812572,NetWorkUnit.NetWebSocket$$SendKeyCrc,"void NetWorkUnit_NetWebSocket__SendKeyCrc (NetWorkUnit_NetWebSocket_o* __this, int32_t salt, const MethodInfo* method);"
12812744,NetWorkUnit.NetWebSocket$$SendToSrv,"bool NetWorkUnit_NetWebSocket__SendToSrv (NetWorkUnit_NetWebSocket_o* __this, NetWorkUnit_NetPacket_o* pack, const MethodInfo* method);"
12812748,NetWorkUnit.NetWebSocket$$SendSync,"bool NetWorkUnit_NetWebSocket__SendSync (NetWorkUnit_NetWebSocket_o* __this, NetWorkUnit_NetPacket_o* pack, const MethodInfo* method);"
12812840,NetWorkUnit.NetWebSocket$$Update,"void NetWorkUnit_NetWebSocket__Update (NetWorkUnit_NetWebSocket_o* __this, const MethodInfo* method);"
12812844,NetWorkUnit.NetWebSocket$$get_Status,"bool NetWorkUnit_NetWebSocket__get_Status (NetWorkUnit_NetWebSocket_o* __this, const MethodInfo* method);"
12812884,NetWorkUnit.NetWebSocket$$ReadNetPack,"int32_t NetWorkUnit_NetWebSocket__ReadNetPack (NetWorkUnit_NetWebSocket_o* __this, System_Byte_array* buff, NetWorkUnit_Encrypt_o* encrypt, const MethodInfo* method);"
12814176,NetWorkUnit.NetWebSocket$$.cctor,void NetWorkUnit_NetWebSocket___cctor (const MethodInfo* method);
12814256,NetWorkUnit.NetWebSocket.LogPacketDelegate$$.ctor,"void NetWorkUnit_NetWebSocket_LogPacketDelegate___ctor (NetWorkUnit_NetWebSocket_LogPacketDelegate_o* __this, Il2CppObject* object, intptr_t method, const MethodInfo* method);"
12814452,NetWorkUnit.NetWebSocket.LogPacketDelegate$$Invoke,"void NetWorkUnit_NetWebSocket_LogPacketDelegate__Invoke (NetWorkUnit_NetWebSocket_LogPacketDelegate_o* __this, int32_t flag, NetWorkUnit_NetPacket_o* packet, const MethodInfo* method);"
12814472,NetWorkUnit.NetWebSocket.LogPacketDelegate$$BeginInvoke,"System_IAsyncResult_o* NetWorkUnit_NetWebSocket_LogPacketDelegate__BeginInvoke (NetWorkUnit_NetWebSocket_LogPacketDelegate_o* __this, int32_t flag, NetWorkUnit_NetPacket_o* packet, System_AsyncCallback_o* callback, Il2CppObject* object, const MethodInfo* method);"
12814616,NetWorkUnit.NetWebSocket.LogPacketDelegate$$EndInvoke,"void NetWorkUnit_NetWebSocket_LogPacketDelegate__EndInvoke (NetWorkUnit_NetWebSocket_LogPacketDelegate_o* __this, System_IAsyncResult_o* result, const MethodInfo* method);"
12814628,NetWorkUnit.NetWebSocket.RecycleNetPacketDelegate$$.ctor,"void NetWorkUnit_NetWebSocket_RecycleNetPacketDelegate___ctor (NetWorkUnit_NetWebSocket_RecycleNetPacketDelegate_o* __this, Il2CppObject* object, intptr_t method, const MethodInfo* method);"
12814928,NetWorkUnit.NetWebSocket.RecycleNetPacketDelegate$$Invoke,"void NetWorkUnit_NetWebSocket_RecycleNetPacketDelegate__Invoke (NetWorkUnit_NetWebSocket_RecycleNetPacketDelegate_o* __this, NetWorkUnit_NetPacket_o* packet, const MethodInfo* method);"
12814948,NetWorkUnit.NetWebSocket.RecycleNetPacketDelegate$$BeginInvoke,"System_IAsyncResult_o* NetWorkUnit_NetWebSocket_RecycleNetPacketDelegate__BeginInvoke (NetWorkUnit_NetWebSocket_RecycleNetPacketDelegate_o* __this, NetWorkUnit_NetPacket_o* packet, System_AsyncCallback_o* callback, Il2CppObject* object, const MethodInfo* method);"
12814980,NetWorkUnit.NetWebSocket.RecycleNetPacketDelegate$$EndInvoke,"void NetWorkUnit_NetWebSocket_RecycleNetPacketDelegate__EndInvoke (NetWorkUnit_NetWebSocket_RecycleNetPacketDelegate_o* __this, System_IAsyncResult_o* result, const MethodInfo* method);"
12814992,NetWorkUnit.NetWebSocket.PushNetPacketDelegate$$.ctor,"void NetWorkUnit_NetWebSocket_PushNetPacketDelegate___ctor (NetWorkUnit_NetWebSocket_PushNetPacketDelegate_o* __this, Il2CppObject* object, intptr_t method, const MethodInfo* method);"
12815292,NetWorkUnit.NetWebSocket.PushNetPacketDelegate$$Invoke,"void NetWorkUnit_NetWebSocket_PushNetPacketDelegate__Invoke (NetWorkUnit_NetWebSocket_PushNetPacketDelegate_o* __this, NetWorkUnit_NetPacket_o* packet, const MethodInfo* method);"
12815312,NetWorkUnit.NetWebSocket.PushNetPacketDelegate$$BeginInvoke,"System_IAsyncResult_o* NetWorkUnit_NetWebSocket_PushNetPacketDelegate__BeginInvoke (NetWorkUnit_NetWebSocket_PushNetPacketDelegate_o* __this, NetWorkUnit_NetPacket_o* packet, System_AsyncCallback_o* callback, Il2CppObject* object, const MethodInfo* method);"
12815344,NetWorkUnit.NetWebSocket.PushNetPacketDelegate$$EndInvoke,"void NetWorkUnit_NetWebSocket_PushNetPacketDelegate__EndInvoke (NetWorkUnit_NetWebSocket_PushNetPacketDelegate_o* __this, System_IAsyncResult_o* result, const MethodInfo* method);"
12815356,NetWorkUnit.NetWebSocket.ProcessNetMsgDelegate$$.ctor,"void NetWorkUnit_NetWebSocket_ProcessNetMsgDelegate___ctor (NetWorkUnit_NetWebSocket_ProcessNetMsgDelegate_o* __this, Il2CppObject* object, intptr_t method, const MethodInfo* method);"
12815572,NetWorkUnit.NetWebSocket.ProcessNetMsgDelegate$$Invoke,"int32_t NetWorkUnit_NetWebSocket_ProcessNetMsgDelegate__Invoke (NetWorkUnit_NetWebSocket_ProcessNetMsgDelegate_o* __this, System_Byte_array** buff, int32_t buff_size, NetWorkUnit_Encrypt_o* encrypt, const MethodInfo* method);"
12815592,NetWorkUnit.NetWebSocket.ProcessNetMsgDelegate$$BeginInvoke,"System_IAsyncResult_o* NetWorkUnit_NetWebSocket_ProcessNetMsgDelegate__BeginInvoke (NetWorkUnit_NetWebSocket_ProcessNetMsgDelegate_o* __this, System_Byte_array** buff, int32_t buff_size, NetWorkUnit_Encrypt_o* encrypt, System_AsyncCallback_o* callback, Il2CppObject* object, const MethodInfo* method);"
12815748,NetWorkUnit.NetWebSocket.ProcessNetMsgDelegate$$EndInvoke,"int32_t NetWorkUnit_NetWebSocket_ProcessNetMsgDelegate__EndInvoke (NetWorkUnit_NetWebSocket_ProcessNetMsgDelegate_o* __this, System_Byte_array** buff, System_IAsyncResult_o* result, const MethodInfo* method);"
12815792,NetWorkUnit.NetWorkService$$.ctor,"void NetWorkUnit_NetWorkService___ctor (NetWorkUnit_NetWorkService_o* __this, const MethodInfo* method);"
12815932,NetWorkUnit.NetWorkService$$.ctor,"void NetWorkUnit_NetWorkService___ctor (NetWorkUnit_NetWorkService_o* __this, uint32_t id, const MethodInfo* method);"
12816072,NetWorkUnit.NetWorkService$$InitSocket,"void NetWorkUnit_NetWorkService__InitSocket (NetWorkUnit_NetWorkService_o* __this, const MethodInfo* method);"
12817200,NetWorkUnit.NetWorkService$$get_PackSeries,"int32_t NetWorkUnit_NetWorkService__get_PackSeries (NetWorkUnit_NetWorkService_o* __this, const MethodInfo* method);"
12817208,NetWorkUnit.NetWorkService$$set_PackSeries,"void NetWorkUnit_NetWorkService__set_PackSeries (NetWorkUnit_NetWorkService_o* __this, int32_t value, const MethodInfo* method);"
12817216,NetWorkUnit.NetWorkService$$get_connectionID,"uint32_t NetWorkUnit_NetWorkService__get_connectionID (NetWorkUnit_NetWorkService_o* __this, const MethodInfo* method);"
12817224,NetWorkUnit.NetWorkService$$get_IPAddress,"System_String_o* NetWorkUnit_NetWorkService__get_IPAddress (NetWorkUnit_NetWorkService_o* __this, const MethodInfo* method);"
12817420,NetWorkUnit.NetWorkService$$get_Port,"int32_t NetWorkUnit_NetWorkService__get_Port (NetWorkUnit_NetWorkService_o* __this, const MethodInfo* method);"
12817596,NetWorkUnit.NetWorkService$$get_MaxBroadcastTime,"int64_t NetWorkUnit_NetWorkService__get_MaxBroadcastTime (NetWorkUnit_NetWorkService_o* __this, const MethodInfo* method);"
12817604,NetWorkUnit.NetWorkService$$Connect,"uint32_t NetWorkUnit_NetWorkService__Connect (NetWorkUnit_NetWorkService_o* __this, System_String_o* address, int32_t port, const MethodInfo* method);"
12817828,NetWorkUnit.NetWorkService$$OnSocketError,"void NetWorkUnit_NetWorkService__OnSocketError (NetWorkUnit_NetWorkService_o* __this, int32_t ret, int32_t code, System_String_o* msg, uint32_t ID, const MethodInfo* method);"
12818200,NetWorkUnit.NetWorkService$$OnConnected,"void NetWorkUnit_NetWorkService__OnConnected (NetWorkUnit_NetWorkService_o* __this, uint32_t ID, const MethodInfo* method);"
12818316,NetWorkUnit.NetWorkService$$OnCommunicated,"void NetWorkUnit_NetWorkService__OnCommunicated (NetWorkUnit_NetWorkService_o* __this, uint32_t ID, const MethodInfo* method);"
12818440,NetWorkUnit.NetWorkService$$OnDisconnect,"void NetWorkUnit_NetWorkService__OnDisconnect (NetWorkUnit_NetWorkService_o* __this, const MethodInfo* method);"
12818524,NetWorkUnit.NetWorkService$$RecycleNetPacket,"void NetWorkUnit_NetWorkService__RecycleNetPacket (NetWorkUnit_NetWorkService_o* __this, NetWorkUnit_NetPacket_o* packet, const MethodInfo* method);"
12818608,NetWorkUnit.NetWorkService$$AddRecvNetPacket,"void NetWorkUnit_NetWorkService__AddRecvNetPacket (NetWorkUnit_NetWorkService_o* __this, NetWorkUnit_NetPacket_o* packet, const MethodInfo* method);"
12818692,NetWorkUnit.NetWorkService$$Disconnect,"void NetWorkUnit_NetWorkService__Disconnect (NetWorkUnit_NetWorkService_o* __this, const MethodInfo* method);"
12818864,NetWorkUnit.NetWorkService$$SendPacket,"void NetWorkUnit_NetWorkService__SendPacket (NetWorkUnit_NetWorkService_o* __this, NetWorkUnit_NetPacket_o* packet, const MethodInfo* method);"
12819168,NetWorkUnit.NetWorkService$$CreatePacket,"NetWorkUnit_NetPacket_o* NetWorkUnit_NetWorkService__CreatePacket (NetWorkUnit_NetWorkService_o* __this, uint8_t sysId, uint8_t msgId, const MethodInfo* method);"
12819284,NetWorkUnit.NetWorkService$$_UpdateNet,"void NetWorkUnit_NetWorkService___UpdateNet (NetWorkUnit_NetWorkService_o* __this, const MethodInfo* method);"
12819572,NetWorkUnit.NetWorkService$$SendPacketLantency,"void NetWorkUnit_NetWorkService__SendPacketLantency (NetWorkUnit_NetWorkService_o* __this, const MethodInfo* method);"
12819960,NetWorkUnit.NetWorkService$$BroadcastPacketLoopLantency,"void NetWorkUnit_NetWorkService__BroadcastPacketLoopLantency (NetWorkUnit_NetWorkService_o* __this, const MethodInfo* method);"
12820176,NetWorkUnit.NetWorkService$$BroadcastPacketLoop,"void NetWorkUnit_NetWorkService__BroadcastPacketLoop (NetWorkUnit_NetWorkService_o* __this, const MethodInfo* method);"
12820464,NetWorkUnit.NetWorkService$$BroadcastPacket,"bool NetWorkUnit_NetWorkService__BroadcastPacket (NetWorkUnit_NetWorkService_o* __this, NetWorkUnit_NetPacket_o* packet, bool* isExpensivePacket, const MethodInfo* method);"
12820924,NetWorkUnit.NetWorkService$$CheckReconnect,"void NetWorkUnit_NetWorkService__CheckReconnect (NetWorkUnit_NetWorkService_o* __this, const MethodInfo* method);"
12820928,NetWorkUnit.NetWorkService$$ReConnect,"void NetWorkUnit_NetWorkService__ReConnect (NetWorkUnit_NetWorkService_o* __this, const MethodInfo* method);"
12820932,NetWorkUnit.NetWorkService$$OnStart,"void NetWorkUnit_NetWorkService__OnStart (NetWorkUnit_NetWorkService_o* __this, const MethodInfo* method);"
12820936,NetWorkUnit.NetWorkService$$OnUpdate,"void NetWorkUnit_NetWorkService__OnUpdate (NetWorkUnit_NetWorkService_o* __this, const MethodInfo* method);"
12820940,NetWorkUnit.NetWorkService$$OnLateUpdate,"void NetWorkUnit_NetWorkService__OnLateUpdate (NetWorkUnit_NetWorkService_o* __this, const MethodInfo* method);"
12820944,NetWorkUnit.NetWorkService$$OnFixedUpdate,"void NetWorkUnit_NetWorkService__OnFixedUpdate (NetWorkUnit_NetWorkService_o* __this, const MethodInfo* method);"
12820948,NetWorkUnit.NetWorkService$$OnDestroy,"void NetWorkUnit_NetWorkService__OnDestroy (NetWorkUnit_NetWorkService_o* __this, const MethodInfo* method);"
12820952,NetWorkUnit.NetWorkService$$.cctor,void NetWorkUnit_NetWorkService___cctor (const MethodInfo* method);
12821044,NetWorkUnit.NetWorkService.NetEventDelegate$$.ctor,"void NetWorkUnit_NetWorkService_NetEventDelegate___ctor (NetWorkUnit_NetWorkService_NetEventDelegate_o* __this, Il2CppObject* object, intptr_t method, const MethodInfo* method);"
12821344,NetWorkUnit.NetWorkService.NetEventDelegate$$Invoke,"void NetWorkUnit_NetWorkService_NetEventDelegate__Invoke (NetWorkUnit_NetWorkService_NetEventDelegate_o* __this, NetWorkUnit_NetWorkService_o* tcp, const MethodInfo* method);"
12821364,NetWorkUnit.NetWorkService.NetEventDelegate$$BeginInvoke,"System_IAsyncResult_o* NetWorkUnit_NetWorkService_NetEventDelegate__BeginInvoke (NetWorkUnit_NetWorkService_NetEventDelegate_o* __this, NetWorkUnit_NetWorkService_o* tcp, System_AsyncCallback_o* callback, Il2CppObject* object, const MethodInfo* method);"
12821396,NetWorkUnit.NetWorkService.NetEventDelegate$$EndInvoke,"void NetWorkUnit_NetWorkService_NetEventDelegate__EndInvoke (NetWorkUnit_NetWorkService_NetEventDelegate_o* __this, System_IAsyncResult_o* result, const MethodInfo* method);"
12821408,NetWorkUnit.NetWorkService.NetErrorEventDelegate$$.ctor,"void NetWorkUnit_NetWorkService_NetErrorEventDelegate___ctor (NetWorkUnit_NetWorkService_NetErrorEventDelegate_o* __this, Il2CppObject* object, intptr_t method, const MethodInfo* method);"
12821712,NetWorkUnit.NetWorkService.NetErrorEventDelegate$$Invoke,"void NetWorkUnit_NetWorkService_NetErrorEventDelegate__Invoke (NetWorkUnit_NetWorkService_NetErrorEventDelegate_o* __this, NetWorkUnit_NetWorkService_o* tcp, NetWorkUnit_NetErrorEvent_o error, const MethodInfo* method);"
12821772,NetWorkUnit.NetWorkService.NetErrorEventDelegate$$BeginInvoke,"System_IAsyncResult_o* NetWorkUnit_NetWorkService_NetErrorEventDelegate__BeginInvoke (NetWorkUnit_NetWorkService_NetErrorEventDelegate_o* __this, NetWorkUnit_NetWorkService_o* tcp, NetWorkUnit_NetErrorEvent_o error, System_AsyncCallback_o* callback, Il2CppObject* object, const MethodInfo* method);"
12821920,NetWorkUnit.NetWorkService.NetErrorEventDelegate$$EndInvoke,"void NetWorkUnit_NetWorkService_NetErrorEventDelegate__EndInvoke (NetWorkUnit_NetWorkService_NetErrorEventDelegate_o* __this, System_IAsyncResult_o* result, const MethodInfo* method);"
12821932,NetWorkUnit.NetWorkService.SysHandle$$.ctor,"void NetWorkUnit_NetWorkService_SysHandle___ctor (NetWorkUnit_NetWorkService_SysHandle_o* __this, Il2CppObject* object, intptr_t method, const MethodInfo* method);"
12822236,NetWorkUnit.NetWorkService.SysHandle$$Invoke,"void NetWorkUnit_NetWorkService_SysHandle__Invoke (NetWorkUnit_NetWorkService_SysHandle_o* __this, NetWorkUnit_NetWorkService_o* which, uint8_t sid, uint8_t fid, NetWorkUnit_NetPacket_o* packet, bool* IsExpensivePacket, const MethodInfo* method);"
12822256,NetWorkUnit.NetWorkService.SysHandle$$BeginInvoke,"System_IAsyncResult_o* NetWorkUnit_NetWorkService_SysHandle__BeginInvoke (NetWorkUnit_NetWorkService_SysHandle_o* __this, NetWorkUnit_NetWorkService_o* which, uint8_t sid, uint8_t fid, NetWorkUnit_NetPacket_o* packet, bool* IsExpensivePacket, System_AsyncCallback_o* callback, Il2CppObject* object, const MethodInfo* method);"
12822484,NetWorkUnit.NetWorkService.SysHandle$$EndInvoke,"void NetWorkUnit_NetWorkService_SysHandle__EndInvoke (NetWorkUnit_NetWorkService_SysHandle_o* __this, bool* IsExpensivePacket, System_IAsyncResult_o* result, const MethodInfo* method);"
12822512,NetWorkUnit.NetWorkService.PacketReport$$.ctor,"void NetWorkUnit_NetWorkService_PacketReport___ctor (NetWorkUnit_NetWorkService_PacketReport_o* __this, const MethodInfo* method);"
12822520,NetWorkUnit.Utils$$CRC16Init,void NetWorkUnit_Utils__CRC16Init (const MethodInfo* method);
12822856,NetWorkUnit.Utils$$CRCBitReflect,"uint32_t NetWorkUnit_Utils__CRCBitReflect (uint64_t ulData, int32_t nBits, const MethodInfo* method);"
12822928,NetWorkUnit.Utils$$WELLRNG512,uint64_t NetWorkUnit_Utils__WELLRNG512 (const MethodInfo* method);
12823196,NetWorkUnit.Utils$$ToUlong,"uint64_t NetWorkUnit_Utils__ToUlong (uint32_t low, uint32_t high, const MethodInfo* method);"
12823208,NetWorkUnit.Utils$$.ctor,"void NetWorkUnit_Utils___ctor (NetWorkUnit_Utils_o* __this, const MethodInfo* method);"
12823216,NetWorkUnit.Utils$$.cctor,void NetWorkUnit_Utils___cctor (const MethodInfo* method);
12983748,ConfigData.RawFile$$.ctor,"void ConfigData_RawFile___ctor (ConfigData_RawFile_o* __this, const MethodInfo* method);"
12983776,ConfigData.RawFile$$ReadAssert_Impl,"void ConfigData_RawFile__ReadAssert_Impl (ConfigData_RawFile_o* __this, int32_t readLen, const MethodInfo* method);"
12983780,ConfigData.RawFile$$UNITY_ASSERTIONS_ReadAssert_Impl,"void ConfigData_RawFile__UNITY_ASSERTIONS_ReadAssert_Impl (ConfigData_RawFile_o* __this, int32_t readLen, const MethodInfo* method);"
12984224,ConfigData.RawFile$$ReadFromBytes,"bool ConfigData_RawFile__ReadFromBytes (ConfigData_RawFile_o* __this, System_Byte_array* buffer, const MethodInfo* method);"
12984268,ConfigData.RawFile$$ReadFile,"bool ConfigData_RawFile__ReadFile (ConfigData_RawFile_o* __this, System_Byte_array* buffer, const MethodInfo* method);"
12984312,ConfigData.RawFile$$ReadHeader,"void ConfigData_RawFile__ReadHeader (ConfigData_RawFile_o* __this, const MethodInfo* method);"
12984424,ConfigData.RawFile$$CanWrite,"bool ConfigData_RawFile__CanWrite (ConfigData_RawFile_o* __this, int32_t writeLen, const MethodInfo* method);"
12984628,ConfigData.RawFile$$_EnlargeDataSize,"bool ConfigData_RawFile___EnlargeDataSize (ConfigData_RawFile_o* __this, int32_t needSize, const MethodInfo* method);"
12984772,ConfigData.RawFile$$StartWrite,"void ConfigData_RawFile__StartWrite (ConfigData_RawFile_o* __this, int32_t Size, const MethodInfo* method);"
12984876,ConfigData.RawFile$$EndWrite,"void ConfigData_RawFile__EndWrite (ConfigData_RawFile_o* __this, System_String_o* fileurl, const MethodInfo* method);"
12985192,ConfigData.RawFile$$get_PackageLength,"int32_t ConfigData_RawFile__get_PackageLength (ConfigData_RawFile_o* __this, const MethodInfo* method);"
12985200,ConfigData.RawFile$$Tell,"int32_t ConfigData_RawFile__Tell (ConfigData_RawFile_o* __this, const MethodInfo* method);"
12985208,ConfigData.RawFile$$ReadString,"System_String_o* ConfigData_RawFile__ReadString (ConfigData_RawFile_o* __this, const MethodInfo* method);"
12985428,ConfigData.RawFile$$WriteString,"void ConfigData_RawFile__WriteString (ConfigData_RawFile_o* __this, System_String_o* str, const MethodInfo* method);"
12985736,ConfigData.RawFile$$ReadData,"bool ConfigData_RawFile__ReadData (ConfigData_RawFile_o* __this, System_String_o* path, System_String_o* filename, const MethodInfo* method);"
12985872,ConfigData.RawFile$$ReadFileOnly,"bool ConfigData_RawFile__ReadFileOnly (ConfigData_RawFile_o* __this, System_String_o* filename, const MethodInfo* method);"
12986196,ConfigData.RawFile$$ReadFile,"bool ConfigData_RawFile__ReadFile (ConfigData_RawFile_o* __this, System_String_o* filename, const MethodInfo* method);"
12986240,ConfigData.RawFile$$EndOfFile,"bool ConfigData_RawFile__EndOfFile (ConfigData_RawFile_o* __this, const MethodInfo* method);"
12986256,ConfigData.RawFile$$Read,"bool ConfigData_RawFile__Read (ConfigData_RawFile_o* __this, ConfigData_RawFile_o* file, const MethodInfo* method);"
12986264,ConfigData.RawFile$$DoneRead,"bool ConfigData_RawFile__DoneRead (ConfigData_RawFile_o* __this, const MethodInfo* method);"
12986272,ConfigData.RawFile$$CreateFromFileSystem,"ConfigData_RawFile_o* ConfigData_RawFile__CreateFromFileSystem (System_String_o* fileName, bool bHeader, const MethodInfo* method);"
12986644,ConfigData.RawFile$$.cctor,void ConfigData_RawFile___cctor (const MethodInfo* method);
12986720,ConfigData.RawFileReaderUtils$$ReadIntListCount_1_FromPool,"System_Collections_Generic_List_int__o* ConfigData_RawFileReaderUtils__ReadIntListCount_1_FromPool (ConfigData_RawFile_o* file, const MethodInfo* method);"
12987148,ConfigData.RawFileReaderUtils$$intRead,"int32_t ConfigData_RawFileReaderUtils__intRead (ConfigData_RawFile_o* file, const MethodInfo* method);"
12987168,ConfigData.RawFileReaderUtils$$ReadFloatListCount_1_FromPool,"System_Collections_Generic_List_float__o* ConfigData_RawFileReaderUtils__ReadFloatListCount_1_FromPool (ConfigData_RawFile_o* file, const MethodInfo* method);"
12987660,ConfigData.RawFileReaderUtils$$floatRead,"float ConfigData_RawFileReaderUtils__floatRead (ConfigData_RawFile_o* file, const MethodInfo* method);"
12987680,ConfigData.RawFileReaderUtils$$ReadFloatListCount_3_FromPool,"System_Collections_Generic_List_float__o* ConfigData_RawFileReaderUtils__ReadFloatListCount_3_FromPool (ConfigData_RawFile_o* file, const MethodInfo* method);"
12988532,ConfigData.RawFileReaderUtils$$ReadVector3,"UnityEngine_Vector3_o ConfigData_RawFileReaderUtils__ReadVector3 (ConfigData_RawFile_o* file, const MethodInfo* method);"
12988684,ConfigData.RawFileReaderUtils$$ReadVector4,"UnityEngine_Vector4_o ConfigData_RawFileReaderUtils__ReadVector4 (ConfigData_RawFile_o* file, const MethodInfo* method);"
12988864,ConfigData.RawFileReaderUtils$$ReadQuaternion,"UnityEngine_Quaternion_o ConfigData_RawFileReaderUtils__ReadQuaternion (ConfigData_RawFile_o* file, const MethodInfo* method);"
12989032,ConfigData.RawFileReaderUtils$$ReadVector2,"UnityEngine_Vector2_o ConfigData_RawFileReaderUtils__ReadVector2 (ConfigData_RawFile_o* file, const MethodInfo* method);"
12989164,ConfigData.RawFileReaderUtils$$ReadTransform,"void ConfigData_RawFileReaderUtils__ReadTransform (ConfigData_RawFile_o* file, UnityEngine_Transform_o** trans, const MethodInfo* method);"
12989340,ConfigData.RawFileReaderUtils$$List_Vector3Read,"System_Collections_Generic_List_Vector3__o* ConfigData_RawFileReaderUtils__List_Vector3Read (ConfigData_RawFile_o* file, const MethodInfo* method);"
12989680,ConfigData.RawFileReaderUtils$$List_Vector2Read,"System_Collections_Generic_List_Vector2__o* ConfigData_RawFileReaderUtils__List_Vector2Read (ConfigData_RawFile_o* file, const MethodInfo* method);"
12990004,ConfigData.RawFileReaderUtils$$List_QuaternionRead,"System_Collections_Generic_List_Quaternion__o* ConfigData_RawFileReaderUtils__List_QuaternionRead (ConfigData_RawFile_o* file, const MethodInfo* method);"
12990332,ConfigData.RawFileReaderUtils$$List_List_List_intRead,"System_Collections_Generic_List_List_List_int____o* ConfigData_RawFileReaderUtils__List_List_List_intRead (ConfigData_RawFile_o* file, const MethodInfo* method);"
12990664,ConfigData.RawFileReaderUtils$$List_List_intRead,"System_Collections_Generic_List_List_int___o* ConfigData_RawFileReaderUtils__List_List_intRead (ConfigData_RawFile_o* file, const MethodInfo* method);"
12990996,ConfigData.RawFileReaderUtils$$List_intRead,"System_Collections_Generic_List_int__o* ConfigData_RawFileReaderUtils__List_intRead (ConfigData_RawFile_o* file, const MethodInfo* method);"
12991372,ConfigData.RawFileReaderUtils$$List_List_List_stringRead,"System_Collections_Generic_List_List_List_string____o* ConfigData_RawFileReaderUtils__List_List_List_stringRead (ConfigData_RawFile_o* file, const MethodInfo* method);"
12991704,ConfigData.RawFileReaderUtils$$List_List_stringRead,"System_Collections_Generic_List_List_string___o* ConfigData_RawFileReaderUtils__List_List_stringRead (ConfigData_RawFile_o* file, const MethodInfo* method);"
12992036,ConfigData.RawFileReaderUtils$$List_stringRead,"System_Collections_Generic_List_string__o* ConfigData_RawFileReaderUtils__List_stringRead (ConfigData_RawFile_o* file, const MethodInfo* method);"
12992376,ConfigData.RawFileReaderUtils$$stringRead,"System_String_o* ConfigData_RawFileReaderUtils__stringRead (ConfigData_RawFile_o* file, const MethodInfo* method);"
12992404,ConfigData.RawFileReaderUtils$$List_List_List_floatRead,"System_Collections_Generic_List_List_List_float____o* ConfigData_RawFileReaderUtils__List_List_List_floatRead (ConfigData_RawFile_o* file, const MethodInfo* method);"
12992736,ConfigData.RawFileReaderUtils$$List_List_floatRead,"System_Collections_Generic_List_List_float___o* ConfigData_RawFileReaderUtils__List_List_floatRead (ConfigData_RawFile_o* file, const MethodInfo* method);"
12993068,ConfigData.RawFileReaderUtils$$List_floatRead,"System_Collections_Generic_List_float__o* ConfigData_RawFileReaderUtils__List_floatRead (ConfigData_RawFile_o* file, const MethodInfo* method);"
12993484,ConfigData.RawFileReaderUtils$$List_List_List_boolRead,"System_Collections_Generic_List_List_List_bool____o* ConfigData_RawFileReaderUtils__List_List_List_boolRead (ConfigData_RawFile_o* file, const MethodInfo* method);"
12993816,ConfigData.RawFileReaderUtils$$List_List_boolRead,"System_Collections_Generic_List_List_bool___o* ConfigData_RawFileReaderUtils__List_List_boolRead (ConfigData_RawFile_o* file, const MethodInfo* method);"
12994148,ConfigData.RawFileReaderUtils$$List_boolRead,"System_Collections_Generic_List_bool__o* ConfigData_RawFileReaderUtils__List_boolRead (ConfigData_RawFile_o* file, const MethodInfo* method);"
12994492,ConfigData.RawFileReaderUtils$$boolRead,"bool ConfigData_RawFileReaderUtils__boolRead (ConfigData_RawFile_o* file, const MethodInfo* method);"
12994528,ConfigData.RawFileReaderUtils$$.cctor,void ConfigData_RawFileReaderUtils___cctor (const MethodInfo* method);
12995032,ConfigData.RawFileWritter$$WriteList,"void ConfigData_RawFileWritter__WriteList (ConfigData_RawFile_o* file, System_Collections_Generic_List_int__o* input, const MethodInfo* method);"
12995248,ConfigData.RawFileWritter$$Write,"void ConfigData_RawFileWritter__Write (ConfigData_RawFile_o* file, int32_t input, const MethodInfo* method);"
12995268,ConfigData.RawFileWritter$$WriteList,"void ConfigData_RawFileWritter__WriteList (ConfigData_RawFile_o* file, System_Collections_Generic_List_bool__o* input, const MethodInfo* method);"
12995480,ConfigData.RawFileWritter$$Write,"void ConfigData_RawFileWritter__Write (ConfigData_RawFile_o* file, bool input, const MethodInfo* method);"
12995504,ConfigData.RawFileWritter$$WriteList,"void ConfigData_RawFileWritter__WriteList (ConfigData_RawFile_o* file, System_Collections_Generic_List_float__o* input, const MethodInfo* method);"
12995716,ConfigData.RawFileWritter$$Write,"void ConfigData_RawFileWritter__Write (ConfigData_RawFile_o* file, float input, const MethodInfo* method);"
12995736,ConfigData.RawFileWritter$$WriteList,"void ConfigData_RawFileWritter__WriteList (ConfigData_RawFile_o* file, System_Collections_Generic_List_string__o* input, const MethodInfo* method);"
12995956,ConfigData.RawFileWritter$$Write,"void ConfigData_RawFileWritter__Write (ConfigData_RawFile_o* file, System_String_o* input, const MethodInfo* method);"
12995984,ConfigData.RawFileWritter$$Write,"void ConfigData_RawFileWritter__Write (ConfigData_RawFile_o* file, UnityEngine_Vector3_o input, const MethodInfo* method);"
12996060,ConfigData.RawFileWritter$$Write,"void ConfigData_RawFileWritter__Write (ConfigData_RawFile_o* file, UnityEngine_Quaternion_o input, const MethodInfo* method);"
12996176,ConfigData.RawFileWritter$$Write,"void ConfigData_RawFileWritter__Write (ConfigData_RawFile_o* file, UnityEngine_Transform_o* trans, const MethodInfo* method);"
12996268,ConfigData.RawFileWritter$$Write,"void ConfigData_RawFileWritter__Write (ConfigData_RawFile_o* file, UnityEngine_Vector2_o input, const MethodInfo* method);"
12996324,ConfigData.RawFileWritter$$Write,"void ConfigData_RawFileWritter__Write (ConfigData_RawFile_o* file, UnityEngine_Vector4_o input, const MethodInfo* method);"
13151212,DebugNetworkGraph$$Start,"void DebugNetworkGraph__Start (DebugNetworkGraph_o* __this, const MethodInfo* method);"
13151252,DebugNetworkGraph$$SampleFunction,"System_Collections_IEnumerator_o* DebugNetworkGraph__SampleFunction (DebugNetworkGraph_o* __this, const MethodInfo* method);"
13151356,DebugNetworkGraph.<SampleFunction>d__3$$.ctor,"void DebugNetworkGraph__SampleFunction_d__3___ctor (DebugNetworkGraph__SampleFunction_d__3_o* __this, int32_t __1__state, const MethodInfo* method);"
13151396,DebugNetworkGraph$$.ctor,"void DebugNetworkGraph___ctor (DebugNetworkGraph_o* __this, const MethodInfo* method);"
13151400,DebugNetworkGraph.<SampleFunction>d__3$$System.IDisposable.Dispose,"void DebugNetworkGraph__SampleFunction_d__3__System_IDisposable_Dispose (DebugNetworkGraph__SampleFunction_d__3_o* __this, const MethodInfo* method);"
13151404,DebugNetworkGraph.<SampleFunction>d__3$$MoveNext,"bool DebugNetworkGraph__SampleFunction_d__3__MoveNext (DebugNetworkGraph__SampleFunction_d__3_o* __this, const MethodInfo* method);"
13151992,DebugNetworkGraph.<SampleFunction>d__3$$System.Collections.Generic.IEnumerator<System.Object>.get_Current,"Il2CppObject* DebugNetworkGraph__SampleFunction_d__3__System_Collections_Generic_IEnumerator_System_Object__get_Current (DebugNetworkGraph__SampleFunction_d__3_o* __this, const MethodInfo* method);"
13152000,DebugNetworkGraph.<SampleFunction>d__3$$System.Collections.IEnumerator.Reset,"void DebugNetworkGraph__SampleFunction_d__3__System_Collections_IEnumerator_Reset (DebugNetworkGraph__SampleFunction_d__3_o* __this, const MethodInfo* method);"
13152064,DebugNetworkGraph.<SampleFunction>d__3$$System.Collections.IEnumerator.get_Current,"Il2CppObject* DebugNetworkGraph__SampleFunction_d__3__System_Collections_IEnumerator_get_Current (DebugNetworkGraph__SampleFunction_d__3_o* __this, const MethodInfo* method);"
13317088,DelegateFactory$$NetWorkUnit_NetworkManagerBase_OnSocketErrorEventDelegate,"NetWorkUnit_NetworkManagerBase_OnSocketErrorEventDelegate_o* DelegateFactory__NetWorkUnit_NetworkManagerBase_OnSocketErrorEventDelegate (DelegateFactory_o* __this, LuaInterface_LuaFunction_o* func, LuaInterface_LuaTable_o* self, bool flag, const MethodInfo* method);"
13317512,DelegateFactory$$Check_NetWorkUnit_NetworkManagerBase_OnSocketErrorEventDelegate,"bool DelegateFactory__Check_NetWorkUnit_NetworkManagerBase_OnSocketErrorEventDelegate (DelegateFactory_o* __this, intptr_t L, int32_t pos, const MethodInfo* method);"
13317700,DelegateFactory$$Push_NetWorkUnit_NetworkManagerBase_OnSocketErrorEventDelegate,"void DelegateFactory__Push_NetWorkUnit_NetworkManagerBase_OnSocketErrorEventDelegate (DelegateFactory_o* __this, intptr_t L, NetWorkUnit_NetworkManagerBase_OnSocketErrorEventDelegate_o* o, const MethodInfo* method);"
13317804,DelegateFactory$$NetWorkUnit_NetworkManagerBase_OnSocketTimeoutDelegate,"NetWorkUnit_NetworkManagerBase_OnSocketTimeoutDelegate_o* DelegateFactory__NetWorkUnit_NetworkManagerBase_OnSocketTimeoutDelegate (DelegateFactory_o* __this, LuaInterface_LuaFunction_o* func, LuaInterface_LuaTable_o* self, bool flag, const MethodInfo* method);"
13318228,DelegateFactory$$Check_NetWorkUnit_NetworkManagerBase_OnSocketTimeoutDelegate,"bool DelegateFactory__Check_NetWorkUnit_NetworkManagerBase_OnSocketTimeoutDelegate (DelegateFactory_o* __this, intptr_t L, int32_t pos, const MethodInfo* method);"
13318416,DelegateFactory$$Push_NetWorkUnit_NetworkManagerBase_OnSocketTimeoutDelegate,"void DelegateFactory__Push_NetWorkUnit_NetworkManagerBase_OnSocketTimeoutDelegate (DelegateFactory_o* __this, intptr_t L, NetWorkUnit_NetworkManagerBase_OnSocketTimeoutDelegate_o* o, const MethodInfo* method);"
13436864,DelegateFactory.NetWorkUnit_NetworkManagerBase_OnSocketErrorEventDelegate_Event$$.ctor,"void DelegateFactory_NetWorkUnit_NetworkManagerBase_OnSocketErrorEventDelegate_Event___ctor (DelegateFactory_NetWorkUnit_NetworkManagerBase_OnSocketErrorEventDelegate_Event_o* __this, LuaInterface_LuaFunction_o* func, const MethodInfo* method);"
13436872,DelegateFactory.NetWorkUnit_NetworkManagerBase_OnSocketErrorEventDelegate_Event$$.ctor,"void DelegateFactory_NetWorkUnit_NetworkManagerBase_OnSocketErrorEventDelegate_Event___ctor (DelegateFactory_NetWorkUnit_NetworkManagerBase_OnSocketErrorEventDelegate_Event_o* __this, LuaInterface_LuaFunction_o* func, LuaInterface_LuaTable_o* self, const MethodInfo* method);"
13436880,DelegateFactory.NetWorkUnit_NetworkManagerBase_OnSocketErrorEventDelegate_Event$$Call,"void DelegateFactory_NetWorkUnit_NetworkManagerBase_OnSocketErrorEventDelegate_Event__Call (DelegateFactory_NetWorkUnit_NetworkManagerBase_OnSocketErrorEventDelegate_Event_o* __this, System_String_o* param0, System_String_o* param1, System_String_o* param2, uint32_t param3, const MethodInfo* method);"
13437064,DelegateFactory.NetWorkUnit_NetworkManagerBase_OnSocketErrorEventDelegate_Event$$CallWithSelf,"void DelegateFactory_NetWorkUnit_NetworkManagerBase_OnSocketErrorEventDelegate_Event__CallWithSelf (DelegateFactory_NetWorkUnit_NetworkManagerBase_OnSocketErrorEventDelegate_Event_o* __this, System_String_o* param0, System_String_o* param1, System_String_o* param2, uint32_t param3, const MethodInfo* method);"
13437268,DelegateFactory.NetWorkUnit_NetworkManagerBase_OnSocketTimeoutDelegate_Event$$.ctor,"void DelegateFactory_NetWorkUnit_NetworkManagerBase_OnSocketTimeoutDelegate_Event___ctor (DelegateFactory_NetWorkUnit_NetworkManagerBase_OnSocketTimeoutDelegate_Event_o* __this, LuaInterface_LuaFunction_o* func, const MethodInfo* method);"
13437276,DelegateFactory.NetWorkUnit_NetworkManagerBase_OnSocketTimeoutDelegate_Event$$.ctor,"void DelegateFactory_NetWorkUnit_NetworkManagerBase_OnSocketTimeoutDelegate_Event___ctor (DelegateFactory_NetWorkUnit_NetworkManagerBase_OnSocketTimeoutDelegate_Event_o* __this, LuaInterface_LuaFunction_o* func, LuaInterface_LuaTable_o* self, const MethodInfo* method);"
13437284,DelegateFactory.NetWorkUnit_NetworkManagerBase_OnSocketTimeoutDelegate_Event$$Call,"void DelegateFactory_NetWorkUnit_NetworkManagerBase_OnSocketTimeoutDelegate_Event__Call (DelegateFactory_NetWorkUnit_NetworkManagerBase_OnSocketTimeoutDelegate_Event_o* __this, uint32_t param0, uint32_t param1, float param2, float param3, const MethodInfo* method);"
13437468,DelegateFactory.NetWorkUnit_NetworkManagerBase_OnSocketTimeoutDelegate_Event$$CallWithSelf,"void DelegateFactory_NetWorkUnit_NetworkManagerBase_OnSocketTimeoutDelegate_Event__CallWithSelf (DelegateFactory_NetWorkUnit_NetworkManagerBase_OnSocketTimeoutDelegate_Event_o* __this, uint32_t param0, uint32_t param1, float param2, float param3, const MethodInfo* method);"
13441564,DelegateFactory.<>c$$<NetWorkUnit_NetworkManagerBase_OnSocketErrorEventDelegate>b__426_0,"void DelegateFactory___c___NetWorkUnit_NetworkManagerBase_OnSocketErrorEventDelegate_b__426_0 (DelegateFactory___c_o* __this, System_String_o* param0, System_String_o* param1, System_String_o* param2, uint32_t param3, const MethodInfo* method);"
13441568,DelegateFactory.<>c$$<NetWorkUnit_NetworkManagerBase_OnSocketTimeoutDelegate>b__430_0,"void DelegateFactory___c___NetWorkUnit_NetworkManagerBase_OnSocketTimeoutDelegate_b__430_0 (DelegateFactory___c_o* __this, uint32_t param0, uint32_t param1, float param2, float param3, const MethodInfo* method);"
13753244,Helpers_ResourceHelperWrap$$GetNetworkReachability,"int32_t Helpers_ResourceHelperWrap__GetNetworkReachability (intptr_t L, const MethodInfo* method);"
14053204,LuaBinder$$NetWorkUnit_NetworkManagerBase_OnSocketErrorEventDelegate,"int32_t LuaBinder__NetWorkUnit_NetworkManagerBase_OnSocketErrorEventDelegate (intptr_t L, const MethodInfo* method);"
14053732,LuaBinder$$NetWorkUnit_NetworkManagerBase_OnSocketTimeoutDelegate,"int32_t LuaBinder__NetWorkUnit_NetworkManagerBase_OnSocketTimeoutDelegate (intptr_t L, const MethodInfo* method);"
14295728,Lua_NetworkHelperWrap$$InitNetWorkProtocolParser,"int32_t Lua_NetworkHelperWrap__InitNetWorkProtocolParser (intptr_t L, const MethodInfo* method);"
14296016,Lua_NetworkHelperWrap$$Disconnect,"int32_t Lua_NetworkHelperWrap__Disconnect (intptr_t L, const MethodInfo* method);"
14296368,Lua_NetworkHelperWrap$$Connect,"int32_t Lua_NetworkHelperWrap__Connect (intptr_t L, const MethodInfo* method);"
14297072,Lua_NetworkHelperWrap$$SetOnSocketCommunicateDelegate,"int32_t Lua_NetworkHelperWrap__SetOnSocketCommunicateDelegate (intptr_t L, const MethodInfo* method);"
14297444,Lua_NetworkHelperWrap$$SetOnSocketErrorEventDelegate,"int32_t Lua_NetworkHelperWrap__SetOnSocketErrorEventDelegate (intptr_t L, const MethodInfo* method);"
14297796,Lua_NetworkHelperWrap$$SetOnSocketTimeoutDelegate,"int32_t Lua_NetworkHelperWrap__SetOnSocketTimeoutDelegate (intptr_t L, const MethodInfo* method);"
14298148,Lua_NetworkHelperWrap$$Ping,"int32_t Lua_NetworkHelperWrap__Ping (intptr_t L, const MethodInfo* method);"
14298676,Lua_NetworkHelperWrap$$SendSelf,"int32_t Lua_NetworkHelperWrap__SendSelf (intptr_t L, const MethodInfo* method);"
14299056,Lua_NetworkHelperWrap$$Send,"int32_t Lua_NetworkHelperWrap__Send (intptr_t L, const MethodInfo* method);"
14299436,Lua_NetworkHelperWrap$$GetNetPacket,"int32_t Lua_NetworkHelperWrap__GetNetPacket (intptr_t L, const MethodInfo* method);"
14299848,Lua_NetworkHelperWrap$$GetCurrentInternetReachability,"int32_t Lua_NetworkHelperWrap__GetCurrentInternetReachability (intptr_t L, const MethodInfo* method);"
14300180,Lua_NetworkHelperWrap$$SetWWWDownload,"int32_t Lua_NetworkHelperWrap__SetWWWDownload (intptr_t L, const MethodInfo* method);"
14300576,Lua_NetworkHelperWrap$$GetIPAddress,"int32_t Lua_NetworkHelperWrap__GetIPAddress (intptr_t L, const MethodInfo* method);"
14300952,Lua_NetworkHelperWrap$$Register,"void Lua_NetworkHelperWrap__Register (LuaInterface_LuaState_o* L, const MethodInfo* method);"
14302272,Lua_NetworkHelperWrap$$.ctor,"void Lua_NetworkHelperWrap___ctor (Lua_NetworkHelperWrap_o* __this, const MethodInfo* method);"
15345024,WXInterfaceWrap$$GetNetworkType,"int32_t WXInterfaceWrap__GetNetworkType (intptr_t L, const MethodInfo* method);"
15699964,LuaClient$$LuaOpen_Socket_Core,"int32_t LuaClient__LuaOpen_Socket_Core (intptr_t L, const MethodInfo* method);"
15700748,LuaClient$$OpenLuaSocket,"void LuaClient__OpenLuaSocket (LuaClient_o* __this, const MethodInfo* method);"
17075856,GameLogic.NetworkDisplayer$$Awake,"void GameLogic_NetworkDisplayer__Awake (GameLogic_NetworkDisplayer_o* __this, const MethodInfo* method);"
17075964,GameLogic.NetworkDisplayer$$.ctor,"void GameLogic_NetworkDisplayer___ctor (GameLogic_NetworkDisplayer_o* __this, const MethodInfo* method);"
17147064,NetWorkUnit.NetWorkProtocolParser$$CreateNetPacket,"int32_t NetWorkUnit_NetWorkProtocolParser__CreateNetPacket (intptr_t L, const MethodInfo* method);"
17147220,NetWorkUnit.NetWorkProtocolParser$$SendNetPacket,"int32_t NetWorkUnit_NetWorkProtocolParser__SendNetPacket (intptr_t L, const MethodInfo* method);"
17147340,NetWorkUnit.NetWorkProtocolParser$$.ctor,"void NetWorkUnit_NetWorkProtocolParser___ctor (NetWorkUnit_NetWorkProtocolParser_o* __this, const MethodInfo* method);"
17147828,NetWorkUnit.NetWorkProtocolParser$$get_netWorkProtocolInfo,"NetWorkUnit_NetWorkProtocolParser_NetWorkProtocolInfo_o* NetWorkUnit_NetWorkProtocolParser__get_netWorkProtocolInfo (NetWorkUnit_NetWorkProtocolParser_o* __this, const MethodInfo* method);"
17147836,NetWorkUnit.NetWorkProtocolParser$$ParseOnePass,"bool NetWorkUnit_NetWorkProtocolParser__ParseOnePass (NetWorkUnit_NetWorkProtocolParser_o* __this, int32_t sid, int32_t pid, NetWorkUnit_NetPacket_o* packet, const MethodInfo* method);"
17148976,NetWorkUnit.NetWorkProtocolParser$$Do_SendToLua,"void NetWorkUnit_NetWorkProtocolParser__Do_SendToLua (NetWorkUnit_NetWorkProtocolParser_o* __this, int32_t sid, int32_t pid, LuaInterface_LuaFunction_o* func, const MethodInfo* method);"
17149080,NetWorkUnit.NetWorkProtocolParser$$RecvOnePass,"bool NetWorkUnit_NetWorkProtocolParser__RecvOnePass (NetWorkUnit_NetWorkProtocolParser_o* __this, int32_t sid, int32_t pid, NetWorkUnit_NetPacket_o* packet, NetWorkUnit_NetWorkProtocolParser_PFunction_o* f, bool naming, LuaInterface_LuaFunction_o* func, int32_t* argIndex, bool checkPacket, const MethodInfo* method);"
17152304,NetWorkUnit.NetWorkProtocolParser$$LuaState_SetTable,"void NetWorkUnit_NetWorkProtocolParser__LuaState_SetTable (NetWorkUnit_NetWorkProtocolParser_o* __this, bool naming, int32_t i, const MethodInfo* method);"
17152360,NetWorkUnit.NetWorkProtocolParser$$CheckPackIsReadAll,"void NetWorkUnit_NetWorkProtocolParser__CheckPackIsReadAll (NetWorkUnit_NetWorkProtocolParser_o* __this, NetWorkUnit_NetPacket_o* packet, const MethodInfo* method);"
17152912,NetWorkUnit.NetWorkProtocolParser$$GetStructName,"System_String_o* NetWorkUnit_NetWorkProtocolParser__GetStructName (NetWorkUnit_NetWorkProtocolParser_o* __this, int32_t typeid, const MethodInfo* method);"
17152940,NetWorkUnit.NetWorkProtocolParser$$ParseReadArrayOnePass,"bool NetWorkUnit_NetWorkProtocolParser__ParseReadArrayOnePass (NetWorkUnit_NetWorkProtocolParser_o* __this, int32_t sid, int32_t pid, NetWorkUnit_NetPacket_o* packet, int32_t lastarraycount, NetWorkUnit_NetWorkProtocolParser_ProtocelParams_o* arg, const MethodInfo* method);"
17154352,NetWorkUnit.NetWorkProtocolParser$$ParseVariableAttr,"void NetWorkUnit_NetWorkProtocolParser__ParseVariableAttr (NetWorkUnit_NetWorkProtocolParser_o* __this, int32_t sid, int32_t pid, NetWorkUnit_NetPacket_o* packet, int32_t lastarraycount, NetWorkUnit_NetWorkProtocolParser_PFunction_o* _var_struct, const MethodInfo* method);"
17154752,NetWorkUnit.NetWorkProtocolParser$$Init,"void NetWorkUnit_NetWorkProtocolParser__Init (NetWorkUnit_NetWorkProtocolParser_o* __this, const MethodInfo* method);"
17154996,NetWorkUnit.NetworkManager$$get_Instance,NetWorkUnit_NetworkManager_o* NetWorkUnit_NetworkManager__get_Instance (const MethodInfo* method);
17155140,NetWorkUnit.NetworkManagerBase.OnSocketReceviePacketDelegate$$.ctor,"void NetWorkUnit_NetworkManagerBase_OnSocketReceviePacketDelegate___ctor (NetWorkUnit_NetworkManagerBase_OnSocketReceviePacketDelegate_o* __this, Il2CppObject* object, intptr_t method, const MethodInfo* method);"
17155336,NetWorkUnit.NetWorkProtocolParser$$OnLuaQuit,"void NetWorkUnit_NetWorkProtocolParser__OnLuaQuit (NetWorkUnit_NetWorkProtocolParser_o* __this, const MethodInfo* method);"
17155448,NetWorkUnit.NetWorkProtocolParser$$Parse,"bool NetWorkUnit_NetWorkProtocolParser__Parse (NetWorkUnit_NetWorkProtocolParser_o* __this, int32_t sid, int32_t pid, NetWorkUnit_NetPacket_o* packet, bool* IsExpensivePacket, const MethodInfo* method);"
17156008,NetWorkUnit.NetworkManagerBase$$ShouldProtocolHandleByCSharp,"bool NetWorkUnit_NetworkManagerBase__ShouldProtocolHandleByCSharp (NetWorkUnit_NetworkManagerBase_o* __this, int32_t sysID, int32_t funcID, const MethodInfo* method);"
17156016,NetWorkUnit.NetWorkProtocolParser$$Load,"void NetWorkUnit_NetWorkProtocolParser__Load (NetWorkUnit_NetWorkProtocolParser_o* __this, System_String_o* fileName, const MethodInfo* method);"
17156248,NetWorkUnit.NetWorkProtocolParser.NetWorkProtocolInfo$$CreateNetWorkProtocolInfo,"NetWorkUnit_NetWorkProtocolParser_NetWorkProtocolInfo_o* NetWorkUnit_NetWorkProtocolParser_NetWorkProtocolInfo__CreateNetWorkProtocolInfo (ConfigData_RawFile_o* rawFile, const MethodInfo* method);"
17158276,NetWorkUnit.NetWorkProtocolParser$$stackDump,"void NetWorkUnit_NetWorkProtocolParser__stackDump (intptr_t L, NetWorkUnit_NetWorkProtocolParser_LogFormatDelegate_o* logDelegate, const MethodInfo* method);"
17160044,NetWorkUnit.NetWorkProtocolParser.LogFormatDelegate$$.ctor,"void NetWorkUnit_NetWorkProtocolParser_LogFormatDelegate___ctor (NetWorkUnit_NetWorkProtocolParser_LogFormatDelegate_o* __this, Il2CppObject* object, intptr_t method, const MethodInfo* method);"
17160260,NetWorkUnit.NetWorkProtocolParser$$LogErrWrite,"void NetWorkUnit_NetWorkProtocolParser__LogErrWrite (NetWorkUnit_NetWorkProtocolParser_o* __this, int32_t luatype, NetWorkUnit_NetPacket_o* pack, int32_t param_index, NetWorkUnit_NetWorkProtocolParser_ProtocelParams_o* param, int32_t expected, const MethodInfo* method);"
17160920,NetWorkUnit.NetWorkProtocolParser$$Write,"bool NetWorkUnit_NetWorkProtocolParser__Write (NetWorkUnit_NetWorkProtocolParser_o* __this, intptr_t L, NetWorkUnit_NetPacket_o* pack, int32_t param_index, NetWorkUnit_NetWorkProtocolParser_ProtocelParams_o* param, const MethodInfo* method);"
17163920,NetWorkUnit.NetWorkProtocolParser.ProtocelParams$$.ctor,"void NetWorkUnit_NetWorkProtocolParser_ProtocelParams___ctor (NetWorkUnit_NetWorkProtocolParser_ProtocelParams_o* __this, const MethodInfo* method);"
17164000,NetWorkUnit.NetWorkProtocolParser$$_CreateNetPacketNoParams,"NetWorkUnit_NetPacket_o* NetWorkUnit_NetWorkProtocolParser___CreateNetPacketNoParams (NetWorkUnit_NetWorkProtocolParser_o* __this, intptr_t L, const MethodInfo* method);"
17164884,NetWorkUnit.NetworkManagerBase$$CreatePacket,"NetWorkUnit_NetPacket_o* NetWorkUnit_NetworkManagerBase__CreatePacket (NetWorkUnit_NetworkManagerBase_o* __this, uint8_t sysId, uint8_t msgId, int32_t index, const MethodInfo* method);"
17164912,NetWorkUnit.NetWorkProtocolParser$$_CreateNetPacketNumber,"NetWorkUnit_NetPacket_o* NetWorkUnit_NetWorkProtocolParser___CreateNetPacketNumber (NetWorkUnit_NetWorkProtocolParser_o* __this, intptr_t L, const MethodInfo* method);"
17165484,NetWorkUnit.NetWorkProtocolParser$$_CreateNetPacket,"NetWorkUnit_NetPacket_o* NetWorkUnit_NetWorkProtocolParser___CreateNetPacket (NetWorkUnit_NetWorkProtocolParser_o* __this, intptr_t L, const MethodInfo* method);"
17167384,NetWorkUnit.NetworkManagerBase$$SendPacket,"void NetWorkUnit_NetworkManagerBase__SendPacket (NetWorkUnit_NetworkManagerBase_o* __this, NetWorkUnit_NetPacket_o* packet, int32_t index, const MethodInfo* method);"
17167424,NetWorkUnit.NetWorkProtocolParser.NetWorkProtocolInfo$$CreatePFunction,"System_Collections_Generic_Dictionary_int__NetWorkProtocolParser_PFunction__o* NetWorkUnit_NetWorkProtocolParser_NetWorkProtocolInfo__CreatePFunction (NetWorkUnit_NetWorkProtocolParser_NetWorkProtocolInfo_o* info, ConfigData_RawFile_o* rawFile, int32_t parentKey, const MethodInfo* method);"
17168540,NetWorkUnit.NetWorkProtocolParser.PFunction$$.ctor,"void NetWorkUnit_NetWorkProtocolParser_PFunction___ctor (NetWorkUnit_NetWorkProtocolParser_PFunction_o* __this, const MethodInfo* method);"
17168620,NetWorkUnit.NetWorkProtocolParser.ProtocelSkipParams$$.ctor,"void NetWorkUnit_NetWorkProtocolParser_ProtocelSkipParams___ctor (NetWorkUnit_NetWorkProtocolParser_ProtocelSkipParams_o* __this, const MethodInfo* method);"
17168628,NetWorkUnit.NetWorkProtocolParser.NetWorkProtocolInfo$$CreateProtocel,"NetWorkUnit_NetWorkProtocolParser_Protocel_o* NetWorkUnit_NetWorkProtocolParser_NetWorkProtocolInfo__CreateProtocel (ConfigData_RawFile_o* rawFile, NetWorkUnit_NetWorkProtocolParser_NetWorkProtocolInfo_o* info, const MethodInfo* method);"
17168776,NetWorkUnit.NetWorkProtocolParser.Protocel$$.ctor,"void NetWorkUnit_NetWorkProtocolParser_Protocel___ctor (NetWorkUnit_NetWorkProtocolParser_Protocel_o* __this, const MethodInfo* method);"
17168784,NetWorkUnit.NetWorkProtocolParser.NetWorkProtocolInfo$$.ctor,"void NetWorkUnit_NetWorkProtocolParser_NetWorkProtocolInfo___ctor (NetWorkUnit_NetWorkProtocolParser_NetWorkProtocolInfo_o* __this, const MethodInfo* method);"
17168792,NetWorkUnit.NetWorkProtocolParser.DataBlock$$.ctor,"void NetWorkUnit_NetWorkProtocolParser_DataBlock___ctor (NetWorkUnit_NetWorkProtocolParser_DataBlock_o* __this, const MethodInfo* method);"
17168800,NetWorkUnit.NetWorkProtocolParser.DataBlock$$cleanup,"void NetWorkUnit_NetWorkProtocolParser_DataBlock__cleanup (NetWorkUnit_NetWorkProtocolParser_DataBlock_o* __this, const MethodInfo* method);"
17168808,NetWorkUnit.NetWorkProtocolParser.DataBlock$$GetDataBlock,"NetWorkUnit_NetWorkProtocolParser_DataBlock_o* NetWorkUnit_NetWorkProtocolParser_DataBlock__GetDataBlock (uint8_t datatype, const MethodInfo* method);"
17168988,NetWorkUnit.NetWorkProtocolParser.DataBlock$$Recycle,"void NetWorkUnit_NetWorkProtocolParser_DataBlock__Recycle (NetWorkUnit_NetWorkProtocolParser_DataBlock_o* block, const MethodInfo* method);"
17169100,NetWorkUnit.NetWorkProtocolParser.DataBlock$$Push,"void NetWorkUnit_NetWorkProtocolParser_DataBlock__Push (NetWorkUnit_NetWorkProtocolParser_DataBlock_o* __this, LuaInterface_LuaFunction_o* func, LuaInterface_LuaState_o* state, const MethodInfo* method);"
17169988,NetWorkUnit.NetWorkProtocolParser.DataBlock$$Push,"void NetWorkUnit_NetWorkProtocolParser_DataBlock__Push (NetWorkUnit_NetWorkProtocolParser_DataBlock_o* __this, LuaInterface_LuaState_o* state, const MethodInfo* method);"
17171272,NetWorkUnit.NetWorkProtocolParser.LogFormatDelegate$$Invoke,"void NetWorkUnit_NetWorkProtocolParser_LogFormatDelegate__Invoke (NetWorkUnit_NetWorkProtocolParser_LogFormatDelegate_o* __this, System_String_o* format, System_Object_array* args, const MethodInfo* method);"
17171292,NetWorkUnit.NetWorkProtocolParser.LogFormatDelegate$$BeginInvoke,"System_IAsyncResult_o* NetWorkUnit_NetWorkProtocolParser_LogFormatDelegate__BeginInvoke (NetWorkUnit_NetWorkProtocolParser_LogFormatDelegate_o* __this, System_String_o* format, System_Object_array* args, System_AsyncCallback_o* callback, Il2CppObject* object, const MethodInfo* method);"
17171332,NetWorkUnit.NetWorkProtocolParser.LogFormatDelegate$$EndInvoke,"void NetWorkUnit_NetWorkProtocolParser_LogFormatDelegate__EndInvoke (NetWorkUnit_NetWorkProtocolParser_LogFormatDelegate_o* __this, System_IAsyncResult_o* result, const MethodInfo* method);"
17171344,NetWorkUnit.NetworkManager$$.ctor,"void NetWorkUnit_NetworkManager___ctor (NetWorkUnit_NetworkManager_o* __this, const MethodInfo* method);"
17171348,NetWorkUnit.NetworkManagerBase$$Initialize,"void NetWorkUnit_NetworkManagerBase__Initialize (NetWorkUnit_NetworkManagerBase_o* __this, const MethodInfo* method);"
17172272,NetWorkUnit.NetworkManagerBase$$.ctor,"void NetWorkUnit_NetworkManagerBase___ctor (NetWorkUnit_NetworkManagerBase_o* __this, const MethodInfo* method);"
17172544,NetWorkUnit.ProtoclDesc$$.ctor,"void NetWorkUnit_ProtoclDesc___ctor (NetWorkUnit_ProtoclDesc_o* __this, const MethodInfo* method);"
17172552,NetWorkUnit.NetworkManagerBase$$SetNetWorkService,"void NetWorkUnit_NetworkManagerBase__SetNetWorkService (NetWorkUnit_NetworkManagerBase_o* __this, NetWorkUnit_NetWorkService_o* s, const MethodInfo* method);"
17172652,NetWorkUnit.NetworkManagerBase$$GetNetWorkService,"NetWorkUnit_NetWorkService_o* NetWorkUnit_NetworkManagerBase__GetNetWorkService (NetWorkUnit_NetworkManagerBase_o* __this, int32_t index, const MethodInfo* method);"
17172660,NetWorkUnit.NetworkManagerBase$$Dispatch,"void NetWorkUnit_NetworkManagerBase__Dispatch (NetWorkUnit_NetworkManagerBase_o* __this, uint8_t sysID, uint8_t funcID, NetWorkUnit_NetPacket_o* recvPacket, bool* IsExpensivePacket, const MethodInfo* method);"
17173040,NetWorkUnit.NetworkManagerBase$$OnSocketConnect,"void NetWorkUnit_NetworkManagerBase__OnSocketConnect (NetWorkUnit_NetworkManagerBase_o* __this, System_Object_array* parms, const MethodInfo* method);"
17173312,NetWorkUnit.NetworkManagerBase$$OnSocketCommunicate,"void NetWorkUnit_NetworkManagerBase__OnSocketCommunicate (NetWorkUnit_NetworkManagerBase_o* __this, System_Object_array* parms, const MethodInfo* method);"
17173584,NetWorkUnit.NetworkManagerBase$$OnSocketReceviePacket,"void NetWorkUnit_NetworkManagerBase__OnSocketReceviePacket (NetWorkUnit_NetworkManagerBase_o* __this, NetWorkUnit_NetWorkService_o* s, uint8_t sysID, uint8_t funcID, NetWorkUnit_NetPacket_o* recvPacket, bool* IsExpensivePacket, const MethodInfo* method);"
17173664,NetWorkUnit.NetworkManagerBase$$OnSocketErrorEvent,"void NetWorkUnit_NetworkManagerBase__OnSocketErrorEvent (NetWorkUnit_NetworkManagerBase_o* __this, System_Object_array* parms, const MethodInfo* method);"
17174412,NetWorkUnit.NetworkManagerBase$$OnSocketTimeout,"void NetWorkUnit_NetworkManagerBase__OnSocketTimeout (NetWorkUnit_NetworkManagerBase_o* __this, uint32_t lastsend, uint32_t timeout, float glastsend, float gtimeout, const MethodInfo* method);"
17174440,NetWorkUnit.NetworkManagerBase$$SetOnSocketCommunicateDelegate,"void NetWorkUnit_NetworkManagerBase__SetOnSocketCommunicateDelegate (NetWorkUnit_NetworkManagerBase_o* __this, System_Action_uint__o* c1, const MethodInfo* method);"
17174448,NetWorkUnit.NetworkManagerBase$$SetOnSocketErrorEventDelegate,"void NetWorkUnit_NetworkManagerBase__SetOnSocketErrorEventDelegate (NetWorkUnit_NetworkManagerBase_o* __this, NetWorkUnit_NetworkManagerBase_OnSocketErrorEventDelegate_o* c1, const MethodInfo* method);"
17174456,NetWorkUnit.NetworkManagerBase$$SetOnSocketReceviePacketDelegate,"void NetWorkUnit_NetworkManagerBase__SetOnSocketReceviePacketDelegate (NetWorkUnit_NetworkManagerBase_o* __this, NetWorkUnit_NetworkManagerBase_OnSocketReceviePacketDelegate_o* c1, const MethodInfo* method);"
17174464,NetWorkUnit.NetworkManagerBase$$SetOnSocketTimeoutDelegate,"void NetWorkUnit_NetworkManagerBase__SetOnSocketTimeoutDelegate (NetWorkUnit_NetworkManagerBase_o* __this, NetWorkUnit_NetworkManagerBase_OnSocketTimeoutDelegate_o* c1, const MethodInfo* method);"
17174472,NetWorkUnit.NetworkManagerBase$$LoadCSharpSetting,"void NetWorkUnit_NetworkManagerBase__LoadCSharpSetting (NetWorkUnit_NetworkManagerBase_o* __this, System_String_o* file, const MethodInfo* method);"
17175016,NetWorkUnit.NetworkManagerBase$$Connect,"uint32_t NetWorkUnit_NetworkManagerBase__Connect (NetWorkUnit_NetworkManagerBase_o* __this, System_String_o* address, int32_t port, int32_t index, const MethodInfo* method);"
17175064,NetWorkUnit.NetworkManagerBase$$DisconnectAll,"void NetWorkUnit_NetworkManagerBase__DisconnectAll (NetWorkUnit_NetworkManagerBase_o* __this, const MethodInfo* method);"
17175100,NetWorkUnit.NetworkManagerBase$$Disconnect,"void NetWorkUnit_NetworkManagerBase__Disconnect (NetWorkUnit_NetworkManagerBase_o* __this, int32_t index, const MethodInfo* method);"
17175136,NetWorkUnit.NetworkManagerBase$$Register,"void NetWorkUnit_NetworkManagerBase__Register (NetWorkUnit_NetworkManagerBase_o* __this, uint8_t sysID, uint8_t funcID, NetWorkUnit_NetworkManagerBase_OnSocketReceviePacketHandler_o* handler, const MethodInfo* method);"
17175300,NetWorkUnit.NetworkManagerBase$$IgnoreProtocol,"bool NetWorkUnit_NetworkManagerBase__IgnoreProtocol (NetWorkUnit_NetworkManagerBase_o* __this, int32_t sid, int32_t pid, const MethodInfo* method);"
17175308,NetWorkUnit.NetworkManagerBase.LogSetter$$.ctor,"void NetWorkUnit_NetworkManagerBase_LogSetter___ctor (NetWorkUnit_NetworkManagerBase_LogSetter_o* __this, Il2CppObject* object, intptr_t method, const MethodInfo* method);"
17175504,NetWorkUnit.NetworkManagerBase.LogSetter$$Invoke,"void NetWorkUnit_NetworkManagerBase_LogSetter__Invoke (NetWorkUnit_NetworkManagerBase_LogSetter_o* __this, bool v, const MethodInfo* method);"
17175528,NetWorkUnit.NetworkManagerBase.LogSetter$$BeginInvoke,"System_IAsyncResult_o* NetWorkUnit_NetworkManagerBase_LogSetter__BeginInvoke (NetWorkUnit_NetworkManagerBase_LogSetter_o* __this, bool v, System_AsyncCallback_o* callback, Il2CppObject* object, const MethodInfo* method);"
17175664,NetWorkUnit.NetworkManagerBase.LogSetter$$EndInvoke,"void NetWorkUnit_NetworkManagerBase_LogSetter__EndInvoke (NetWorkUnit_NetworkManagerBase_LogSetter_o* __this, System_IAsyncResult_o* result, const MethodInfo* method);"
17175676,NetWorkUnit.NetworkManagerBase.LogGetter$$.ctor,"void NetWorkUnit_NetworkManagerBase_LogGetter___ctor (NetWorkUnit_NetworkManagerBase_LogGetter_o* __this, Il2CppObject* object, intptr_t method, const MethodInfo* method);"
17175864,NetWorkUnit.NetworkManagerBase.LogGetter$$Invoke,"bool NetWorkUnit_NetworkManagerBase_LogGetter__Invoke (NetWorkUnit_NetworkManagerBase_LogGetter_o* __this, const MethodInfo* method);"
17175884,NetWorkUnit.NetworkManagerBase.LogGetter$$BeginInvoke,"System_IAsyncResult_o* NetWorkUnit_NetworkManagerBase_LogGetter__BeginInvoke (NetWorkUnit_NetworkManagerBase_LogGetter_o* __this, System_AsyncCallback_o* callback, Il2CppObject* object, const MethodInfo* method);"
17175916,NetWorkUnit.NetworkManagerBase.LogGetter$$EndInvoke,"bool NetWorkUnit_NetworkManagerBase_LogGetter__EndInvoke (NetWorkUnit_NetworkManagerBase_LogGetter_o* __this, System_IAsyncResult_o* result, const MethodInfo* method);"
17175956,NetWorkUnit.NetworkManagerBase.OnSocketErrorEventDelegate$$.ctor,"void NetWorkUnit_NetworkManagerBase_OnSocketErrorEventDelegate___ctor (NetWorkUnit_NetworkManagerBase_OnSocketErrorEventDelegate_o* __this, Il2CppObject* object, intptr_t method, const MethodInfo* method);"
17176172,NetWorkUnit.NetworkManagerBase.OnSocketErrorEventDelegate$$Invoke,"void NetWorkUnit_NetworkManagerBase_OnSocketErrorEventDelegate__Invoke (NetWorkUnit_NetworkManagerBase_OnSocketErrorEventDelegate_o* __this, System_String_o* type, System_String_o* code, System_String_o* error, uint32_t id, const MethodInfo* method);"
17176192,NetWorkUnit.NetworkManagerBase.OnSocketErrorEventDelegate$$BeginInvoke,"System_IAsyncResult_o* NetWorkUnit_NetworkManagerBase_OnSocketErrorEventDelegate__BeginInvoke (NetWorkUnit_NetworkManagerBase_OnSocketErrorEventDelegate_o* __this, System_String_o* type, System_String_o* code, System_String_o* error, uint32_t id, System_AsyncCallback_o* callback, Il2CppObject* object, const MethodInfo* method);"
17176360,NetWorkUnit.NetworkManagerBase.OnSocketErrorEventDelegate$$EndInvoke,"void NetWorkUnit_NetworkManagerBase_OnSocketErrorEventDelegate__EndInvoke (NetWorkUnit_NetworkManagerBase_OnSocketErrorEventDelegate_o* __this, System_IAsyncResult_o* result, const MethodInfo* method);"
17176372,NetWorkUnit.NetworkManagerBase.OnSocketReceviePacketDelegate$$Invoke,"bool NetWorkUnit_NetworkManagerBase_OnSocketReceviePacketDelegate__Invoke (NetWorkUnit_NetworkManagerBase_OnSocketReceviePacketDelegate_o* __this, int32_t sysID, int32_t funcID, NetWorkUnit_NetPacket_o* packet, bool* IsExpensivePacket, const MethodInfo* method);"
17176392,NetWorkUnit.NetworkManagerBase.OnSocketReceviePacketDelegate$$BeginInvoke,"System_IAsyncResult_o* NetWorkUnit_NetworkManagerBase_OnSocketReceviePacketDelegate__BeginInvoke (NetWorkUnit_NetworkManagerBase_OnSocketReceviePacketDelegate_o* __this, int32_t sysID, int32_t funcID, NetWorkUnit_NetPacket_o* packet, bool* IsExpensivePacket, System_AsyncCallback_o* callback, Il2CppObject* object, const MethodInfo* method);"
17176608,NetWorkUnit.NetworkManagerBase.OnSocketReceviePacketDelegate$$EndInvoke,"bool NetWorkUnit_NetworkManagerBase_OnSocketReceviePacketDelegate__EndInvoke (NetWorkUnit_NetworkManagerBase_OnSocketReceviePacketDelegate_o* __this, bool* IsExpensivePacket, System_IAsyncResult_o* result, const MethodInfo* method);"
17176652,NetWorkUnit.NetworkManagerBase.OnSocketTimeoutDelegate$$.ctor,"void NetWorkUnit_NetworkManagerBase_OnSocketTimeoutDelegate___ctor (NetWorkUnit_NetworkManagerBase_OnSocketTimeoutDelegate_o* __this, Il2CppObject* object, intptr_t method, const MethodInfo* method);"
17176848,NetWorkUnit.NetworkManagerBase.OnSocketTimeoutDelegate$$Invoke,"void NetWorkUnit_NetworkManagerBase_OnSocketTimeoutDelegate__Invoke (NetWorkUnit_NetworkManagerBase_OnSocketTimeoutDelegate_o* __this, uint32_t lastsend, uint32_t timeout, float glastsend, float gtimeout, const MethodInfo* method);"
17176868,NetWorkUnit.NetworkManagerBase.OnSocketTimeoutDelegate$$BeginInvoke,"System_IAsyncResult_o* NetWorkUnit_NetworkManagerBase_OnSocketTimeoutDelegate__BeginInvoke (NetWorkUnit_NetworkManagerBase_OnSocketTimeoutDelegate_o* __this, uint32_t lastsend, uint32_t timeout, float glastsend, float gtimeout, System_AsyncCallback_o* callback, Il2CppObject* object, const MethodInfo* method);"
17177092,NetWorkUnit.NetworkManagerBase.OnSocketTimeoutDelegate$$EndInvoke,"void NetWorkUnit_NetworkManagerBase_OnSocketTimeoutDelegate__EndInvoke (NetWorkUnit_NetworkManagerBase_OnSocketTimeoutDelegate_o* __this, System_IAsyncResult_o* result, const MethodInfo* method);"
17177104,NetWorkUnit.NetworkManagerBase.OnSocketReceviePacketHandler$$.ctor,"void NetWorkUnit_NetworkManagerBase_OnSocketReceviePacketHandler___ctor (NetWorkUnit_NetworkManagerBase_OnSocketReceviePacketHandler_o* __this, Il2CppObject* object, intptr_t method, const MethodInfo* method);"
17177404,NetWorkUnit.NetworkManagerBase.OnSocketReceviePacketHandler$$Invoke,"void NetWorkUnit_NetworkManagerBase_OnSocketReceviePacketHandler__Invoke (NetWorkUnit_NetworkManagerBase_OnSocketReceviePacketHandler_o* __this, NetWorkUnit_NetPacket_o* packet, const MethodInfo* method);"
17177424,NetWorkUnit.NetworkManagerBase.OnSocketReceviePacketHandler$$BeginInvoke,"System_IAsyncResult_o* NetWorkUnit_NetworkManagerBase_OnSocketReceviePacketHandler__BeginInvoke (NetWorkUnit_NetworkManagerBase_OnSocketReceviePacketHandler_o* __this, NetWorkUnit_NetPacket_o* packet, System_AsyncCallback_o* callback, Il2CppObject* object, const MethodInfo* method);"
17177456,NetWorkUnit.NetworkManagerBase.OnSocketReceviePacketHandler$$EndInvoke,"void NetWorkUnit_NetworkManagerBase_OnSocketReceviePacketHandler__EndInvoke (NetWorkUnit_NetworkManagerBase_OnSocketReceviePacketHandler_o* __this, System_IAsyncResult_o* result, const MethodInfo* method);"
17177468,NetWorkUnit.NetworkManagerBase.ProtocoLogger$$.ctor,"void NetWorkUnit_NetworkManagerBase_ProtocoLogger___ctor (NetWorkUnit_NetworkManagerBase_ProtocoLogger_o* __this, const MethodInfo* method);"
17177476,NetWorkUnit.NetworkManagerBase.<>c$$.cctor,void NetWorkUnit_NetworkManagerBase___c___cctor (const MethodInfo* method);
17177576,NetWorkUnit.NetworkManagerBase.<>c$$.ctor,"void NetWorkUnit_NetworkManagerBase___c___ctor (NetWorkUnit_NetworkManagerBase___c_o* __this, const MethodInfo* method);"
17177584,NetWorkUnit.NetworkManagerBase.<>c$$<Initialize>b__33_0,"void NetWorkUnit_NetworkManagerBase___c___Initialize_b__33_0 (NetWorkUnit_NetworkManagerBase___c_o* __this, NetWorkUnit_NetWorkService_o* tcp, const MethodInfo* method);"
17177736,NetWorkUnit.NetworkManagerBase.<>c$$<Initialize>b__33_1,"void NetWorkUnit_NetworkManagerBase___c___Initialize_b__33_1 (NetWorkUnit_NetworkManagerBase___c_o* __this, NetWorkUnit_NetWorkService_o* tcp, const MethodInfo* method);"
17177888,NetWorkUnit.NetworkManagerBase.<>c$$<Initialize>b__33_2,"void NetWorkUnit_NetworkManagerBase___c___Initialize_b__33_2 (NetWorkUnit_NetworkManagerBase___c_o* __this, NetWorkUnit_NetWorkService_o* tcp, NetWorkUnit_NetErrorEvent_o evt, const MethodInfo* method);"
17213228,Lua.NetworkHelper$$InitNetWorkProtocolParser,"void Lua_NetworkHelper__InitNetWorkProtocolParser (System_String_o* filename, const MethodInfo* method);"
17213324,Lua.NetworkHelper$$Disconnect,"void Lua_NetworkHelper__Disconnect (int32_t which, const MethodInfo* method);"
17213368,Lua.NetworkHelper$$Connect,"uint32_t Lua_NetworkHelper__Connect (System_String_o* address, int32_t port, int32_t index, const MethodInfo* method);"
17213416,Lua.NetworkHelper$$SetOnSocketCommunicateDelegate,"void Lua_NetworkHelper__SetOnSocketCommunicateDelegate (System_Action_uint__o* c1, const MethodInfo* method);"
17213448,Lua.NetworkHelper$$SetOnSocketErrorEventDelegate,"void Lua_NetworkHelper__SetOnSocketErrorEventDelegate (NetWorkUnit_NetworkManagerBase_OnSocketErrorEventDelegate_o* c1, const MethodInfo* method);"
17213480,Lua.NetworkHelper$$SetOnSocketTimeoutDelegate,"void Lua_NetworkHelper__SetOnSocketTimeoutDelegate (NetWorkUnit_NetworkManagerBase_OnSocketTimeoutDelegate_o* c1, const MethodInfo* method);"
17213512,Lua.NetworkHelper$$Ping_Impl,"System_Collections_IEnumerator_o* Lua_NetworkHelper__Ping_Impl (System_String_o* address, float tick, float timeout, System_Action_string__string__float__o* resultCallback, const MethodInfo* method);"
17213652,Lua.NetworkHelper.<Ping_Impl>d__6$$.ctor,"void Lua_NetworkHelper__Ping_Impl_d__6___ctor (Lua_NetworkHelper__Ping_Impl_d__6_o* __this, int32_t __1__state, const MethodInfo* method);"
17213692,Lua.NetworkHelper$$Ping,"void Lua_NetworkHelper__Ping (System_String_o* address, float tick, float timeout, System_Action_string__string__float__o* resultCallback, const MethodInfo* method);"
17213712,Lua.NetworkHelper$$SendSelf,"void Lua_NetworkHelper__SendSelf (NetWorkUnit_NetPacket_o* packet, const MethodInfo* method);"
17213852,Lua.NetworkHelper$$Send,"void Lua_NetworkHelper__Send (NetWorkUnit_NetPacket_o* packet, const MethodInfo* method);"
17213884,Lua.NetworkHelper$$GetNetPacket,"NetWorkUnit_NetPacket_o* Lua_NetworkHelper__GetNetPacket (uint8_t sysID, uint8_t funcID, const MethodInfo* method);"
17213944,Lua.NetworkHelper$$GetCurrentInternetReachability,int32_t Lua_NetworkHelper__GetCurrentInternetReachability (const MethodInfo* method);
17213952,Lua.NetworkHelper$$SetWWWDownload,"void Lua_NetworkHelper__SetWWWDownload (bool load, const MethodInfo* method);"
17214044,Lua.NetworkHelper$$GetIPAddress,"System_String_o* Lua_NetworkHelper__GetIPAddress (int32_t typeID, const MethodInfo* method);"
17215116,Lua.NetworkHelper.<Ping_Impl>d__6$$System.IDisposable.Dispose,"void Lua_NetworkHelper__Ping_Impl_d__6__System_IDisposable_Dispose (Lua_NetworkHelper__Ping_Impl_d__6_o* __this, const MethodInfo* method);"
17215120,Lua.NetworkHelper.<Ping_Impl>d__6$$MoveNext,"bool Lua_NetworkHelper__Ping_Impl_d__6__MoveNext (Lua_NetworkHelper__Ping_Impl_d__6_o* __this, const MethodInfo* method);"
17215604,Lua.NetworkHelper.<Ping_Impl>d__6$$System.Collections.Generic.IEnumerator<System.Object>.get_Current,"Il2CppObject* Lua_NetworkHelper__Ping_Impl_d__6__System_Collections_Generic_IEnumerator_System_Object__get_Current (Lua_NetworkHelper__Ping_Impl_d__6_o* __this, const MethodInfo* method);"
17215612,Lua.NetworkHelper.<Ping_Impl>d__6$$System.Collections.IEnumerator.Reset,"void Lua_NetworkHelper__Ping_Impl_d__6__System_Collections_IEnumerator_Reset (Lua_NetworkHelper__Ping_Impl_d__6_o* __this, const MethodInfo* method);"
17215676,Lua.NetworkHelper.<Ping_Impl>d__6$$System.Collections.IEnumerator.get_Current,"Il2CppObject* Lua_NetworkHelper__Ping_Impl_d__6__System_Collections_IEnumerator_get_Current (Lua_NetworkHelper__Ping_Impl_d__6_o* __this, const MethodInfo* method);"
17438048,Helpers.ResourceHelper$$GetNetworkReachability,int32_t Helpers_ResourceHelper__GetNetworkReachability (const MethodInfo* method);
17867936,ConfigData.RawFileReader$$List_List_strIntDataRead,"System_Collections_Generic_List_List_strIntData___o* ConfigData_RawFileReader__List_List_strIntDataRead (ConfigData_RawFile_o* file, const MethodInfo* method);"
17868232,ConfigData.RawFileReader$$List_strIntDataRead,"System_Collections_Generic_List_strIntData__o* ConfigData_RawFileReader__List_strIntDataRead (ConfigData_RawFile_o* file, const MethodInfo* method);"
17868528,ConfigData.RawFileReader$$strIntDataRead,"ConfigData_strIntData_o* ConfigData_RawFileReader__strIntDataRead (ConfigData_RawFile_o* file, const MethodInfo* method);"
17868692,ConfigData.RawFileReader$$List_shaderconfig_vectorsRead,"System_Collections_Generic_List_shaderconfig_vectors__o* ConfigData_RawFileReader__List_shaderconfig_vectorsRead (ConfigData_RawFile_o* file, const MethodInfo* method);"
17868988,ConfigData.RawFileReader$$shaderconfig_vectorsRead,"ConfigData_shaderconfig_vectors_o* ConfigData_RawFileReader__shaderconfig_vectorsRead (ConfigData_RawFile_o* file, const MethodInfo* method);"
17869208,ConfigData.RawFileReader$$List_shaderconfig_floatsRead,"System_Collections_Generic_List_shaderconfig_floats__o* ConfigData_RawFileReader__List_shaderconfig_floatsRead (ConfigData_RawFile_o* file, const MethodInfo* method);"
17869504,ConfigData.RawFileReader$$shaderconfig_floatsRead,"ConfigData_shaderconfig_floats_o* ConfigData_RawFileReader__shaderconfig_floatsRead (ConfigData_RawFile_o* file, const MethodInfo* method);"
17869676,ConfigData.RawFileReader$$List_shaderconfig_colorRead,"System_Collections_Generic_List_shaderconfig_color__o* ConfigData_RawFileReader__List_shaderconfig_colorRead (ConfigData_RawFile_o* file, const MethodInfo* method);"
17869972,ConfigData.RawFileReader$$shaderconfig_colorRead,"ConfigData_shaderconfig_color_o* ConfigData_RawFileReader__shaderconfig_colorRead (ConfigData_RawFile_o* file, const MethodInfo* method);"
17870144,ConfigData.RawFileReader$$List_skill_behavior_config_intParamRead,"System_Collections_Generic_List_skill_behavior_config_intParam__o* ConfigData_RawFileReader__List_skill_behavior_config_intParamRead (ConfigData_RawFile_o* file, const MethodInfo* method);"
17870440,ConfigData.RawFileReader$$skill_behavior_config_intParamRead,"ConfigData_skill_behavior_config_intParam_o* ConfigData_RawFileReader__skill_behavior_config_intParamRead (ConfigData_RawFile_o* file, const MethodInfo* method);"
17870604,ConfigData.RawFileReader$$List_skill_behavior_config_floatParamRead,"System_Collections_Generic_List_skill_behavior_config_floatParam__o* ConfigData_RawFileReader__List_skill_behavior_config_floatParamRead (ConfigData_RawFile_o* file, const MethodInfo* method);"
17870900,ConfigData.RawFileReader$$skill_behavior_config_floatParamRead,"ConfigData_skill_behavior_config_floatParam_o* ConfigData_RawFileReader__skill_behavior_config_floatParamRead (ConfigData_RawFile_o* file, const MethodInfo* method);"
18078764,DebugUtils.PacketWritter$$Write,"void DebugUtils_PacketWritter__Write (DebugUtils_PacketWritter_o* __this, System_String_o* stringData, const MethodInfo* method);"
18080484,DebugUtils.DebugTCP$$get_Socket,"System_Net_Sockets_Socket_o* DebugUtils_DebugTCP__get_Socket (DebugUtils_DebugTCP_o* __this, const MethodInfo* method);"
18080492,DebugUtils.DebugTCP$$set_Socket,"void DebugUtils_DebugTCP__set_Socket (DebugUtils_DebugTCP_o* __this, System_Net_Sockets_Socket_o* value, const MethodInfo* method);"
18080912,DebugUtils.PacketReader$$.ctor,"void DebugUtils_PacketReader___ctor (DebugUtils_PacketReader_o* __this, const MethodInfo* method);"
18080916,DebugUtils.PacketWritter$$.ctor,"void DebugUtils_PacketWritter___ctor (DebugUtils_PacketWritter_o* __this, const MethodInfo* method);"
18084576,DebugUtils.PacketReader$$Read,"void DebugUtils_PacketReader__Read (DebugUtils_PacketReader_o* __this, System_Byte_array* recv, int32_t recvSize, System_Action_Packet__o* recvPacketCallback, const MethodInfo* method);"
18085600,DebugUtils.DebugTCP$$OnReceivePacket,"void DebugUtils_DebugTCP__OnReceivePacket (DebugUtils_DebugTCP_o* __this, DebugUtils_Packet_o* packet, const MethodInfo* method);"
18087736,DebugUtils.Packet$$Reset,"void DebugUtils_Packet__Reset (DebugUtils_Packet_o* __this, const MethodInfo* method);"
18087792,DebugUtils.Packet$$CheckResizeBuffer,"void DebugUtils_Packet__CheckResizeBuffer (DebugUtils_Packet_o* __this, int32_t inputDataSize, const MethodInfo* method);"
18087904,DebugUtils.Packet$$get_byteDataLength,"int32_t DebugUtils_Packet__get_byteDataLength (DebugUtils_Packet_o* __this, const MethodInfo* method);"
18087912,DebugUtils.Packet$$get_stringData,"System_String_o* DebugUtils_Packet__get_stringData (DebugUtils_Packet_o* __this, const MethodInfo* method);"
18087920,DebugUtils.Packet$$SetData,"void DebugUtils_Packet__SetData (DebugUtils_Packet_o* __this, System_String_o* stringData, const MethodInfo* method);"
18087928,DebugUtils.Packet$$SetData,"void DebugUtils_Packet__SetData (DebugUtils_Packet_o* __this, System_Byte_array* sourceByteArray, int32_t sourceIndex, int32_t sourceSize, const MethodInfo* method);"
18088088,DebugUtils.Packet$$WriteFile,"System_String_o* DebugUtils_Packet__WriteFile (DebugUtils_Packet_o* __this, System_String_o* rootPath, System_String_o* postfix, const MethodInfo* method);"
18088776,DebugUtils.Packet$$.ctor,"void DebugUtils_Packet___ctor (DebugUtils_Packet_o* __this, const MethodInfo* method);"
18088784,DebugUtils.PacketPool$$Create,"DebugUtils_Packet_o* DebugUtils_PacketPool__Create (int32_t id, const MethodInfo* method);"
18089292,DebugUtils.PacketPool$$Release,"void DebugUtils_PacketPool__Release (DebugUtils_Packet_o* p, const MethodInfo* method);"
18089632,DebugUtils.PacketPool$$.cctor,void DebugUtils_PacketPool___cctor (const MethodInfo* method);
18089772,DebugUtils.PacketIO$$get_buffer,"System_Byte_array* DebugUtils_PacketIO__get_buffer (DebugUtils_PacketIO_o* __this, const MethodInfo* method);"
18089780,DebugUtils.PacketIO$$get_dataSize,"int32_t DebugUtils_PacketIO__get_dataSize (DebugUtils_PacketIO_o* __this, const MethodInfo* method);"
18089788,DebugUtils.PacketIO$$CheckResizeBuffer,"void DebugUtils_PacketIO__CheckResizeBuffer (DebugUtils_PacketIO_o* __this, int32_t inputDataSize, const MethodInfo* method);"
18089944,DebugUtils.PacketIO$$ShiftBuffer,"void DebugUtils_PacketIO__ShiftBuffer (DebugUtils_PacketIO_o* __this, int32_t read, const MethodInfo* method);"
18090072,DebugUtils.PacketIO$$Append,"void DebugUtils_PacketIO__Append (DebugUtils_PacketIO_o* __this, System_Byte_array* recv, int32_t recvSize, const MethodInfo* method);"
18090140,DebugUtils.PacketIO$$.ctor,"void DebugUtils_PacketIO___ctor (DebugUtils_PacketIO_o* __this, const MethodInfo* method);"
18090228,DebugUtils.PacketWritter$$Write,"void DebugUtils_PacketWritter__Write (DebugUtils_PacketWritter_o* __this, System_Byte_array* byteData, uint8_t type, const MethodInfo* method);"
18090312,DebugUtils.PacketWritter$$WriteHeader,"void DebugUtils_PacketWritter__WriteHeader (DebugUtils_PacketWritter_o* __this, int32_t byteData_Length, uint8_t type, const MethodInfo* method);"
18090940,DebugUtils.PacketWritter$$WriteFile,"void DebugUtils_PacketWritter__WriteFile (DebugUtils_PacketWritter_o* __this, System_String_o* fileName, const MethodInfo* method);"
18091300,DebugUtils.PacketReader$$Read,"void DebugUtils_PacketReader__Read (DebugUtils_PacketReader_o* __this, System_Byte_array* recv, System_Action_Packet__o* recvPacketCallback, const MethodInfo* method);"
19593752,WXInterface$$GetNetworkType,"void WXInterface__GetNetworkType (LuaInterface_LuaFunction_o* callback, const MethodInfo* method);"
21064976,BehaviorDesigner.Runtime.SharedVariable$$get_NetworkSync,"bool BehaviorDesigner_Runtime_SharedVariable__get_NetworkSync (BehaviorDesigner_Runtime_SharedVariable_o* __this, const MethodInfo* method);"
21064984,BehaviorDesigner.Runtime.SharedVariable$$set_NetworkSync,"void BehaviorDesigner_Runtime_SharedVariable__set_NetworkSync (BehaviorDesigner_Runtime_SharedVariable_o* __this, bool value, const MethodInfo* method);"
21634948,"System.Runtime.CompilerServices.AsyncTaskMethodBuilder<Nullable<int>>$$AwaitUnsafeOnCompleted<ConfiguredTaskAwaitable.ConfiguredTaskAwaiter<int>, AsyncProtocolRequest.<InnerRead>d__25>","void System_Runtime_CompilerServices_AsyncTaskMethodBuilder_Nullable_int____AwaitUnsafeOnCompleted_ConfiguredTaskAwaitable_ConfiguredTaskAwaiter_int___AsyncProtocolRequest__InnerRead_d__25_ (System_Runtime_CompilerServices_AsyncTaskMethodBuilder_Nullable_int___o __this, System_Runtime_CompilerServices_ConfiguredTaskAwaitable_ConfiguredTaskAwaiter_int__o* awaiter, Mono_Net_Security_AsyncProtocolRequest__InnerRead_d__25_o* stateMachine, const MethodInfo_14A1F84* method);"
21635476,System.Runtime.CompilerServices.AsyncTaskMethodBuilder<Nullable<int>>$$Start<AsyncProtocolRequest.<InnerRead>d__25>,"void System_Runtime_CompilerServices_AsyncTaskMethodBuilder_Nullable_int____Start_AsyncProtocolRequest__InnerRead_d__25_ (System_Runtime_CompilerServices_AsyncTaskMethodBuilder_Nullable_int___o __this, Mono_Net_Security_AsyncProtocolRequest__InnerRead_d__25_o* stateMachine, const MethodInfo_14A2194* method);"
21654420,"System.Runtime.CompilerServices.AsyncTaskMethodBuilder<object>$$AwaitUnsafeOnCompleted<ConfiguredTaskAwaitable.ConfiguredTaskAwaiter<int>, WebSocketHandle.<ReadResponseHeaderLineAsync>d__32>","void System_Runtime_CompilerServices_AsyncTaskMethodBuilder_object___AwaitUnsafeOnCompleted_ConfiguredTaskAwaitable_ConfiguredTaskAwaiter_int___WebSocketHandle__ReadResponseHeaderLineAsync_d__32_ (System_Runtime_CompilerServices_AsyncTaskMethodBuilder_object__o __this, System_Runtime_CompilerServices_ConfiguredTaskAwaitable_ConfiguredTaskAwaiter_int__o* awaiter, System_Net_WebSockets_WebSocketHandle__ReadResponseHeaderLineAsync_d__32_o* stateMachine, const MethodInfo_14A6B94* method);"
21656548,"System.Runtime.CompilerServices.AsyncTaskMethodBuilder<object>$$AwaitUnsafeOnCompleted<ConfiguredTaskAwaitable.ConfiguredTaskAwaiter<object>, WebSocketHandle.<ConnectSocketAsync>d__27>","void System_Runtime_CompilerServices_AsyncTaskMethodBuilder_object___AwaitUnsafeOnCompleted_ConfiguredTaskAwaitable_ConfiguredTaskAwaiter_object___WebSocketHandle__ConnectSocketAsync_d__27_ (System_Runtime_CompilerServices_AsyncTaskMethodBuilder_object__o __this, System_Runtime_CompilerServices_ConfiguredTaskAwaitable_ConfiguredTaskAwaiter_object__o* awaiter, System_Net_WebSockets_WebSocketHandle__ConnectSocketAsync_d__27_o* stateMachine, const MethodInfo_14A73E4* method);"
21657076,"System.Runtime.CompilerServices.AsyncTaskMethodBuilder<object>$$AwaitUnsafeOnCompleted<ConfiguredTaskAwaitable.ConfiguredTaskAwaiter<object>, WebSocketHandle.<ParseAndValidateConnectResponseAsync>d__30>","void System_Runtime_CompilerServices_AsyncTaskMethodBuilder_object___AwaitUnsafeOnCompleted_ConfiguredTaskAwaitable_ConfiguredTaskAwaiter_object___WebSocketHandle__ParseAndValidateConnectResponseAsync_d__30_ (System_Runtime_CompilerServices_AsyncTaskMethodBuilder_object__o __this, System_Runtime_CompilerServices_ConfiguredTaskAwaitable_ConfiguredTaskAwaiter_object__o* awaiter, System_Net_WebSockets_WebSocketHandle__ParseAndValidateConnectResponseAsync_d__30_o* stateMachine, const MethodInfo_14A75F4* method);"
21658660,"System.Runtime.CompilerServices.AsyncTaskMethodBuilder<object>$$AwaitUnsafeOnCompleted<ConfiguredValueTaskAwaitable.ConfiguredValueTaskAwaiter<int>, ManagedWebSocket.<ReceiveAsyncPrivate>d__61<ManagedWebSocket.WebSocketReceiveResultGetter, object>>","void System_Runtime_CompilerServices_AsyncTaskMethodBuilder_object___AwaitUnsafeOnCompleted_ConfiguredValueTaskAwaitable_ConfiguredValueTaskAwaiter_int___ManagedWebSocket__ReceiveAsyncPrivate_d__61_ManagedWebSocket_WebSocketReceiveResultGetter__object__ (System_Runtime_CompilerServices_AsyncTaskMethodBuilder_object__o __this, System_Runtime_CompilerServices_ConfiguredValueTaskAwaitable_ConfiguredValueTaskAwaiter_int__o* awaiter, System_Net_WebSockets_ManagedWebSocket__ReceiveAsyncPrivate_d__61_ManagedWebSocket_WebSocketReceiveResultGetter__object__o* stateMachine, const MethodInfo_14A7C24* method);"
21660308,"System.Runtime.CompilerServices.AsyncTaskMethodBuilder<object>$$AwaitUnsafeOnCompleted<ConfiguredTaskAwaitable.ConfiguredTaskAwaiter, ManagedWebSocket.<ReceiveAsyncPrivate>d__61<ManagedWebSocket.WebSocketReceiveResultGetter, object>>","void System_Runtime_CompilerServices_AsyncTaskMethodBuilder_object___AwaitUnsafeOnCompleted_ConfiguredTaskAwaitable_ConfiguredTaskAwaiter__ManagedWebSocket__ReceiveAsyncPrivate_d__61_ManagedWebSocket_WebSocketReceiveResultGetter__object__ (System_Runtime_CompilerServices_AsyncTaskMethodBuilder_object__o __this, System_Runtime_CompilerServices_ConfiguredTaskAwaitable_ConfiguredTaskAwaiter_o* awaiter, System_Net_WebSockets_ManagedWebSocket__ReceiveAsyncPrivate_d__61_ManagedWebSocket_WebSocketReceiveResultGetter__object__o* stateMachine, const MethodInfo_14A8294* method);"
21660836,"System.Runtime.CompilerServices.AsyncTaskMethodBuilder<object>$$AwaitUnsafeOnCompleted<ConfiguredTaskAwaitable.ConfiguredTaskAwaiter, AsyncProtocolRequest.<StartOperation>d__23>","void System_Runtime_CompilerServices_AsyncTaskMethodBuilder_object___AwaitUnsafeOnCompleted_ConfiguredTaskAwaitable_ConfiguredTaskAwaiter__AsyncProtocolRequest__StartOperation_d__23_ (System_Runtime_CompilerServices_AsyncTaskMethodBuilder_object__o __this, System_Runtime_CompilerServices_ConfiguredTaskAwaitable_ConfiguredTaskAwaiter_o* awaiter, Mono_Net_Security_AsyncProtocolRequest__StartOperation_d__23_o* stateMachine, const MethodInfo_14A84A4* method);"
21663476,"System.Runtime.CompilerServices.AsyncTaskMethodBuilder<object>$$AwaitUnsafeOnCompleted<ConfiguredTaskAwaitable.ConfiguredTaskAwaiter, WebSocketHandle.<ConnectSocketAsync>d__27>","void System_Runtime_CompilerServices_AsyncTaskMethodBuilder_object___AwaitUnsafeOnCompleted_ConfiguredTaskAwaitable_ConfiguredTaskAwaiter__WebSocketHandle__ConnectSocketAsync_d__27_ (System_Runtime_CompilerServices_AsyncTaskMethodBuilder_object__o __this, System_Runtime_CompilerServices_ConfiguredTaskAwaitable_ConfiguredTaskAwaiter_o* awaiter, System_Net_WebSockets_WebSocketHandle__ConnectSocketAsync_d__27_o* stateMachine, const MethodInfo_14A8EF4* method);"
21664004,"System.Runtime.CompilerServices.AsyncTaskMethodBuilder<object>$$Start<ManagedWebSocket.<ReceiveAsyncPrivate>d__61<ManagedWebSocket.WebSocketReceiveResultGetter, object>>","void System_Runtime_CompilerServices_AsyncTaskMethodBuilder_object___Start_ManagedWebSocket__ReceiveAsyncPrivate_d__61_ManagedWebSocket_WebSocketReceiveResultGetter__object__ (System_Runtime_CompilerServices_AsyncTaskMethodBuilder_object__o __this, System_Net_WebSockets_ManagedWebSocket__ReceiveAsyncPrivate_d__61_ManagedWebSocket_WebSocketReceiveResultGetter__object__o* stateMachine, const MethodInfo_14A9104* method);"
21665224,System.Runtime.CompilerServices.AsyncTaskMethodBuilder<object>$$Start<AsyncProtocolRequest.<StartOperation>d__23>,"void System_Runtime_CompilerServices_AsyncTaskMethodBuilder_object___Start_AsyncProtocolRequest__StartOperation_d__23_ (System_Runtime_CompilerServices_AsyncTaskMethodBuilder_object__o __this, Mono_Net_Security_AsyncProtocolRequest__StartOperation_d__23_o* stateMachine, const MethodInfo_14A95C8* method);"
21667044,System.Runtime.CompilerServices.AsyncTaskMethodBuilder<object>$$Start<WebSocketHandle.<ConnectSocketAsync>d__27>,"void System_Runtime_CompilerServices_AsyncTaskMethodBuilder_object___Start_WebSocketHandle__ConnectSocketAsync_d__27_ (System_Runtime_CompilerServices_AsyncTaskMethodBuilder_object__o __this, System_Net_WebSockets_WebSocketHandle__ConnectSocketAsync_d__27_o* stateMachine, const MethodInfo_14A9CE4* method);"
21667304,System.Runtime.CompilerServices.AsyncTaskMethodBuilder<object>$$Start<WebSocketHandle.<ParseAndValidateConnectResponseAsync>d__30>,"void System_Runtime_CompilerServices_AsyncTaskMethodBuilder_object___Start_WebSocketHandle__ParseAndValidateConnectResponseAsync_d__30_ (System_Runtime_CompilerServices_AsyncTaskMethodBuilder_object__o __this, System_Net_WebSockets_WebSocketHandle__ParseAndValidateConnectResponseAsync_d__30_o* stateMachine, const MethodInfo_14A9DE8* method);"
21667564,System.Runtime.CompilerServices.AsyncTaskMethodBuilder<object>$$Start<WebSocketHandle.<ReadResponseHeaderLineAsync>d__32>,"void System_Runtime_CompilerServices_AsyncTaskMethodBuilder_object___Start_WebSocketHandle__ReadResponseHeaderLineAsync_d__32_ (System_Runtime_CompilerServices_AsyncTaskMethodBuilder_object__o __this, System_Net_WebSockets_WebSocketHandle__ReadResponseHeaderLineAsync_d__32_o* stateMachine, const MethodInfo_14A9EEC* method);"
21668344,"System.Runtime.CompilerServices.AsyncTaskMethodBuilder<VoidTaskResult>$$AwaitUnsafeOnCompleted<ConfiguredTaskAwaitable.ConfiguredTaskAwaiter<Nullable<int>>, AsyncProtocolRequest.<ProcessOperation>d__24>","void System_Runtime_CompilerServices_AsyncTaskMethodBuilder_VoidTaskResult___AwaitUnsafeOnCompleted_ConfiguredTaskAwaitable_ConfiguredTaskAwaiter_Nullable_int____AsyncProtocolRequest__ProcessOperation_d__24_ (System_Runtime_CompilerServices_AsyncTaskMethodBuilder_VoidTaskResult__o __this, System_Runtime_CompilerServices_ConfiguredTaskAwaitable_ConfiguredTaskAwaiter_Nullable_int___o* awaiter, Mono_Net_Security_AsyncProtocolRequest__ProcessOperation_d__24_o* stateMachine, const MethodInfo_14AA1F8* method);"
21672568,"System.Runtime.CompilerServices.AsyncTaskMethodBuilder<VoidTaskResult>$$AwaitUnsafeOnCompleted<ConfiguredTaskAwaitable.ConfiguredTaskAwaiter<object>, WebSocketHandle.<ConnectAsyncCore>d__26>","void System_Runtime_CompilerServices_AsyncTaskMethodBuilder_VoidTaskResult___AwaitUnsafeOnCompleted_ConfiguredTaskAwaitable_ConfiguredTaskAwaiter_object___WebSocketHandle__ConnectAsyncCore_d__26_ (System_Runtime_CompilerServices_AsyncTaskMethodBuilder_VoidTaskResult__o __this, System_Runtime_CompilerServices_ConfiguredTaskAwaitable_ConfiguredTaskAwaiter_object__o* awaiter, System_Net_WebSockets_WebSocketHandle__ConnectAsyncCore_d__26_o* stateMachine, const MethodInfo_14AB278* method);"
21673096,"System.Runtime.CompilerServices.AsyncTaskMethodBuilder<VoidTaskResult>$$AwaitUnsafeOnCompleted<ConfiguredValueTaskAwaitable.ConfiguredValueTaskAwaiter<int>, ManagedWebSocket.<EnsureBufferContainsAsync>d__71>","void System_Runtime_CompilerServices_AsyncTaskMethodBuilder_VoidTaskResult___AwaitUnsafeOnCompleted_ConfiguredValueTaskAwaitable_ConfiguredValueTaskAwaiter_int___ManagedWebSocket__EnsureBufferContainsAsync_d__71_ (System_Runtime_CompilerServices_AsyncTaskMethodBuilder_VoidTaskResult__o __this, System_Runtime_CompilerServices_ConfiguredValueTaskAwaitable_ConfiguredValueTaskAwaiter_int__o* awaiter, System_Net_WebSockets_ManagedWebSocket__EnsureBufferContainsAsync_d__71_o* stateMachine, const MethodInfo_14AB488* method);"
21673624,"System.Runtime.CompilerServices.AsyncTaskMethodBuilder<VoidTaskResult>$$AwaitUnsafeOnCompleted<ConfiguredValueTaskAwaitable.ConfiguredValueTaskAwaiter<int>, ManagedWebSocket.<WaitForServerToCloseConnectionAsync>d__63>","void System_Runtime_CompilerServices_AsyncTaskMethodBuilder_VoidTaskResult___AwaitUnsafeOnCompleted_ConfiguredValueTaskAwaitable_ConfiguredValueTaskAwaiter_int___ManagedWebSocket__WaitForServerToCloseConnectionAsync_d__63_ (System_Runtime_CompilerServices_AsyncTaskMethodBuilder_VoidTaskResult__o __this, System_Runtime_CompilerServices_ConfiguredValueTaskAwaitable_ConfiguredValueTaskAwaiter_int__o* awaiter, System_Net_WebSockets_ManagedWebSocket__WaitForServerToCloseConnectionAsync_d__63_o* stateMachine, const MethodInfo_14AB698* method);"
21674152,"System.Runtime.CompilerServices.AsyncTaskMethodBuilder<VoidTaskResult>$$AwaitUnsafeOnCompleted<TaskAwaiter<object>, WebSocket.<ReceiveTask>d__43>","void System_Runtime_CompilerServices_AsyncTaskMethodBuilder_VoidTaskResult___AwaitUnsafeOnCompleted_TaskAwaiter_object___WebSocket__ReceiveTask_d__43_ (System_Runtime_CompilerServices_AsyncTaskMethodBuilder_VoidTaskResult__o __this, System_Runtime_CompilerServices_TaskAwaiter_object__o* awaiter, UnityWebSocket_WebSocket__ReceiveTask_d__43_o* stateMachine, const MethodInfo_14AB8A8* method);"
21677912,"System.Runtime.CompilerServices.AsyncTaskMethodBuilder<VoidTaskResult>$$AwaitUnsafeOnCompleted<TaskAwaiter, WebSocket.<ConnectTask>d__36>","void System_Runtime_CompilerServices_AsyncTaskMethodBuilder_VoidTaskResult___AwaitUnsafeOnCompleted_TaskAwaiter__WebSocket__ConnectTask_d__36_ (System_Runtime_CompilerServices_AsyncTaskMethodBuilder_VoidTaskResult__o __this, System_Runtime_CompilerServices_TaskAwaiter_o* awaiter, UnityWebSocket_WebSocket__ConnectTask_d__36_o* stateMachine, const MethodInfo_14AC758* method);"
21678440,"System.Runtime.CompilerServices.AsyncTaskMethodBuilder<VoidTaskResult>$$AwaitUnsafeOnCompleted<TaskAwaiter, WebSocket.<SendTask>d__42>","void System_Runtime_CompilerServices_AsyncTaskMethodBuilder_VoidTaskResult___AwaitUnsafeOnCompleted_TaskAwaiter__WebSocket__SendTask_d__42_ (System_Runtime_CompilerServices_AsyncTaskMethodBuilder_VoidTaskResult__o __this, System_Runtime_CompilerServices_TaskAwaiter_o* awaiter, UnityWebSocket_WebSocket__SendTask_d__42_o* stateMachine, const MethodInfo_14AC968* method);"
21679556,"System.Runtime.CompilerServices.AsyncTaskMethodBuilder<VoidTaskResult>$$AwaitUnsafeOnCompleted<ConfiguredTaskAwaitable.ConfiguredTaskAwaiter, AsyncProtocolRequest.<ProcessOperation>d__24>","void System_Runtime_CompilerServices_AsyncTaskMethodBuilder_VoidTaskResult___AwaitUnsafeOnCompleted_ConfiguredTaskAwaitable_ConfiguredTaskAwaiter__AsyncProtocolRequest__ProcessOperation_d__24_ (System_Runtime_CompilerServices_AsyncTaskMethodBuilder_VoidTaskResult__o __this, System_Runtime_CompilerServices_ConfiguredTaskAwaitable_ConfiguredTaskAwaiter_o* awaiter, Mono_Net_Security_AsyncProtocolRequest__ProcessOperation_d__24_o* stateMachine, const MethodInfo_14ACDC4* method);"
21680084,"System.Runtime.CompilerServices.AsyncTaskMethodBuilder<VoidTaskResult>$$AwaitUnsafeOnCompleted<ConfiguredTaskAwaitable.ConfiguredTaskAwaiter, ClientWebSocket.<ConnectAsyncCore>d__16>","void System_Runtime_CompilerServices_AsyncTaskMethodBuilder_VoidTaskResult___AwaitUnsafeOnCompleted_ConfiguredTaskAwaitable_ConfiguredTaskAwaiter__ClientWebSocket__ConnectAsyncCore_d__16_ (System_Runtime_CompilerServices_AsyncTaskMethodBuilder_VoidTaskResult__o __this, System_Runtime_CompilerServices_ConfiguredTaskAwaitable_ConfiguredTaskAwaiter_o* awaiter, System_Net_WebSockets_ClientWebSocket__ConnectAsyncCore_d__16_o* stateMachine, const MethodInfo_14ACFD4* method);"
21680612,"System.Runtime.CompilerServices.AsyncTaskMethodBuilder<VoidTaskResult>$$AwaitUnsafeOnCompleted<ConfiguredTaskAwaitable.ConfiguredTaskAwaiter, ManagedWebSocket.<CloseWithReceiveErrorAndThrowAsync>d__66>","void System_Runtime_CompilerServices_AsyncTaskMethodBuilder_VoidTaskResult___AwaitUnsafeOnCompleted_ConfiguredTaskAwaitable_ConfiguredTaskAwaiter__ManagedWebSocket__CloseWithReceiveErrorAndThrowAsync_d__66_ (System_Runtime_CompilerServices_AsyncTaskMethodBuilder_VoidTaskResult__o __this, System_Runtime_CompilerServices_ConfiguredTaskAwaitable_ConfiguredTaskAwaiter_o* awaiter, System_Net_WebSockets_ManagedWebSocket__CloseWithReceiveErrorAndThrowAsync_d__66_o* stateMachine, const MethodInfo_14AD1E4* method);"
21681140,"System.Runtime.CompilerServices.AsyncTaskMethodBuilder<VoidTaskResult>$$AwaitUnsafeOnCompleted<ConfiguredTaskAwaitable.ConfiguredTaskAwaiter, ManagedWebSocket.<HandleReceivedCloseAsync>d__62>","void System_Runtime_CompilerServices_AsyncTaskMethodBuilder_VoidTaskResult___AwaitUnsafeOnCompleted_ConfiguredTaskAwaitable_ConfiguredTaskAwaiter__ManagedWebSocket__HandleReceivedCloseAsync_d__62_ (System_Runtime_CompilerServices_AsyncTaskMethodBuilder_VoidTaskResult__o __this, System_Runtime_CompilerServices_ConfiguredTaskAwaitable_ConfiguredTaskAwaiter_o* awaiter, System_Net_WebSockets_ManagedWebSocket__HandleReceivedCloseAsync_d__62_o* stateMachine, const MethodInfo_14AD3F4* method);"
21681668,"System.Runtime.CompilerServices.AsyncTaskMethodBuilder<VoidTaskResult>$$AwaitUnsafeOnCompleted<ConfiguredTaskAwaitable.ConfiguredTaskAwaiter, ManagedWebSocket.<HandleReceivedPingPongAsync>d__64>","void System_Runtime_CompilerServices_AsyncTaskMethodBuilder_VoidTaskResult___AwaitUnsafeOnCompleted_ConfiguredTaskAwaitable_ConfiguredTaskAwaiter__ManagedWebSocket__HandleReceivedPingPongAsync_d__64_ (System_Runtime_CompilerServices_AsyncTaskMethodBuilder_VoidTaskResult__o __this, System_Runtime_CompilerServices_ConfiguredTaskAwaitable_ConfiguredTaskAwaiter_o* awaiter, System_Net_WebSockets_ManagedWebSocket__HandleReceivedPingPongAsync_d__64_o* stateMachine, const MethodInfo_14AD604* method);"
21682196,"System.Runtime.CompilerServices.AsyncTaskMethodBuilder<VoidTaskResult>$$AwaitUnsafeOnCompleted<ConfiguredTaskAwaitable.ConfiguredTaskAwaiter, ManagedWebSocket.<SendCloseFrameAsync>d__69>","void System_Runtime_CompilerServices_AsyncTaskMethodBuilder_VoidTaskResult___AwaitUnsafeOnCompleted_ConfiguredTaskAwaitable_ConfiguredTaskAwaiter__ManagedWebSocket__SendCloseFrameAsync_d__69_ (System_Runtime_CompilerServices_AsyncTaskMethodBuilder_VoidTaskResult__o __this, System_Runtime_CompilerServices_ConfiguredTaskAwaitable_ConfiguredTaskAwaiter_o* awaiter, System_Net_WebSockets_ManagedWebSocket__SendCloseFrameAsync_d__69_o* stateMachine, const MethodInfo_14AD814* method);"
21682724,"System.Runtime.CompilerServices.AsyncTaskMethodBuilder<VoidTaskResult>$$AwaitUnsafeOnCompleted<ConfiguredTaskAwaitable.ConfiguredTaskAwaiter, ManagedWebSocket.<SendFrameFallbackAsync>d__56>","void System_Runtime_CompilerServices_AsyncTaskMethodBuilder_VoidTaskResult___AwaitUnsafeOnCompleted_ConfiguredTaskAwaitable_ConfiguredTaskAwaiter__ManagedWebSocket__SendFrameFallbackAsync_d__56_ (System_Runtime_CompilerServices_AsyncTaskMethodBuilder_VoidTaskResult__o __this, System_Runtime_CompilerServices_ConfiguredTaskAwaitable_ConfiguredTaskAwaiter_o* awaiter, System_Net_WebSockets_ManagedWebSocket__SendFrameFallbackAsync_d__56_o* stateMachine, const MethodInfo_14ADA24* method);"
21691172,"System.Runtime.CompilerServices.AsyncTaskMethodBuilder<VoidTaskResult>$$AwaitUnsafeOnCompleted<ConfiguredTaskAwaitable.ConfiguredTaskAwaiter, WebSocketHandle.<ConnectAsyncCore>d__26>","void System_Runtime_CompilerServices_AsyncTaskMethodBuilder_VoidTaskResult___AwaitUnsafeOnCompleted_ConfiguredTaskAwaitable_ConfiguredTaskAwaiter__WebSocketHandle__ConnectAsyncCore_d__26_ (System_Runtime_CompilerServices_AsyncTaskMethodBuilder_VoidTaskResult__o __this, System_Runtime_CompilerServices_ConfiguredTaskAwaitable_ConfiguredTaskAwaiter_o* awaiter, System_Net_WebSockets_WebSocketHandle__ConnectAsyncCore_d__26_o* stateMachine, const MethodInfo_14AFB24* method);"
21691700,"System.Runtime.CompilerServices.AsyncTaskMethodBuilder<VoidTaskResult>$$AwaitUnsafeOnCompleted<ConfiguredValueTaskAwaitable.ConfiguredValueTaskAwaiter, ManagedWebSocket.<HandleReceivedPingPongAsync>d__64>","void System_Runtime_CompilerServices_AsyncTaskMethodBuilder_VoidTaskResult___AwaitUnsafeOnCompleted_ConfiguredValueTaskAwaitable_ConfiguredValueTaskAwaiter__ManagedWebSocket__HandleReceivedPingPongAsync_d__64_ (System_Runtime_CompilerServices_AsyncTaskMethodBuilder_VoidTaskResult__o __this, System_Runtime_CompilerServices_ConfiguredValueTaskAwaitable_ConfiguredValueTaskAwaiter_o* awaiter, System_Net_WebSockets_ManagedWebSocket__HandleReceivedPingPongAsync_d__64_o* stateMachine, const MethodInfo_14AFD34* method);"
21692228,"System.Runtime.CompilerServices.AsyncTaskMethodBuilder<VoidTaskResult>$$AwaitUnsafeOnCompleted<ConfiguredValueTaskAwaitable.ConfiguredValueTaskAwaiter, ManagedWebSocket.<SendCloseFrameAsync>d__69>","void System_Runtime_CompilerServices_AsyncTaskMethodBuilder_VoidTaskResult___AwaitUnsafeOnCompleted_ConfiguredValueTaskAwaitable_ConfiguredValueTaskAwaiter__ManagedWebSocket__SendCloseFrameAsync_d__69_ (System_Runtime_CompilerServices_AsyncTaskMethodBuilder_VoidTaskResult__o __this, System_Runtime_CompilerServices_ConfiguredValueTaskAwaitable_ConfiguredValueTaskAwaiter_o* awaiter, System_Net_WebSockets_ManagedWebSocket__SendCloseFrameAsync_d__69_o* stateMachine, const MethodInfo_14AFF44* method);"
21692756,"System.Runtime.CompilerServices.AsyncTaskMethodBuilder<VoidTaskResult>$$AwaitUnsafeOnCompleted<ConfiguredValueTaskAwaitable.ConfiguredValueTaskAwaiter, ManagedWebSocket.<SendFrameFallbackAsync>d__56>","void System_Runtime_CompilerServices_AsyncTaskMethodBuilder_VoidTaskResult___AwaitUnsafeOnCompleted_ConfiguredValueTaskAwaitable_ConfiguredValueTaskAwaiter__ManagedWebSocket__SendFrameFallbackAsync_d__56_ (System_Runtime_CompilerServices_AsyncTaskMethodBuilder_VoidTaskResult__o __this, System_Runtime_CompilerServices_ConfiguredValueTaskAwaitable_ConfiguredValueTaskAwaiter_o* awaiter, System_Net_WebSockets_ManagedWebSocket__SendFrameFallbackAsync_d__56_o* stateMachine, const MethodInfo_14B0154* method);"
21693284,"System.Runtime.CompilerServices.AsyncTaskMethodBuilder<VoidTaskResult>$$AwaitUnsafeOnCompleted<ConfiguredValueTaskAwaitable.ConfiguredValueTaskAwaiter, ManagedWebSocket.<WaitForWriteTaskAsync>d__55>","void System_Runtime_CompilerServices_AsyncTaskMethodBuilder_VoidTaskResult___AwaitUnsafeOnCompleted_ConfiguredValueTaskAwaitable_ConfiguredValueTaskAwaiter__ManagedWebSocket__WaitForWriteTaskAsync_d__55_ (System_Runtime_CompilerServices_AsyncTaskMethodBuilder_VoidTaskResult__o __this, System_Runtime_CompilerServices_ConfiguredValueTaskAwaitable_ConfiguredValueTaskAwaiter_o* awaiter, System_Net_WebSockets_ManagedWebSocket__WaitForWriteTaskAsync_d__55_o* stateMachine, const MethodInfo_14B0364* method);"
21694548,"System.Runtime.CompilerServices.AsyncValueTaskMethodBuilder<object>$$AwaitUnsafeOnCompleted<ConfiguredValueTaskAwaitable.ConfiguredValueTaskAwaiter<int>, ManagedWebSocket.<ReceiveAsyncPrivate>d__61<ManagedWebSocket.WebSocketReceiveResultGetter, object>>","void System_Runtime_CompilerServices_AsyncValueTaskMethodBuilder_object___AwaitUnsafeOnCompleted_ConfiguredValueTaskAwaitable_ConfiguredValueTaskAwaiter_int___ManagedWebSocket__ReceiveAsyncPrivate_d__61_ManagedWebSocket_WebSocketReceiveResultGetter__object__ (System_Runtime_CompilerServices_AsyncValueTaskMethodBuilder_TResult__o __this, System_Runtime_CompilerServices_ConfiguredValueTaskAwaitable_ConfiguredValueTaskAwaiter_int__o* awaiter, System_Net_WebSockets_ManagedWebSocket__ReceiveAsyncPrivate_d__61_ManagedWebSocket_WebSocketReceiveResultGetter__object__o* stateMachine, const MethodInfo_14B0854* method);"
21694788,"System.Runtime.CompilerServices.AsyncValueTaskMethodBuilder<object>$$AwaitUnsafeOnCompleted<ConfiguredTaskAwaitable.ConfiguredTaskAwaiter, ManagedWebSocket.<ReceiveAsyncPrivate>d__61<ManagedWebSocket.WebSocketReceiveResultGetter, object>>","void System_Runtime_CompilerServices_AsyncValueTaskMethodBuilder_object___AwaitUnsafeOnCompleted_ConfiguredTaskAwaitable_ConfiguredTaskAwaiter__ManagedWebSocket__ReceiveAsyncPrivate_d__61_ManagedWebSocket_WebSocketReceiveResultGetter__object__ (System_Runtime_CompilerServices_AsyncValueTaskMethodBuilder_TResult__o __this, System_Runtime_CompilerServices_ConfiguredTaskAwaitable_ConfiguredTaskAwaiter_o* awaiter, System_Net_WebSockets_ManagedWebSocket__ReceiveAsyncPrivate_d__61_ManagedWebSocket_WebSocketReceiveResultGetter__object__o* stateMachine, const MethodInfo_14B0944* method);"
21694908,"System.Runtime.CompilerServices.AsyncValueTaskMethodBuilder<object>$$Start<ManagedWebSocket.<ReceiveAsyncPrivate>d__61<ManagedWebSocket.WebSocketReceiveResultGetter, object>>","void System_Runtime_CompilerServices_AsyncValueTaskMethodBuilder_object___Start_ManagedWebSocket__ReceiveAsyncPrivate_d__61_ManagedWebSocket_WebSocketReceiveResultGetter__object__ (System_Runtime_CompilerServices_AsyncValueTaskMethodBuilder_TResult__o __this, System_Net_WebSockets_ManagedWebSocket__ReceiveAsyncPrivate_d__61_ManagedWebSocket_WebSocketReceiveResultGetter__object__o* stateMachine, const MethodInfo_14B09BC* method);"
21803240,System.Array$$BinarySearch<LuaArgsProtocol>,"int32_t System_Array__BinarySearch_LuaArgsProtocol_ (LuaArgsProtocol_array* array, int32_t index, int32_t length, LuaArgsProtocol_o value, System_Collections_Generic_IComparer_T__o* comparer, const MethodInfo_14CB0E8* method);"
21875348,System.Array$$InternalArray__set_Item<Socket.WSABUF>,"void System_Array__InternalArray__set_Item_Socket_WSABUF_ (System_Array_o* __this, int32_t index, System_Net_Sockets_Socket_WSABUF_o item, const MethodInfo_14DCA94* method);"
21904424,System.Array$$LastIndexOf<LuaArgsProtocol>,"int32_t System_Array__LastIndexOf_LuaArgsProtocol_ (LuaArgsProtocol_array* array, LuaArgsProtocol_o value, int32_t startIndex, int32_t count, const MethodInfo_14E3C28* method);"
21940656,System.Array$$LastIndexOfImpl<LuaArgsProtocol>,"int32_t System_Array__LastIndexOfImpl_LuaArgsProtocol_ (LuaArgsProtocol_array* array, LuaArgsProtocol_o value, int32_t startIndex, int32_t count, const MethodInfo_14EC9B0* method);"
21989968,System.Array$$Reverse<LuaArgsProtocol>,"void System_Array__Reverse_LuaArgsProtocol_ (LuaArgsProtocol_array* array, int32_t index, int32_t length, const MethodInfo_14F8A50* method);"
22044436,System.Array$$Sort<LuaArgsProtocol>,"void System_Array__Sort_LuaArgsProtocol_ (LuaArgsProtocol_array* array, int32_t index, int32_t length, System_Collections_Generic_IComparer_T__o* comparer, const MethodInfo_1505F14* method);"
22095124,"System.Runtime.CompilerServices.AsyncTaskMethodBuilder$$AwaitUnsafeOnCompleted<ConfiguredTaskAwaitable.ConfiguredTaskAwaiter<Nullable<int>>, AsyncProtocolRequest.<ProcessOperation>d__24>","void System_Runtime_CompilerServices_AsyncTaskMethodBuilder__AwaitUnsafeOnCompleted_ConfiguredTaskAwaitable_ConfiguredTaskAwaiter_Nullable_int____AsyncProtocolRequest__ProcessOperation_d__24_ (System_Runtime_CompilerServices_AsyncTaskMethodBuilder_o __this, System_Runtime_CompilerServices_ConfiguredTaskAwaitable_ConfiguredTaskAwaiter_Nullable_int___o* awaiter, Mono_Net_Security_AsyncProtocolRequest__ProcessOperation_d__24_o* stateMachine, const MethodInfo_1512514* method);"
22096148,"System.Runtime.CompilerServices.AsyncTaskMethodBuilder$$AwaitUnsafeOnCompleted<ConfiguredTaskAwaitable.ConfiguredTaskAwaiter<object>, WebSocketHandle.<ConnectAsyncCore>d__26>","void System_Runtime_CompilerServices_AsyncTaskMethodBuilder__AwaitUnsafeOnCompleted_ConfiguredTaskAwaitable_ConfiguredTaskAwaiter_object___WebSocketHandle__ConnectAsyncCore_d__26_ (System_Runtime_CompilerServices_AsyncTaskMethodBuilder_o __this, System_Runtime_CompilerServices_ConfiguredTaskAwaitable_ConfiguredTaskAwaiter_object__o* awaiter, System_Net_WebSockets_WebSocketHandle__ConnectAsyncCore_d__26_o* stateMachine, const MethodInfo_1512914* method);"
22096276,"System.Runtime.CompilerServices.AsyncTaskMethodBuilder$$AwaitUnsafeOnCompleted<ConfiguredValueTaskAwaitable.ConfiguredValueTaskAwaiter<int>, ManagedWebSocket.<EnsureBufferContainsAsync>d__71>","void System_Runtime_CompilerServices_AsyncTaskMethodBuilder__AwaitUnsafeOnCompleted_ConfiguredValueTaskAwaitable_ConfiguredValueTaskAwaiter_int___ManagedWebSocket__EnsureBufferContainsAsync_d__71_ (System_Runtime_CompilerServices_AsyncTaskMethodBuilder_o __this, System_Runtime_CompilerServices_ConfiguredValueTaskAwaitable_ConfiguredValueTaskAwaiter_int__o* awaiter, System_Net_WebSockets_ManagedWebSocket__EnsureBufferContainsAsync_d__71_o* stateMachine, const MethodInfo_1512994* method);"
22096404,"System.Runtime.CompilerServices.AsyncTaskMethodBuilder$$AwaitUnsafeOnCompleted<ConfiguredValueTaskAwaitable.ConfiguredValueTaskAwaiter<int>, ManagedWebSocket.<WaitForServerToCloseConnectionAsync>d__63>","void System_Runtime_CompilerServices_AsyncTaskMethodBuilder__AwaitUnsafeOnCompleted_ConfiguredValueTaskAwaitable_ConfiguredValueTaskAwaiter_int___ManagedWebSocket__WaitForServerToCloseConnectionAsync_d__63_ (System_Runtime_CompilerServices_AsyncTaskMethodBuilder_o __this, System_Runtime_CompilerServices_ConfiguredValueTaskAwaitable_ConfiguredValueTaskAwaiter_int__o* awaiter, System_Net_WebSockets_ManagedWebSocket__WaitForServerToCloseConnectionAsync_d__63_o* stateMachine, const MethodInfo_1512A14* method);"
22096532,"System.Runtime.CompilerServices.AsyncTaskMethodBuilder$$AwaitUnsafeOnCompleted<TaskAwaiter<object>, WebSocket.<ReceiveTask>d__43>","void System_Runtime_CompilerServices_AsyncTaskMethodBuilder__AwaitUnsafeOnCompleted_TaskAwaiter_object___WebSocket__ReceiveTask_d__43_ (System_Runtime_CompilerServices_AsyncTaskMethodBuilder_o __this, System_Runtime_CompilerServices_TaskAwaiter_object__o* awaiter, UnityWebSocket_WebSocket__ReceiveTask_d__43_o* stateMachine, const MethodInfo_1512A94* method);"
22097428,"System.Runtime.CompilerServices.AsyncTaskMethodBuilder$$AwaitUnsafeOnCompleted<TaskAwaiter, WebSocket.<ConnectTask>d__36>","void System_Runtime_CompilerServices_AsyncTaskMethodBuilder__AwaitUnsafeOnCompleted_TaskAwaiter__WebSocket__ConnectTask_d__36_ (System_Runtime_CompilerServices_AsyncTaskMethodBuilder_o __this, System_Runtime_CompilerServices_TaskAwaiter_o* awaiter, UnityWebSocket_WebSocket__ConnectTask_d__36_o* stateMachine, const MethodInfo_1512E14* method);"
22097556,"System.Runtime.CompilerServices.AsyncTaskMethodBuilder$$AwaitUnsafeOnCompleted<TaskAwaiter, WebSocket.<SendTask>d__42>","void System_Runtime_CompilerServices_AsyncTaskMethodBuilder__AwaitUnsafeOnCompleted_TaskAwaiter__WebSocket__SendTask_d__42_ (System_Runtime_CompilerServices_AsyncTaskMethodBuilder_o __this, System_Runtime_CompilerServices_TaskAwaiter_o* awaiter, UnityWebSocket_WebSocket__SendTask_d__42_o* stateMachine, const MethodInfo_1512E94* method);"
22097812,"System.Runtime.CompilerServices.AsyncTaskMethodBuilder$$AwaitUnsafeOnCompleted<ConfiguredTaskAwaitable.ConfiguredTaskAwaiter, AsyncProtocolRequest.<ProcessOperation>d__24>","void System_Runtime_CompilerServices_AsyncTaskMethodBuilder__AwaitUnsafeOnCompleted_ConfiguredTaskAwaitable_ConfiguredTaskAwaiter__AsyncProtocolRequest__ProcessOperation_d__24_ (System_Runtime_CompilerServices_AsyncTaskMethodBuilder_o __this, System_Runtime_CompilerServices_ConfiguredTaskAwaitable_ConfiguredTaskAwaiter_o* awaiter, Mono_Net_Security_AsyncProtocolRequest__ProcessOperation_d__24_o* stateMachine, const MethodInfo_1512F94* method);"
22097940,"System.Runtime.CompilerServices.AsyncTaskMethodBuilder$$AwaitUnsafeOnCompleted<ConfiguredTaskAwaitable.ConfiguredTaskAwaiter, ClientWebSocket.<ConnectAsyncCore>d__16>","void System_Runtime_CompilerServices_AsyncTaskMethodBuilder__AwaitUnsafeOnCompleted_ConfiguredTaskAwaitable_ConfiguredTaskAwaiter__ClientWebSocket__ConnectAsyncCore_d__16_ (System_Runtime_CompilerServices_AsyncTaskMethodBuilder_o __this, System_Runtime_CompilerServices_ConfiguredTaskAwaitable_ConfiguredTaskAwaiter_o* awaiter, System_Net_WebSockets_ClientWebSocket__ConnectAsyncCore_d__16_o* stateMachine, const MethodInfo_1513014* method);"
22098068,"System.Runtime.CompilerServices.AsyncTaskMethodBuilder$$AwaitUnsafeOnCompleted<ConfiguredTaskAwaitable.ConfiguredTaskAwaiter, ManagedWebSocket.<CloseWithReceiveErrorAndThrowAsync>d__66>","void System_Runtime_CompilerServices_AsyncTaskMethodBuilder__AwaitUnsafeOnCompleted_ConfiguredTaskAwaitable_ConfiguredTaskAwaiter__ManagedWebSocket__CloseWithReceiveErrorAndThrowAsync_d__66_ (System_Runtime_CompilerServices_AsyncTaskMethodBuilder_o __this, System_Runtime_CompilerServices_ConfiguredTaskAwaitable_ConfiguredTaskAwaiter_o* awaiter, System_Net_WebSockets_ManagedWebSocket__CloseWithReceiveErrorAndThrowAsync_d__66_o* stateMachine, const MethodInfo_1513094* method);"
22098196,"System.Runtime.CompilerServices.AsyncTaskMethodBuilder$$AwaitUnsafeOnCompleted<ConfiguredTaskAwaitable.ConfiguredTaskAwaiter, ManagedWebSocket.<HandleReceivedCloseAsync>d__62>","void System_Runtime_CompilerServices_AsyncTaskMethodBuilder__AwaitUnsafeOnCompleted_ConfiguredTaskAwaitable_ConfiguredTaskAwaiter__ManagedWebSocket__HandleReceivedCloseAsync_d__62_ (System_Runtime_CompilerServices_AsyncTaskMethodBuilder_o __this, System_Runtime_CompilerServices_ConfiguredTaskAwaitable_ConfiguredTaskAwaiter_o* awaiter, System_Net_WebSockets_ManagedWebSocket__HandleReceivedCloseAsync_d__62_o* stateMachine, const MethodInfo_1513114* method);"
22098324,"System.Runtime.CompilerServices.AsyncTaskMethodBuilder$$AwaitUnsafeOnCompleted<ConfiguredTaskAwaitable.ConfiguredTaskAwaiter, ManagedWebSocket.<HandleReceivedPingPongAsync>d__64>","void System_Runtime_CompilerServices_AsyncTaskMethodBuilder__AwaitUnsafeOnCompleted_ConfiguredTaskAwaitable_ConfiguredTaskAwaiter__ManagedWebSocket__HandleReceivedPingPongAsync_d__64_ (System_Runtime_CompilerServices_AsyncTaskMethodBuilder_o __this, System_Runtime_CompilerServices_ConfiguredTaskAwaitable_ConfiguredTaskAwaiter_o* awaiter, System_Net_WebSockets_ManagedWebSocket__HandleReceivedPingPongAsync_d__64_o* stateMachine, const MethodInfo_1513194* method);"
22098452,"System.Runtime.CompilerServices.AsyncTaskMethodBuilder$$AwaitUnsafeOnCompleted<ConfiguredTaskAwaitable.ConfiguredTaskAwaiter, ManagedWebSocket.<SendCloseFrameAsync>d__69>","void System_Runtime_CompilerServices_AsyncTaskMethodBuilder__AwaitUnsafeOnCompleted_ConfiguredTaskAwaitable_ConfiguredTaskAwaiter__ManagedWebSocket__SendCloseFrameAsync_d__69_ (System_Runtime_CompilerServices_AsyncTaskMethodBuilder_o __this, System_Runtime_CompilerServices_ConfiguredTaskAwaitable_ConfiguredTaskAwaiter_o* awaiter, System_Net_WebSockets_ManagedWebSocket__SendCloseFrameAsync_d__69_o* stateMachine, const MethodInfo_1513214* method);"
22098580,"System.Runtime.CompilerServices.AsyncTaskMethodBuilder$$AwaitUnsafeOnCompleted<ConfiguredTaskAwaitable.ConfiguredTaskAwaiter, ManagedWebSocket.<SendFrameFallbackAsync>d__56>","void System_Runtime_CompilerServices_AsyncTaskMethodBuilder__AwaitUnsafeOnCompleted_ConfiguredTaskAwaitable_ConfiguredTaskAwaiter__ManagedWebSocket__SendFrameFallbackAsync_d__56_ (System_Runtime_CompilerServices_AsyncTaskMethodBuilder_o __this, System_Runtime_CompilerServices_ConfiguredTaskAwaitable_ConfiguredTaskAwaiter_o* awaiter, System_Net_WebSockets_ManagedWebSocket__SendFrameFallbackAsync_d__56_o* stateMachine, const MethodInfo_1513294* method);"
22100628,"System.Runtime.CompilerServices.AsyncTaskMethodBuilder$$AwaitUnsafeOnCompleted<ConfiguredTaskAwaitable.ConfiguredTaskAwaiter, WebSocketHandle.<ConnectAsyncCore>d__26>","void System_Runtime_CompilerServices_AsyncTaskMethodBuilder__AwaitUnsafeOnCompleted_ConfiguredTaskAwaitable_ConfiguredTaskAwaiter__WebSocketHandle__ConnectAsyncCore_d__26_ (System_Runtime_CompilerServices_AsyncTaskMethodBuilder_o __this, System_Runtime_CompilerServices_ConfiguredTaskAwaitable_ConfiguredTaskAwaiter_o* awaiter, System_Net_WebSockets_WebSocketHandle__ConnectAsyncCore_d__26_o* stateMachine, const MethodInfo_1513A94* method);"
22100756,"System.Runtime.CompilerServices.AsyncTaskMethodBuilder$$AwaitUnsafeOnCompleted<ConfiguredValueTaskAwaitable.ConfiguredValueTaskAwaiter, ManagedWebSocket.<HandleReceivedPingPongAsync>d__64>","void System_Runtime_CompilerServices_AsyncTaskMethodBuilder__AwaitUnsafeOnCompleted_ConfiguredValueTaskAwaitable_ConfiguredValueTaskAwaiter__ManagedWebSocket__HandleReceivedPingPongAsync_d__64_ (System_Runtime_CompilerServices_AsyncTaskMethodBuilder_o __this, System_Runtime_CompilerServices_ConfiguredValueTaskAwaitable_ConfiguredValueTaskAwaiter_o* awaiter, System_Net_WebSockets_ManagedWebSocket__HandleReceivedPingPongAsync_d__64_o* stateMachine, const MethodInfo_1513B14* method);"
22100884,"System.Runtime.CompilerServices.AsyncTaskMethodBuilder$$AwaitUnsafeOnCompleted<ConfiguredValueTaskAwaitable.ConfiguredValueTaskAwaiter, ManagedWebSocket.<SendCloseFrameAsync>d__69>","void System_Runtime_CompilerServices_AsyncTaskMethodBuilder__AwaitUnsafeOnCompleted_ConfiguredValueTaskAwaitable_ConfiguredValueTaskAwaiter__ManagedWebSocket__SendCloseFrameAsync_d__69_ (System_Runtime_CompilerServices_AsyncTaskMethodBuilder_o __this, System_Runtime_CompilerServices_ConfiguredValueTaskAwaitable_ConfiguredValueTaskAwaiter_o* awaiter, System_Net_WebSockets_ManagedWebSocket__SendCloseFrameAsync_d__69_o* stateMachine, const MethodInfo_1513B94* method);"
22101012,"System.Runtime.CompilerServices.AsyncTaskMethodBuilder$$AwaitUnsafeOnCompleted<ConfiguredValueTaskAwaitable.ConfiguredValueTaskAwaiter, ManagedWebSocket.<SendFrameFallbackAsync>d__56>","void System_Runtime_CompilerServices_AsyncTaskMethodBuilder__AwaitUnsafeOnCompleted_ConfiguredValueTaskAwaitable_ConfiguredValueTaskAwaiter__ManagedWebSocket__SendFrameFallbackAsync_d__56_ (System_Runtime_CompilerServices_AsyncTaskMethodBuilder_o __this, System_Runtime_CompilerServices_ConfiguredValueTaskAwaitable_ConfiguredValueTaskAwaiter_o* awaiter, System_Net_WebSockets_ManagedWebSocket__SendFrameFallbackAsync_d__56_o* stateMachine, const MethodInfo_1513C14* method);"
22101140,"System.Runtime.CompilerServices.AsyncTaskMethodBuilder$$AwaitUnsafeOnCompleted<ConfiguredValueTaskAwaitable.ConfiguredValueTaskAwaiter, ManagedWebSocket.<WaitForWriteTaskAsync>d__55>","void System_Runtime_CompilerServices_AsyncTaskMethodBuilder__AwaitUnsafeOnCompleted_ConfiguredValueTaskAwaitable_ConfiguredValueTaskAwaiter__ManagedWebSocket__WaitForWriteTaskAsync_d__55_ (System_Runtime_CompilerServices_AsyncTaskMethodBuilder_o __this, System_Runtime_CompilerServices_ConfiguredValueTaskAwaitable_ConfiguredValueTaskAwaiter_o* awaiter, System_Net_WebSockets_ManagedWebSocket__WaitForWriteTaskAsync_d__55_o* stateMachine, const MethodInfo_1513C94* method);"
22101836,System.Runtime.CompilerServices.AsyncTaskMethodBuilder$$Start<AsyncProtocolRequest.<ProcessOperation>d__24>,"void System_Runtime_CompilerServices_AsyncTaskMethodBuilder__Start_AsyncProtocolRequest__ProcessOperation_d__24_ (System_Runtime_CompilerServices_AsyncTaskMethodBuilder_o __this, Mono_Net_Security_AsyncProtocolRequest__ProcessOperation_d__24_o* stateMachine, const MethodInfo_1513F4C* method);"
22102096,System.Runtime.CompilerServices.AsyncTaskMethodBuilder$$Start<ClientWebSocket.<ConnectAsyncCore>d__16>,"void System_Runtime_CompilerServices_AsyncTaskMethodBuilder__Start_ClientWebSocket__ConnectAsyncCore_d__16_ (System_Runtime_CompilerServices_AsyncTaskMethodBuilder_o __this, System_Net_WebSockets_ClientWebSocket__ConnectAsyncCore_d__16_o* stateMachine, const MethodInfo_1514050* method);"
22102876,System.Runtime.CompilerServices.AsyncTaskMethodBuilder$$Start<ManagedWebSocket.<CloseWithReceiveErrorAndThrowAsync>d__66>,"void System_Runtime_CompilerServices_AsyncTaskMethodBuilder__Start_ManagedWebSocket__CloseWithReceiveErrorAndThrowAsync_d__66_ (System_Runtime_CompilerServices_AsyncTaskMethodBuilder_o __this, System_Net_WebSockets_ManagedWebSocket__CloseWithReceiveErrorAndThrowAsync_d__66_o* stateMachine, const MethodInfo_151435C* method);"
22103136,System.Runtime.CompilerServices.AsyncTaskMethodBuilder$$Start<ManagedWebSocket.<EnsureBufferContainsAsync>d__71>,"void System_Runtime_CompilerServices_AsyncTaskMethodBuilder__Start_ManagedWebSocket__EnsureBufferContainsAsync_d__71_ (System_Runtime_CompilerServices_AsyncTaskMethodBuilder_o __this, System_Net_WebSockets_ManagedWebSocket__EnsureBufferContainsAsync_d__71_o* stateMachine, const MethodInfo_1514460* method);"
22103396,System.Runtime.CompilerServices.AsyncTaskMethodBuilder$$Start<ManagedWebSocket.<HandleReceivedCloseAsync>d__62>,"void System_Runtime_CompilerServices_AsyncTaskMethodBuilder__Start_ManagedWebSocket__HandleReceivedCloseAsync_d__62_ (System_Runtime_CompilerServices_AsyncTaskMethodBuilder_o __this, System_Net_WebSockets_ManagedWebSocket__HandleReceivedCloseAsync_d__62_o* stateMachine, const MethodInfo_1514564* method);"
22103656,System.Runtime.CompilerServices.AsyncTaskMethodBuilder$$Start<ManagedWebSocket.<HandleReceivedPingPongAsync>d__64>,"void System_Runtime_CompilerServices_AsyncTaskMethodBuilder__Start_ManagedWebSocket__HandleReceivedPingPongAsync_d__64_ (System_Runtime_CompilerServices_AsyncTaskMethodBuilder_o __this, System_Net_WebSockets_ManagedWebSocket__HandleReceivedPingPongAsync_d__64_o* stateMachine, const MethodInfo_1514668* method);"
22103916,System.Runtime.CompilerServices.AsyncTaskMethodBuilder$$Start<ManagedWebSocket.<SendCloseFrameAsync>d__69>,"void System_Runtime_CompilerServices_AsyncTaskMethodBuilder__Start_ManagedWebSocket__SendCloseFrameAsync_d__69_ (System_Runtime_CompilerServices_AsyncTaskMethodBuilder_o __this, System_Net_WebSockets_ManagedWebSocket__SendCloseFrameAsync_d__69_o* stateMachine, const MethodInfo_151476C* method);"
22104176,System.Runtime.CompilerServices.AsyncTaskMethodBuilder$$Start<ManagedWebSocket.<SendFrameFallbackAsync>d__56>,"void System_Runtime_CompilerServices_AsyncTaskMethodBuilder__Start_ManagedWebSocket__SendFrameFallbackAsync_d__56_ (System_Runtime_CompilerServices_AsyncTaskMethodBuilder_o __this, System_Net_WebSockets_ManagedWebSocket__SendFrameFallbackAsync_d__56_o* stateMachine, const MethodInfo_1514870* method);"
22104436,System.Runtime.CompilerServices.AsyncTaskMethodBuilder$$Start<ManagedWebSocket.<WaitForServerToCloseConnectionAsync>d__63>,"void System_Runtime_CompilerServices_AsyncTaskMethodBuilder__Start_ManagedWebSocket__WaitForServerToCloseConnectionAsync_d__63_ (System_Runtime_CompilerServices_AsyncTaskMethodBuilder_o __this, System_Net_WebSockets_ManagedWebSocket__WaitForServerToCloseConnectionAsync_d__63_o* stateMachine, const MethodInfo_1514974* method);"
22104696,System.Runtime.CompilerServices.AsyncTaskMethodBuilder$$Start<ManagedWebSocket.<WaitForWriteTaskAsync>d__55>,"void System_Runtime_CompilerServices_AsyncTaskMethodBuilder__Start_ManagedWebSocket__WaitForWriteTaskAsync_d__55_ (System_Runtime_CompilerServices_AsyncTaskMethodBuilder_o __this, System_Net_WebSockets_ManagedWebSocket__WaitForWriteTaskAsync_d__55_o* stateMachine, const MethodInfo_1514A78* method);"
22109896,System.Runtime.CompilerServices.AsyncTaskMethodBuilder$$Start<WebSocket.<ConnectTask>d__36>,"void System_Runtime_CompilerServices_AsyncTaskMethodBuilder__Start_WebSocket__ConnectTask_d__36_ (System_Runtime_CompilerServices_AsyncTaskMethodBuilder_o __this, UnityWebSocket_WebSocket__ConnectTask_d__36_o* stateMachine, const MethodInfo_1515EC8* method);"
22110156,System.Runtime.CompilerServices.AsyncTaskMethodBuilder$$Start<WebSocket.<ReceiveTask>d__43>,"void System_Runtime_CompilerServices_AsyncTaskMethodBuilder__Start_WebSocket__ReceiveTask_d__43_ (System_Runtime_CompilerServices_AsyncTaskMethodBuilder_o __this, UnityWebSocket_WebSocket__ReceiveTask_d__43_o* stateMachine, const MethodInfo_1515FCC* method);"
22110416,System.Runtime.CompilerServices.AsyncTaskMethodBuilder$$Start<WebSocket.<SendTask>d__42>,"void System_Runtime_CompilerServices_AsyncTaskMethodBuilder__Start_WebSocket__SendTask_d__42_ (System_Runtime_CompilerServices_AsyncTaskMethodBuilder_o __this, UnityWebSocket_WebSocket__SendTask_d__42_o* stateMachine, const MethodInfo_15160D0* method);"
22110676,System.Runtime.CompilerServices.AsyncTaskMethodBuilder$$Start<WebSocketHandle.<ConnectAsyncCore>d__26>,"void System_Runtime_CompilerServices_AsyncTaskMethodBuilder__Start_WebSocketHandle__ConnectAsyncCore_d__26_ (System_Runtime_CompilerServices_AsyncTaskMethodBuilder_o __this, System_Net_WebSockets_WebSocketHandle__ConnectAsyncCore_d__26_o* stateMachine, const MethodInfo_15161D4* method);"
22157144,UnityEngine.Networking.DownloadHandler$$GetCheckedDownloader<object>,"Il2CppObject* UnityEngine_Networking_DownloadHandler__GetCheckedDownloader_object_ (UnityEngine_Networking_UnityWebRequest_o* www, const MethodInfo_1521758* method);"
22336476,"System.Net.WebSockets.ManagedWebSocket$$ReceiveAsyncPrivate<ManagedWebSocket.WebSocketReceiveResultGetter, object>","System_Threading_Tasks_ValueTask_TWebSocketReceiveResult__o System_Net_WebSockets_ManagedWebSocket__ReceiveAsyncPrivate_ManagedWebSocket_WebSocketReceiveResultGetter__object_ (System_Net_WebSockets_ManagedWebSocket_o* __this, System_Memory_byte__o payloadBuffer, System_Threading_CancellationToken_o cancellationToken, System_Net_WebSockets_ManagedWebSocket_WebSocketReceiveResultGetter_o resultGetter, const MethodInfo_154D3DC* method);"
22447300,System.Runtime.CompilerServices.RuntimeHelpers$$IsReferenceOrContainsReferences<LuaArgsProtocol>,bool System_Runtime_CompilerServices_RuntimeHelpers__IsReferenceOrContainsReferences_LuaArgsProtocol_ (const MethodInfo_15684C4* method);
22528044,System.ThrowHelper$$IfNullAndNullsAreIllegalThenThrow<LuaArgsProtocol>,"void System_ThrowHelper__IfNullAndNullsAreIllegalThenThrow_LuaArgsProtocol_ (Il2CppObject* value, int32_t argName, const MethodInfo_157C02C* method);"
22710832,System.Runtime.CompilerServices.Unsafe$$Add<LuaArgsProtocol>,"LuaArgsProtocol_o* System_Runtime_CompilerServices_Unsafe__Add_LuaArgsProtocol_ (LuaArgsProtocol_o* source, int32_t elementOffset, const MethodInfo_15A8A30* method);"
22712220,"System.Runtime.CompilerServices.Unsafe$$As<byte, LuaArgsProtocol>","LuaArgsProtocol_o* System_Runtime_CompilerServices_Unsafe__As_byte__LuaArgsProtocol_ (uint8_t* source, const MethodInfo_15A8F9C* method);"
22713196,System.Runtime.CompilerServices.Unsafe$$IsAddressLessThan<LuaArgsProtocol>,"bool System_Runtime_CompilerServices_Unsafe__IsAddressLessThan_LuaArgsProtocol_ (LuaArgsProtocol_o* left, LuaArgsProtocol_o* right, const MethodInfo_15A936C* method);"
22785908,System.Array$$IndexOf<LuaArgsProtocol>,"int32_t System_Array__IndexOf_LuaArgsProtocol_ (LuaArgsProtocol_array* array, LuaArgsProtocol_o value, int32_t startIndex, int32_t count, const MethodInfo_15BAF74* method);"
22817736,System.Array$$IndexOfImpl<LuaArgsProtocol>,"int32_t System_Array__IndexOfImpl_LuaArgsProtocol_ (LuaArgsProtocol_array* array, LuaArgsProtocol_o value, int32_t startIndex, int32_t count, const MethodInfo_15C2BC8* method);"
22851816,System.Array$$InternalArray__ICollection_Add<LuaArgsProtocol>,"void System_Array__InternalArray__ICollection_Add_LuaArgsProtocol_ (System_Array_o* __this, LuaArgsProtocol_o item, const MethodInfo_15CB0E8* method);"
22866136,System.Array$$InternalArray__ICollection_Add<Socket.WSABUF>,"void System_Array__InternalArray__ICollection_Add_Socket_WSABUF_ (System_Array_o* __this, System_Net_Sockets_Socket_WSABUF_o item, const MethodInfo_15CE8D8* method);"
22970108,System.Array$$InternalArray__ICollection_Contains<LuaArgsProtocol>,"bool System_Array__InternalArray__ICollection_Contains_LuaArgsProtocol_ (System_Array_o* __this, LuaArgsProtocol_o item, const MethodInfo_15E7EFC* method);"
23034028,System.Array$$InternalArray__ICollection_Contains<Socket.WSABUF>,"bool System_Array__InternalArray__ICollection_Contains_Socket_WSABUF_ (System_Array_o* __this, System_Net_Sockets_Socket_WSABUF_o item, const MethodInfo_15F78AC* method);"
23075152,System.Array$$InternalArray__ICollection_CopyTo<LuaArgsProtocol>,"void System_Array__InternalArray__ICollection_CopyTo_LuaArgsProtocol_ (System_Array_o* __this, LuaArgsProtocol_array* array, int32_t arrayIndex, const MethodInfo_1601950* method);"
23091620,System.Array$$InternalArray__ICollection_CopyTo<Socket.WSABUF>,"void System_Array__InternalArray__ICollection_CopyTo_Socket_WSABUF_ (System_Array_o* __this, System_Net_Sockets_Socket_WSABUF_array* array, int32_t arrayIndex, const MethodInfo_16059A4* method);"
23118124,System.Array$$InternalArray__ICollection_Remove<LuaArgsProtocol>,"bool System_Array__InternalArray__ICollection_Remove_LuaArgsProtocol_ (System_Array_o* __this, LuaArgsProtocol_o item, const MethodInfo_160C12C* method);"
23132444,System.Array$$InternalArray__ICollection_Remove<Socket.WSABUF>,"bool System_Array__InternalArray__ICollection_Remove_Socket_WSABUF_ (System_Array_o* __this, System_Net_Sockets_Socket_WSABUF_o item, const MethodInfo_160F91C* method);"
23184480,System.Array$$InternalArray__IEnumerable_GetEnumerator<LuaArgsProtocol>,"System_Collections_Generic_IEnumerator_T__o* System_Array__InternalArray__IEnumerable_GetEnumerator_LuaArgsProtocol_ (System_Array_o* __this, const MethodInfo_161C460* method);"
23215268,System.Array$$InternalArray__IEnumerable_GetEnumerator<Socket.WSABUF>,"System_Collections_Generic_IEnumerator_T__o* System_Array__InternalArray__IEnumerable_GetEnumerator_Socket_WSABUF_ (System_Array_o* __this, const MethodInfo_1623CA4* method);"
23272080,System.Array$$InternalArray__IReadOnlyList_get_Item<LuaArgsProtocol>,"LuaArgsProtocol_o System_Array__InternalArray__IReadOnlyList_get_Item_LuaArgsProtocol_ (System_Array_o* __this, int32_t index, const MethodInfo_1631A90* method);"
23303184,System.Array$$InternalArray__IReadOnlyList_get_Item<Socket.WSABUF>,"System_Net_Sockets_Socket_WSABUF_o System_Array__InternalArray__IReadOnlyList_get_Item_Socket_WSABUF_ (System_Array_o* __this, int32_t index, const MethodInfo_1639410* method);"
23421360,System.Array$$InternalArray__IndexOf<LuaArgsProtocol>,"int32_t System_Array__InternalArray__IndexOf_LuaArgsProtocol_ (System_Array_o* __this, LuaArgsProtocol_o item, const MethodInfo_16561B0* method);"
23491968,System.Array$$InternalArray__IndexOf<Socket.WSABUF>,"int32_t System_Array__InternalArray__IndexOf_Socket_WSABUF_ (System_Array_o* __this, System_Net_Sockets_Socket_WSABUF_o item, const MethodInfo_1667580* method);"
23531328,System.Array$$InternalArray__Insert<LuaArgsProtocol>,"void System_Array__InternalArray__Insert_LuaArgsProtocol_ (System_Array_o* __this, int32_t index, LuaArgsProtocol_o item, const MethodInfo_1670F40* method);"
23545648,System.Array$$InternalArray__Insert<Socket.WSABUF>,"void System_Array__InternalArray__Insert_Socket_WSABUF_ (System_Array_o* __this, int32_t index, System_Net_Sockets_Socket_WSABUF_o item, const MethodInfo_1674730* method);"
23598596,System.Array$$InternalArray__get_Item<LuaArgsProtocol>,"LuaArgsProtocol_o System_Array__InternalArray__get_Item_LuaArgsProtocol_ (System_Array_o* __this, int32_t index, const MethodInfo_1681604* method);"
23629700,System.Array$$InternalArray__get_Item<Socket.WSABUF>,"System_Net_Sockets_Socket_WSABUF_o System_Array__InternalArray__get_Item_Socket_WSABUF_ (System_Array_o* __this, int32_t index, const MethodInfo_1688F84* method);"
23733036,System.Array$$InternalArray__set_Item<LuaArgsProtocol>,"void System_Array__InternalArray__set_Item_LuaArgsProtocol_ (System_Array_o* __this, int32_t index, LuaArgsProtocol_o item, const MethodInfo_16A232C* method);"
23807828,"System.Net.WebSockets.ManagedWebSocket.<>c__61<ManagedWebSocket.WebSocketReceiveResultGetter, object>$$.cctor",void System_Net_WebSockets_ManagedWebSocket___c__61_ManagedWebSocket_WebSocketReceiveResultGetter__object____cctor (const MethodInfo_16B4754* method);
23808072,"System.Net.WebSockets.ManagedWebSocket.<>c__61<ManagedWebSocket.WebSocketReceiveResultGetter, object>$$.ctor","void System_Net_WebSockets_ManagedWebSocket___c__61_ManagedWebSocket_WebSocketReceiveResultGetter__object____ctor (System_Net_WebSockets_ManagedWebSocket___c__61_TWebSocketReceiveResultGetter__TWebSocketReceiveResult__o* __this, const MethodInfo_16B4848* method);"
23808080,"System.Net.WebSockets.ManagedWebSocket.<>c__61<ManagedWebSocket.WebSocketReceiveResultGetter, object>$$<ReceiveAsyncPrivate>b__61_0","void System_Net_WebSockets_ManagedWebSocket___c__61_ManagedWebSocket_WebSocketReceiveResultGetter__object____ReceiveAsyncPrivate_b__61_0 (System_Net_WebSockets_ManagedWebSocket___c__61_TWebSocketReceiveResultGetter__TWebSocketReceiveResult__o* __this, Il2CppObject* s, const MethodInfo_16B4850* method);"
23822308,"System.Net.WebSockets.ManagedWebSocket.<ReceiveAsyncPrivate>d__61<ManagedWebSocket.WebSocketReceiveResultGetter, object>$$MoveNext","void System_Net_WebSockets_ManagedWebSocket__ReceiveAsyncPrivate_d__61_ManagedWebSocket_WebSocketReceiveResultGetter__object___MoveNext (System_Net_WebSockets_ManagedWebSocket__ReceiveAsyncPrivate_d__61_ManagedWebSocket_WebSocketReceiveResultGetter__object__o __this, const MethodInfo_16B7FE4* method);"
23827212,"System.Net.WebSockets.ManagedWebSocket.<ReceiveAsyncPrivate>d__61<ManagedWebSocket.WebSocketReceiveResultGetter, object>$$SetStateMachine","void System_Net_WebSockets_ManagedWebSocket__ReceiveAsyncPrivate_d__61_ManagedWebSocket_WebSocketReceiveResultGetter__object___SetStateMachine (System_Net_WebSockets_ManagedWebSocket__ReceiveAsyncPrivate_d__61_ManagedWebSocket_WebSocketReceiveResultGetter__object__o __this, System_Runtime_CompilerServices_IAsyncStateMachine_o* stateMachine, const MethodInfo_16B930C* method);"
23860296,System.Action<LuaArgsProtocol>$$.ctor,"void System_Action_LuaArgsProtocol____ctor (System_Action_T__o* __this, Il2CppObject* object, intptr_t method, const MethodInfo_16C1448* method);"
23860492,System.Action<LuaArgsProtocol>$$Invoke,"void System_Action_LuaArgsProtocol___Invoke (System_Action_T__o* __this, LuaArgsProtocol_o obj, const MethodInfo_16C150C* method);"
23980552,System.Comparison<LuaArgsProtocol>$$.ctor,"void System_Comparison_LuaArgsProtocol____ctor (System_Comparison_T__o* __this, Il2CppObject* object, intptr_t method, const MethodInfo_16DEA08* method);"
23980748,System.Comparison<LuaArgsProtocol>$$Invoke,"int32_t System_Comparison_LuaArgsProtocol___Invoke (System_Comparison_T__o* __this, LuaArgsProtocol_o x, LuaArgsProtocol_o y, const MethodInfo_16DEACC* method);"
25486308,System.Array.EmptyInternalEnumerator<LuaArgsProtocol>$$Dispose,"void System_Array_EmptyInternalEnumerator_LuaArgsProtocol___Dispose (System_Array_EmptyInternalEnumerator_T__o* __this, const MethodInfo_184E3E4* method);"
25486312,System.Array.EmptyInternalEnumerator<LuaArgsProtocol>$$MoveNext,"bool System_Array_EmptyInternalEnumerator_LuaArgsProtocol___MoveNext (System_Array_EmptyInternalEnumerator_T__o* __this, const MethodInfo_184E3E8* method);"
25486320,System.Array.EmptyInternalEnumerator<LuaArgsProtocol>$$get_Current,"LuaArgsProtocol_o System_Array_EmptyInternalEnumerator_LuaArgsProtocol___get_Current (System_Array_EmptyInternalEnumerator_T__o* __this, const MethodInfo_184E3F0* method);"
25486400,System.Array.EmptyInternalEnumerator<LuaArgsProtocol>$$System.Collections.IEnumerator.get_Current,"Il2CppObject* System_Array_EmptyInternalEnumerator_LuaArgsProtocol___System_Collections_IEnumerator_get_Current (System_Array_EmptyInternalEnumerator_T__o* __this, const MethodInfo_184E440* method);"
25486480,System.Array.EmptyInternalEnumerator<LuaArgsProtocol>$$System.Collections.IEnumerator.Reset,"void System_Array_EmptyInternalEnumerator_LuaArgsProtocol___System_Collections_IEnumerator_Reset (System_Array_EmptyInternalEnumerator_T__o* __this, const MethodInfo_184E490* method);"
25486484,System.Array.EmptyInternalEnumerator<LuaArgsProtocol>$$.ctor,"void System_Array_EmptyInternalEnumerator_LuaArgsProtocol____ctor (System_Array_EmptyInternalEnumerator_T__o* __this, const MethodInfo_184E494* method);"
25486492,System.Array.EmptyInternalEnumerator<LuaArgsProtocol>$$.cctor,void System_Array_EmptyInternalEnumerator_LuaArgsProtocol____cctor (const MethodInfo_184E49C* method);
25565072,System.Array.EmptyInternalEnumerator<Socket.WSABUF>$$Dispose,"void System_Array_EmptyInternalEnumerator_Socket_WSABUF___Dispose (System_Array_EmptyInternalEnumerator_T__o* __this, const MethodInfo_1861790* method);"
25565076,System.Array.EmptyInternalEnumerator<Socket.WSABUF>$$MoveNext,"bool System_Array_EmptyInternalEnumerator_Socket_WSABUF___MoveNext (System_Array_EmptyInternalEnumerator_T__o* __this, const MethodInfo_1861794* method);"
25565084,System.Array.EmptyInternalEnumerator<Socket.WSABUF>$$get_Current,"System_Net_Sockets_Socket_WSABUF_o System_Array_EmptyInternalEnumerator_Socket_WSABUF___get_Current (System_Array_EmptyInternalEnumerator_T__o* __this, const MethodInfo_186179C* method);"
25565164,System.Array.EmptyInternalEnumerator<Socket.WSABUF>$$System.Collections.IEnumerator.get_Current,"Il2CppObject* System_Array_EmptyInternalEnumerator_Socket_WSABUF___System_Collections_IEnumerator_get_Current (System_Array_EmptyInternalEnumerator_T__o* __this, const MethodInfo_18617EC* method);"
25565244,System.Array.EmptyInternalEnumerator<Socket.WSABUF>$$System.Collections.IEnumerator.Reset,"void System_Array_EmptyInternalEnumerator_Socket_WSABUF___System_Collections_IEnumerator_Reset (System_Array_EmptyInternalEnumerator_T__o* __this, const MethodInfo_186183C* method);"
25565248,System.Array.EmptyInternalEnumerator<Socket.WSABUF>$$.ctor,"void System_Array_EmptyInternalEnumerator_Socket_WSABUF____ctor (System_Array_EmptyInternalEnumerator_T__o* __this, const MethodInfo_1861840* method);"
25565256,System.Array.EmptyInternalEnumerator<Socket.WSABUF>$$.cctor,void System_Array_EmptyInternalEnumerator_Socket_WSABUF____cctor (const MethodInfo_1861848* method);
25622960,System.Collections.Generic.List.Enumerator<LuaArgsProtocol>$$.ctor,"void System_Collections_Generic_List_Enumerator_LuaArgsProtocol____ctor (System_Collections_Generic_List_Enumerator_T__o __this, System_Collections_Generic_List_T__o* list, const MethodInfo_186F9B0* method);"
25623000,System.Collections.Generic.List.Enumerator<LuaArgsProtocol>$$Dispose,"void System_Collections_Generic_List_Enumerator_LuaArgsProtocol___Dispose (System_Collections_Generic_List_Enumerator_T__o __this, const MethodInfo_186F9D8* method);"
25623004,System.Collections.Generic.List.Enumerator<LuaArgsProtocol>$$MoveNext,"bool System_Collections_Generic_List_Enumerator_LuaArgsProtocol___MoveNext (System_Collections_Generic_List_Enumerator_T__o __this, const MethodInfo_186F9DC* method);"
25623144,System.Collections.Generic.List.Enumerator<LuaArgsProtocol>$$MoveNextRare,"bool System_Collections_Generic_List_Enumerator_LuaArgsProtocol___MoveNextRare (System_Collections_Generic_List_Enumerator_T__o __this, const MethodInfo_186FA68* method);"
25623224,System.Collections.Generic.List.Enumerator<LuaArgsProtocol>$$get_Current,"LuaArgsProtocol_o System_Collections_Generic_List_Enumerator_LuaArgsProtocol___get_Current (System_Collections_Generic_List_Enumerator_T__o __this, const MethodInfo_186FAB8* method);"
25623236,System.Collections.Generic.List.Enumerator<LuaArgsProtocol>$$System.Collections.IEnumerator.get_Current,"Il2CppObject* System_Collections_Generic_List_Enumerator_LuaArgsProtocol___System_Collections_IEnumerator_get_Current (System_Collections_Generic_List_Enumerator_T__o __this, const MethodInfo_186FAC4* method);"
25623384,System.Collections.Generic.List.Enumerator<LuaArgsProtocol>$$System.Collections.IEnumerator.Reset,"void System_Collections_Generic_List_Enumerator_LuaArgsProtocol___System_Collections_IEnumerator_Reset (System_Collections_Generic_List_Enumerator_T__o __this, const MethodInfo_186FB58* method);"
26065212,System.Collections.Generic.ArraySortHelper<LuaArgsProtocol>$$Sort,"void System_Collections_Generic_ArraySortHelper_LuaArgsProtocol___Sort (System_Collections_Generic_ArraySortHelper_T__o* __this, LuaArgsProtocol_array* keys, int32_t index, int32_t length, System_Collections_Generic_IComparer_T__o* comparer, const MethodInfo_18DB93C* method);"
26065864,System.Collections.Generic.ArraySortHelper<LuaArgsProtocol>$$BinarySearch,"int32_t System_Collections_Generic_ArraySortHelper_LuaArgsProtocol___BinarySearch (System_Collections_Generic_ArraySortHelper_T__o* __this, LuaArgsProtocol_array* array, int32_t index, int32_t length, LuaArgsProtocol_o value, System_Collections_Generic_IComparer_T__o* comparer, const MethodInfo_18DBBC8* method);"
26066280,System.Collections.Generic.ArraySortHelper<LuaArgsProtocol>$$Sort,"void System_Collections_Generic_ArraySortHelper_LuaArgsProtocol___Sort (LuaArgsProtocol_array* keys, int32_t index, int32_t length, System_Comparison_T__o* comparer, const MethodInfo_18DBD68* method);"
26066760,System.Collections.Generic.ArraySortHelper<LuaArgsProtocol>$$InternalBinarySearch,"int32_t System_Collections_Generic_ArraySortHelper_LuaArgsProtocol___InternalBinarySearch (LuaArgsProtocol_array* array, int32_t index, int32_t length, LuaArgsProtocol_o value, System_Collections_Generic_IComparer_T__o* comparer, const MethodInfo_18DBF48* method);"
26067084,System.Collections.Generic.ArraySortHelper<LuaArgsProtocol>$$SwapIfGreater,"void System_Collections_Generic_ArraySortHelper_LuaArgsProtocol___SwapIfGreater (LuaArgsProtocol_array* keys, System_Comparison_T__o* comparer, int32_t a, int32_t b, const MethodInfo_18DC08C* method);"
26067384,System.Collections.Generic.ArraySortHelper<LuaArgsProtocol>$$Swap,"void System_Collections_Generic_ArraySortHelper_LuaArgsProtocol___Swap (LuaArgsProtocol_array* a, int32_t i, int32_t j, const MethodInfo_18DC1B8* method);"
26067472,System.Collections.Generic.ArraySortHelper<LuaArgsProtocol>$$IntrospectiveSort,"void System_Collections_Generic_ArraySortHelper_LuaArgsProtocol___IntrospectiveSort (LuaArgsProtocol_array* keys, int32_t left, int32_t length, System_Comparison_T__o* comparer, const MethodInfo_18DC210* method);"
26067724,System.Collections.Generic.ArraySortHelper<LuaArgsProtocol>$$IntroSort,"void System_Collections_Generic_ArraySortHelper_LuaArgsProtocol___IntroSort (LuaArgsProtocol_array* keys, int32_t lo, int32_t hi, int32_t depthLimit, System_Comparison_T__o* comparer, const MethodInfo_18DC30C* method);"
26068920,System.Collections.Generic.ArraySortHelper<LuaArgsProtocol>$$PickPivotAndPartition,"int32_t System_Collections_Generic_ArraySortHelper_LuaArgsProtocol___PickPivotAndPartition (LuaArgsProtocol_array* keys, int32_t lo, int32_t hi, System_Comparison_T__o* comparer, const MethodInfo_18DC7B8* method);"
26070020,System.Collections.Generic.ArraySortHelper<LuaArgsProtocol>$$Heapsort,"void System_Collections_Generic_ArraySortHelper_LuaArgsProtocol___Heapsort (LuaArgsProtocol_array* keys, int32_t lo, int32_t hi, System_Comparison_T__o* comparer, const MethodInfo_18DCC04* method);"
26070524,System.Collections.Generic.ArraySortHelper<LuaArgsProtocol>$$DownHeap,"void System_Collections_Generic_ArraySortHelper_LuaArgsProtocol___DownHeap (LuaArgsProtocol_array* keys, int32_t i, int32_t n, int32_t lo, System_Comparison_T__o* comparer, const MethodInfo_18DCDFC* method);"
26071096,System.Collections.Generic.ArraySortHelper<LuaArgsProtocol>$$InsertionSort,"void System_Collections_Generic_ArraySortHelper_LuaArgsProtocol___InsertionSort (LuaArgsProtocol_array* keys, int32_t lo, int32_t hi, System_Comparison_T__o* comparer, const MethodInfo_18DD038* method);"
26071488,System.Collections.Generic.ArraySortHelper<LuaArgsProtocol>$$get_Default,System_Collections_Generic_ArraySortHelper_T__o* System_Collections_Generic_ArraySortHelper_LuaArgsProtocol___get_Default (const MethodInfo_18DD1C0* method);
26071596,System.Collections.Generic.ArraySortHelper<LuaArgsProtocol>$$.ctor,"void System_Collections_Generic_ArraySortHelper_LuaArgsProtocol____ctor (System_Collections_Generic_ArraySortHelper_T__o* __this, const MethodInfo_18DD22C* method);"
26071604,System.Collections.Generic.ArraySortHelper<LuaArgsProtocol>$$.cctor,void System_Collections_Generic_ArraySortHelper_LuaArgsProtocol____cctor (const MethodInfo_18DD234* method);
26206540,System.Collections.Generic.EqualityComparer<LuaArgsProtocol>$$get_Default,System_Collections_Generic_EqualityComparer_T__o* System_Collections_Generic_EqualityComparer_LuaArgsProtocol___get_Default (const MethodInfo_18FE14C* method);
26206784,System.Collections.Generic.EqualityComparer<LuaArgsProtocol>$$CreateComparer,System_Collections_Generic_EqualityComparer_T__o* System_Collections_Generic_EqualityComparer_LuaArgsProtocol___CreateComparer (const MethodInfo_18FE240* method);
26208452,System.Collections.Generic.EqualityComparer<LuaArgsProtocol>$$IndexOf,"int32_t System_Collections_Generic_EqualityComparer_LuaArgsProtocol___IndexOf (System_Collections_Generic_EqualityComparer_T__o* __this, LuaArgsProtocol_array* array, LuaArgsProtocol_o value, int32_t startIndex, int32_t count, const MethodInfo_18FE8C4* method);"
26208616,System.Collections.Generic.EqualityComparer<LuaArgsProtocol>$$LastIndexOf,"int32_t System_Collections_Generic_EqualityComparer_LuaArgsProtocol___LastIndexOf (System_Collections_Generic_EqualityComparer_T__o* __this, LuaArgsProtocol_array* array, LuaArgsProtocol_o value, int32_t startIndex, int32_t count, const MethodInfo_18FE968* method);"
26208772,System.Collections.Generic.EqualityComparer<LuaArgsProtocol>$$System.Collections.IEqualityComparer.GetHashCode,"int32_t System_Collections_Generic_EqualityComparer_LuaArgsProtocol___System_Collections_IEqualityComparer_GetHashCode (System_Collections_Generic_EqualityComparer_T__o* __this, Il2CppObject* obj, const MethodInfo_18FEA04* method);"
26208960,System.Collections.Generic.EqualityComparer<LuaArgsProtocol>$$System.Collections.IEqualityComparer.Equals,"bool System_Collections_Generic_EqualityComparer_LuaArgsProtocol___System_Collections_IEqualityComparer_Equals (System_Collections_Generic_EqualityComparer_T__o* __this, Il2CppObject* x, Il2CppObject* y, const MethodInfo_18FEAC0* method);"
26209304,System.Collections.Generic.EqualityComparer<LuaArgsProtocol>$$.ctor,"void System_Collections_Generic_EqualityComparer_LuaArgsProtocol____ctor (System_Collections_Generic_EqualityComparer_T__o* __this, const MethodInfo_18FEC18* method);"
27017924,System.Array.InternalEnumerator<LuaArgsProtocol>$$.ctor,"void System_Array_InternalEnumerator_LuaArgsProtocol____ctor (System_Array_InternalEnumerator_T__o __this, System_Array_o* array, const MethodInfo_19C42C4* method);"
27017940,System.Array.InternalEnumerator<LuaArgsProtocol>$$Dispose,"void System_Array_InternalEnumerator_LuaArgsProtocol___Dispose (System_Array_InternalEnumerator_T__o __this, const MethodInfo_19C42D4* method);"
27017944,System.Array.InternalEnumerator<LuaArgsProtocol>$$MoveNext,"bool System_Array_InternalEnumerator_LuaArgsProtocol___MoveNext (System_Array_InternalEnumerator_T__o __this, const MethodInfo_19C42D8* method);"
27018024,System.Array.InternalEnumerator<LuaArgsProtocol>$$get_Current,"LuaArgsProtocol_o System_Array_InternalEnumerator_LuaArgsProtocol___get_Current (System_Array_InternalEnumerator_T__o __this, const MethodInfo_19C4328* method);"
27018320,System.Array.InternalEnumerator<LuaArgsProtocol>$$System.Collections.IEnumerator.Reset,"void System_Array_InternalEnumerator_LuaArgsProtocol___System_Collections_IEnumerator_Reset (System_Array_InternalEnumerator_T__o __this, const MethodInfo_19C4450* method);"
27018332,System.Array.InternalEnumerator<LuaArgsProtocol>$$System.Collections.IEnumerator.get_Current,"Il2CppObject* System_Array_InternalEnumerator_LuaArgsProtocol___System_Collections_IEnumerator_get_Current (System_Array_InternalEnumerator_T__o __this, const MethodInfo_19C445C* method);"
27117036,System.Array.InternalEnumerator<Socket.WSABUF>$$.ctor,"void System_Array_InternalEnumerator_Socket_WSABUF____ctor (System_Array_InternalEnumerator_T__o __this, System_Array_o* array, const MethodInfo_19DC5EC* method);"
27117052,System.Array.InternalEnumerator<Socket.WSABUF>$$Dispose,"void System_Array_InternalEnumerator_Socket_WSABUF___Dispose (System_Array_InternalEnumerator_T__o __this, const MethodInfo_19DC5FC* method);"
27117056,System.Array.InternalEnumerator<Socket.WSABUF>$$MoveNext,"bool System_Array_InternalEnumerator_Socket_WSABUF___MoveNext (System_Array_InternalEnumerator_T__o __this, const MethodInfo_19DC600* method);"
27117136,System.Array.InternalEnumerator<Socket.WSABUF>$$get_Current,"System_Net_Sockets_Socket_WSABUF_o System_Array_InternalEnumerator_Socket_WSABUF___get_Current (System_Array_InternalEnumerator_T__o __this, const MethodInfo_19DC650* method);"
27117432,System.Array.InternalEnumerator<Socket.WSABUF>$$System.Collections.IEnumerator.Reset,"void System_Array_InternalEnumerator_Socket_WSABUF___System_Collections_IEnumerator_Reset (System_Array_InternalEnumerator_T__o __this, const MethodInfo_19DC778* method);"
27117444,System.Array.InternalEnumerator<Socket.WSABUF>$$System.Collections.IEnumerator.get_Current,"Il2CppObject* System_Array_InternalEnumerator_Socket_WSABUF___System_Collections_IEnumerator_get_Current (System_Array_InternalEnumerator_T__o __this, const MethodInfo_19DC784* method);"
28067880,System.Collections.Generic.List<LuaArgsProtocol>$$.ctor,"void System_Collections_Generic_List_LuaArgsProtocol____ctor (System_Collections_Generic_List_LuaArgsProtocol__o* __this, const MethodInfo_1AC4828* method);"
28067988,System.Collections.Generic.List<LuaArgsProtocol>$$.ctor,"void System_Collections_Generic_List_LuaArgsProtocol____ctor (System_Collections_Generic_List_LuaArgsProtocol__o* __this, int32_t capacity, const MethodInfo_1AC4894* method);"
28068164,System.Collections.Generic.List<LuaArgsProtocol>$$.ctor,"void System_Collections_Generic_List_LuaArgsProtocol____ctor (System_Collections_Generic_List_LuaArgsProtocol__o* __this, System_Collections_Generic_IEnumerable_T__o* collection, const MethodInfo_1AC4944* method);"
28068756,System.Collections.Generic.List<LuaArgsProtocol>$$get_Capacity,"int32_t System_Collections_Generic_List_LuaArgsProtocol___get_Capacity (System_Collections_Generic_List_LuaArgsProtocol__o* __this, const MethodInfo_1AC4B94* method);"
28068784,System.Collections.Generic.List<LuaArgsProtocol>$$set_Capacity,"void System_Collections_Generic_List_LuaArgsProtocol___set_Capacity (System_Collections_Generic_List_LuaArgsProtocol__o* __this, int32_t value, const MethodInfo_1AC4BB0* method);"
28069020,System.Collections.Generic.List<LuaArgsProtocol>$$get_Count,"int32_t System_Collections_Generic_List_LuaArgsProtocol___get_Count (System_Collections_Generic_List_LuaArgsProtocol__o* __this, const MethodInfo_1AC4C9C* method);"
28069028,System.Collections.Generic.List<LuaArgsProtocol>$$System.Collections.IList.get_IsFixedSize,"bool System_Collections_Generic_List_LuaArgsProtocol___System_Collections_IList_get_IsFixedSize (System_Collections_Generic_List_LuaArgsProtocol__o* __this, const MethodInfo_1AC4CA4* method);"
28069036,System.Collections.Generic.List<LuaArgsProtocol>$$System.Collections.Generic.ICollection<T>.get_IsReadOnly,"bool System_Collections_Generic_List_LuaArgsProtocol___System_Collections_Generic_ICollection_T__get_IsReadOnly (System_Collections_Generic_List_LuaArgsProtocol__o* __this, const MethodInfo_1AC4CAC* method);"
28069044,System.Collections.Generic.List<LuaArgsProtocol>$$System.Collections.IList.get_IsReadOnly,"bool System_Collections_Generic_List_LuaArgsProtocol___System_Collections_IList_get_IsReadOnly (System_Collections_Generic_List_LuaArgsProtocol__o* __this, const MethodInfo_1AC4CB4* method);"
28069052,System.Collections.Generic.List<LuaArgsProtocol>$$System.Collections.ICollection.get_IsSynchronized,"bool System_Collections_Generic_List_LuaArgsProtocol___System_Collections_ICollection_get_IsSynchronized (System_Collections_Generic_List_LuaArgsProtocol__o* __this, const MethodInfo_1AC4CBC* method);"
28069060,System.Collections.Generic.List<LuaArgsProtocol>$$System.Collections.ICollection.get_SyncRoot,"Il2CppObject* System_Collections_Generic_List_LuaArgsProtocol___System_Collections_ICollection_get_SyncRoot (System_Collections_Generic_List_LuaArgsProtocol__o* __this, const MethodInfo_1AC4CC4* method);"
28069180,System.Collections.Generic.List<LuaArgsProtocol>$$get_Item,"LuaArgsProtocol_o System_Collections_Generic_List_LuaArgsProtocol___get_Item (System_Collections_Generic_List_LuaArgsProtocol__o* __this, int32_t index, const MethodInfo_1AC4D3C* method);"
28069268,System.Collections.Generic.List<LuaArgsProtocol>$$set_Item,"void System_Collections_Generic_List_LuaArgsProtocol___set_Item (System_Collections_Generic_List_LuaArgsProtocol__o* __this, int32_t index, LuaArgsProtocol_o value, const MethodInfo_1AC4D94* method);"
28069384,System.Collections.Generic.List<LuaArgsProtocol>$$IsCompatibleObject,"bool System_Collections_Generic_List_LuaArgsProtocol___IsCompatibleObject (Il2CppObject* value, const MethodInfo_1AC4E08* method);"
28069560,System.Collections.Generic.List<LuaArgsProtocol>$$System.Collections.IList.get_Item,"Il2CppObject* System_Collections_Generic_List_LuaArgsProtocol___System_Collections_IList_get_Item (System_Collections_Generic_List_LuaArgsProtocol__o* __this, int32_t index, const MethodInfo_1AC4EB8* method);"
28069640,System.Collections.Generic.List<LuaArgsProtocol>$$System.Collections.IList.set_Item,"void System_Collections_Generic_List_LuaArgsProtocol___System_Collections_IList_set_Item (System_Collections_Generic_List_LuaArgsProtocol__o* __this, int32_t index, Il2CppObject* value, const MethodInfo_1AC4F08* method);"
28070008,System.Collections.Generic.List<LuaArgsProtocol>$$Add,"void System_Collections_Generic_List_LuaArgsProtocol___Add (System_Collections_Generic_List_LuaArgsProtocol__o* __this, LuaArgsProtocol_o item, const MethodInfo_1AC5078* method);"
28070100,System.Collections.Generic.List<LuaArgsProtocol>$$AddWithResize,"void System_Collections_Generic_List_LuaArgsProtocol___AddWithResize (System_Collections_Generic_List_LuaArgsProtocol__o* __this, LuaArgsProtocol_o item, const MethodInfo_1AC50D4* method);"
28070212,System.Collections.Generic.List<LuaArgsProtocol>$$System.Collections.IList.Add,"int32_t System_Collections_Generic_List_LuaArgsProtocol___System_Collections_IList_Add (System_Collections_Generic_List_LuaArgsProtocol__o* __this, Il2CppObject* item, const MethodInfo_1AC5144* method);"
28070592,System.Collections.Generic.List<LuaArgsProtocol>$$AddRange,"void System_Collections_Generic_List_LuaArgsProtocol___AddRange (System_Collections_Generic_List_LuaArgsProtocol__o* __this, System_Collections_Generic_IEnumerable_T__o* collection, const MethodInfo_1AC52C0* method);"
28070624,System.Collections.Generic.List<LuaArgsProtocol>$$AsReadOnly,"System_Collections_ObjectModel_ReadOnlyCollection_T__o* System_Collections_Generic_List_LuaArgsProtocol___AsReadOnly (System_Collections_Generic_List_LuaArgsProtocol__o* __this, const MethodInfo_1AC52E0* method);"
28070732,System.Collections.Generic.List<LuaArgsProtocol>$$BinarySearch,"int32_t System_Collections_Generic_List_LuaArgsProtocol___BinarySearch (System_Collections_Generic_List_LuaArgsProtocol__o* __this, int32_t index, int32_t count, LuaArgsProtocol_o item, System_Collections_Generic_IComparer_T__o* comparer, const MethodInfo_1AC534C* method);"
28070904,System.Collections.Generic.List<LuaArgsProtocol>$$BinarySearch,"int32_t System_Collections_Generic_List_LuaArgsProtocol___BinarySearch (System_Collections_Generic_List_LuaArgsProtocol__o* __this, LuaArgsProtocol_o item, const MethodInfo_1AC53F8* method);"
28071008,System.Collections.Generic.List<LuaArgsProtocol>$$BinarySearch,"int32_t System_Collections_Generic_List_LuaArgsProtocol___BinarySearch (System_Collections_Generic_List_LuaArgsProtocol__o* __this, LuaArgsProtocol_o item, System_Collections_Generic_IComparer_T__o* comparer, const MethodInfo_1AC5460* method);"
28071116,System.Collections.Generic.List<LuaArgsProtocol>$$Clear,"void System_Collections_Generic_List_LuaArgsProtocol___Clear (System_Collections_Generic_List_LuaArgsProtocol__o* __this, const MethodInfo_1AC54CC* method);"
28071156,System.Collections.Generic.List<LuaArgsProtocol>$$Contains,"bool System_Collections_Generic_List_LuaArgsProtocol___Contains (System_Collections_Generic_List_LuaArgsProtocol__o* __this, LuaArgsProtocol_o item, const MethodInfo_1AC54F4* method);"
28071212,System.Collections.Generic.List<LuaArgsProtocol>$$System.Collections.IList.Contains,"bool System_Collections_Generic_List_LuaArgsProtocol___System_Collections_IList_Contains (System_Collections_Generic_List_LuaArgsProtocol__o* __this, Il2CppObject* item, const MethodInfo_1AC552C* method);"
28071456,System.Collections.Generic.List<LuaArgsProtocol>$$CopyTo,"void System_Collections_Generic_List_LuaArgsProtocol___CopyTo (System_Collections_Generic_List_LuaArgsProtocol__o* __this, LuaArgsProtocol_array* array, const MethodInfo_1AC5620* method);"
28071480,System.Collections.Generic.List<LuaArgsProtocol>$$System.Collections.ICollection.CopyTo,"void System_Collections_Generic_List_LuaArgsProtocol___System_Collections_ICollection_CopyTo (System_Collections_Generic_List_LuaArgsProtocol__o* __this, System_Array_o* array, int32_t arrayIndex, const MethodInfo_1AC5638* method);"
28071700,System.Collections.Generic.List<LuaArgsProtocol>$$CopyTo,"void System_Collections_Generic_List_LuaArgsProtocol___CopyTo (System_Collections_Generic_List_LuaArgsProtocol__o* __this, int32_t index, LuaArgsProtocol_array* array, int32_t arrayIndex, int32_t count, const MethodInfo_1AC5714* method);"
28071800,System.Collections.Generic.List<LuaArgsProtocol>$$CopyTo,"void System_Collections_Generic_List_LuaArgsProtocol___CopyTo (System_Collections_Generic_List_LuaArgsProtocol__o* __this, LuaArgsProtocol_array* array, int32_t arrayIndex, const MethodInfo_1AC5778* method);"
28071832,System.Collections.Generic.List<LuaArgsProtocol>$$EnsureCapacity,"void System_Collections_Generic_List_LuaArgsProtocol___EnsureCapacity (System_Collections_Generic_List_LuaArgsProtocol__o* __this, int32_t min, const MethodInfo_1AC5798* method);"
28071928,System.Collections.Generic.List<LuaArgsProtocol>$$Exists,"bool System_Collections_Generic_List_LuaArgsProtocol___Exists (System_Collections_Generic_List_LuaArgsProtocol__o* __this, System_Predicate_T__o* match, const MethodInfo_1AC57F8* method);"
28071968,System.Collections.Generic.List<LuaArgsProtocol>$$Find,"LuaArgsProtocol_o System_Collections_Generic_List_LuaArgsProtocol___Find (System_Collections_Generic_List_LuaArgsProtocol__o* __this, System_Predicate_T__o* match, const MethodInfo_1AC5820* method);"
28072168,System.Collections.Generic.List<LuaArgsProtocol>$$FindAll,"System_Collections_Generic_List_T__o* System_Collections_Generic_List_LuaArgsProtocol___FindAll (System_Collections_Generic_List_LuaArgsProtocol__o* __this, System_Predicate_T__o* match, const MethodInfo_1AC58E8* method);"
28072448,System.Collections.Generic.List<LuaArgsProtocol>$$FindIndex,"int32_t System_Collections_Generic_List_LuaArgsProtocol___FindIndex (System_Collections_Generic_List_LuaArgsProtocol__o* __this, System_Predicate_T__o* match, const MethodInfo_1AC5A00* method);"
28072480,System.Collections.Generic.List<LuaArgsProtocol>$$FindIndex,"int32_t System_Collections_Generic_List_LuaArgsProtocol___FindIndex (System_Collections_Generic_List_LuaArgsProtocol__o* __this, int32_t startIndex, System_Predicate_T__o* match, const MethodInfo_1AC5A20* method);"
28072516,System.Collections.Generic.List<LuaArgsProtocol>$$FindIndex,"int32_t System_Collections_Generic_List_LuaArgsProtocol___FindIndex (System_Collections_Generic_List_LuaArgsProtocol__o* __this, int32_t startIndex, int32_t count, System_Predicate_T__o* match, const MethodInfo_1AC5A44* method);"
28072752,System.Collections.Generic.List<LuaArgsProtocol>$$FindLast,"LuaArgsProtocol_o System_Collections_Generic_List_LuaArgsProtocol___FindLast (System_Collections_Generic_List_LuaArgsProtocol__o* __this, System_Predicate_T__o* match, const MethodInfo_1AC5B30* method);"
28072936,System.Collections.Generic.List<LuaArgsProtocol>$$FindLastIndex,"int32_t System_Collections_Generic_List_LuaArgsProtocol___FindLastIndex (System_Collections_Generic_List_LuaArgsProtocol__o* __this, System_Predicate_T__o* match, const MethodInfo_1AC5BE8* method);"
28072972,System.Collections.Generic.List<LuaArgsProtocol>$$FindLastIndex,"int32_t System_Collections_Generic_List_LuaArgsProtocol___FindLastIndex (System_Collections_Generic_List_LuaArgsProtocol__o* __this, int32_t startIndex, System_Predicate_T__o* match, const MethodInfo_1AC5C0C* method);"
28073004,System.Collections.Generic.List<LuaArgsProtocol>$$FindLastIndex,"int32_t System_Collections_Generic_List_LuaArgsProtocol___FindLastIndex (System_Collections_Generic_List_LuaArgsProtocol__o* __this, int32_t startIndex, int32_t count, System_Predicate_T__o* match, const MethodInfo_1AC5C2C* method);"
28073252,System.Collections.Generic.List<LuaArgsProtocol>$$ForEach,"void System_Collections_Generic_List_LuaArgsProtocol___ForEach (System_Collections_Generic_List_LuaArgsProtocol__o* __this, System_Action_T__o* action, const MethodInfo_1AC5D24* method);"
28073468,System.Collections.Generic.List<LuaArgsProtocol>$$GetEnumerator,"System_Collections_Generic_List_Enumerator_T__o System_Collections_Generic_List_LuaArgsProtocol___GetEnumerator (System_Collections_Generic_List_LuaArgsProtocol__o* __this, const MethodInfo_1AC5DFC* method);"
28073500,System.Collections.Generic.List<LuaArgsProtocol>$$System.Collections.Generic.IEnumerable<T>.GetEnumerator,"System_Collections_Generic_IEnumerator_T__o* System_Collections_Generic_List_LuaArgsProtocol___System_Collections_Generic_IEnumerable_T__GetEnumerator (System_Collections_Generic_List_LuaArgsProtocol__o* __this, const MethodInfo_1AC5E1C* method);"
28073596,System.Collections.Generic.List<LuaArgsProtocol>$$System.Collections.IEnumerable.GetEnumerator,"System_Collections_IEnumerator_o* System_Collections_Generic_List_LuaArgsProtocol___System_Collections_IEnumerable_GetEnumerator (System_Collections_Generic_List_LuaArgsProtocol__o* __this, const MethodInfo_1AC5E7C* method);"
28073692,System.Collections.Generic.List<LuaArgsProtocol>$$GetRange,"System_Collections_Generic_List_T__o* System_Collections_Generic_List_LuaArgsProtocol___GetRange (System_Collections_Generic_List_LuaArgsProtocol__o* __this, int32_t index, int32_t count, const MethodInfo_1AC5EDC* method);"
28073904,System.Collections.Generic.List<LuaArgsProtocol>$$IndexOf,"int32_t System_Collections_Generic_List_LuaArgsProtocol___IndexOf (System_Collections_Generic_List_LuaArgsProtocol__o* __this, LuaArgsProtocol_o item, const MethodInfo_1AC5FB0* method);"
28073940,System.Collections.Generic.List<LuaArgsProtocol>$$System.Collections.IList.IndexOf,"int32_t System_Collections_Generic_List_LuaArgsProtocol___System_Collections_IList_IndexOf (System_Collections_Generic_List_LuaArgsProtocol__o* __this, Il2CppObject* item, const MethodInfo_1AC5FD4* method);"
28074184,System.Collections.Generic.List<LuaArgsProtocol>$$IndexOf,"int32_t System_Collections_Generic_List_LuaArgsProtocol___IndexOf (System_Collections_Generic_List_LuaArgsProtocol__o* __this, LuaArgsProtocol_o item, int32_t index, const MethodInfo_1AC60C8* method);"
28074292,System.Collections.Generic.List<LuaArgsProtocol>$$IndexOf,"int32_t System_Collections_Generic_List_LuaArgsProtocol___IndexOf (System_Collections_Generic_List_LuaArgsProtocol__o* __this, LuaArgsProtocol_o item, int32_t index, int32_t count, const MethodInfo_1AC6134* method);"
28074436,System.Collections.Generic.List<LuaArgsProtocol>$$Insert,"void System_Collections_Generic_List_LuaArgsProtocol___Insert (System_Collections_Generic_List_LuaArgsProtocol__o* __this, int32_t index, LuaArgsProtocol_o item, const MethodInfo_1AC61C4* method);"
28074656,System.Collections.Generic.List<LuaArgsProtocol>$$System.Collections.IList.Insert,"void System_Collections_Generic_List_LuaArgsProtocol___System_Collections_IList_Insert (System_Collections_Generic_List_LuaArgsProtocol__o* __this, int32_t index, Il2CppObject* item, const MethodInfo_1AC62A0* method);"
28075024,System.Collections.Generic.List<LuaArgsProtocol>$$InsertRange,"void System_Collections_Generic_List_LuaArgsProtocol___InsertRange (System_Collections_Generic_List_LuaArgsProtocol__o* __this, int32_t index, System_Collections_Generic_IEnumerable_T__o* collection, const MethodInfo_1AC6410* method);"
28076396,System.Collections.Generic.List<LuaArgsProtocol>$$LastIndexOf,"int32_t System_Collections_Generic_List_LuaArgsProtocol___LastIndexOf (System_Collections_Generic_List_LuaArgsProtocol__o* __this, LuaArgsProtocol_o item, const MethodInfo_1AC696C* method);"
28076436,System.Collections.Generic.List<LuaArgsProtocol>$$LastIndexOf,"int32_t System_Collections_Generic_List_LuaArgsProtocol___LastIndexOf (System_Collections_Generic_List_LuaArgsProtocol__o* __this, LuaArgsProtocol_o item, int32_t index, const MethodInfo_1AC6994* method);"
28076540,System.Collections.Generic.List<LuaArgsProtocol>$$LastIndexOf,"int32_t System_Collections_Generic_List_LuaArgsProtocol___LastIndexOf (System_Collections_Generic_List_LuaArgsProtocol__o* __this, LuaArgsProtocol_o item, int32_t index, int32_t count, const MethodInfo_1AC69FC* method);"
28076804,System.Collections.Generic.List<LuaArgsProtocol>$$Remove,"bool System_Collections_Generic_List_LuaArgsProtocol___Remove (System_Collections_Generic_List_LuaArgsProtocol__o* __this, LuaArgsProtocol_o item, const MethodInfo_1AC6B04* method);"
28076896,System.Collections.Generic.List<LuaArgsProtocol>$$System.Collections.IList.Remove,"void System_Collections_Generic_List_LuaArgsProtocol___System_Collections_IList_Remove (System_Collections_Generic_List_LuaArgsProtocol__o* __this, Il2CppObject* item, const MethodInfo_1AC6B60* method);"
28077136,System.Collections.Generic.List<LuaArgsProtocol>$$RemoveAll,"int32_t System_Collections_Generic_List_LuaArgsProtocol___RemoveAll (System_Collections_Generic_List_LuaArgsProtocol__o* __this, System_Predicate_T__o* match, const MethodInfo_1AC6C50* method);"
28077552,System.Collections.Generic.List<LuaArgsProtocol>$$RemoveAt,"void System_Collections_Generic_List_LuaArgsProtocol___RemoveAt (System_Collections_Generic_List_LuaArgsProtocol__o* __this, int32_t index, const MethodInfo_1AC6DF0* method);"
28077696,System.Collections.Generic.List<LuaArgsProtocol>$$RemoveRange,"void System_Collections_Generic_List_LuaArgsProtocol___RemoveRange (System_Collections_Generic_List_LuaArgsProtocol__o* __this, int32_t index, int32_t count, const MethodInfo_1AC6E80* method);"
28077888,System.Collections.Generic.List<LuaArgsProtocol>$$Reverse,"void System_Collections_Generic_List_LuaArgsProtocol___Reverse (System_Collections_Generic_List_LuaArgsProtocol__o* __this, const MethodInfo_1AC6F40* method);"
28077964,System.Collections.Generic.List<LuaArgsProtocol>$$Reverse,"void System_Collections_Generic_List_LuaArgsProtocol___Reverse (System_Collections_Generic_List_LuaArgsProtocol__o* __this, int32_t index, int32_t count, const MethodInfo_1AC6F8C* method);"
28078128,System.Collections.Generic.List<LuaArgsProtocol>$$Sort,"void System_Collections_Generic_List_LuaArgsProtocol___Sort (System_Collections_Generic_List_LuaArgsProtocol__o* __this, const MethodInfo_1AC7030* method);"
28078208,System.Collections.Generic.List<LuaArgsProtocol>$$Sort,"void System_Collections_Generic_List_LuaArgsProtocol___Sort (System_Collections_Generic_List_LuaArgsProtocol__o* __this, System_Collections_Generic_IComparer_T__o* comparer, const MethodInfo_1AC7080* method);"
28078292,System.Collections.Generic.List<LuaArgsProtocol>$$Sort,"void System_Collections_Generic_List_LuaArgsProtocol___Sort (System_Collections_Generic_List_LuaArgsProtocol__o* __this, int32_t index, int32_t count, System_Collections_Generic_IComparer_T__o* comparer, const MethodInfo_1AC70D4* method);"
28078464,System.Collections.Generic.List<LuaArgsProtocol>$$Sort,"void System_Collections_Generic_List_LuaArgsProtocol___Sort (System_Collections_Generic_List_LuaArgsProtocol__o* __this, System_Comparison_T__o* comparison, const MethodInfo_1AC7180* method);"
28078616,System.Collections.Generic.List<LuaArgsProtocol>$$ToArray,"LuaArgsProtocol_array* System_Collections_Generic_List_LuaArgsProtocol___ToArray (System_Collections_Generic_List_LuaArgsProtocol__o* __this, const MethodInfo_1AC7218* method);"
28078788,System.Collections.Generic.List<LuaArgsProtocol>$$TrimExcess,"void System_Collections_Generic_List_LuaArgsProtocol___TrimExcess (System_Collections_Generic_List_LuaArgsProtocol__o* __this, const MethodInfo_1AC72C4* method);"
28078896,System.Collections.Generic.List<LuaArgsProtocol>$$TrueForAll,"bool System_Collections_Generic_List_LuaArgsProtocol___TrueForAll (System_Collections_Generic_List_LuaArgsProtocol__o* __this, System_Predicate_T__o* match, const MethodInfo_1AC7330* method);"
28079068,System.Collections.Generic.List<LuaArgsProtocol>$$AddEnumerable,"void System_Collections_Generic_List_LuaArgsProtocol___AddEnumerable (System_Collections_Generic_List_LuaArgsProtocol__o* __this, System_Collections_Generic_IEnumerable_T__o* enumerable, const MethodInfo_1AC73DC* method);"
28079956,System.Collections.Generic.List<LuaArgsProtocol>$$.cctor,void System_Collections_Generic_List_LuaArgsProtocol____cctor (const MethodInfo_1AC7754* method);
29640492,System.Collections.Generic.ObjectComparer<LuaArgsProtocol>$$Compare,"int32_t System_Collections_Generic_ObjectComparer_LuaArgsProtocol___Compare (System_Collections_Generic_ObjectComparer_T__o* __this, LuaArgsProtocol_o x, LuaArgsProtocol_o y, const MethodInfo_1C4472C* method);"
29640740,System.Collections.Generic.ObjectComparer<LuaArgsProtocol>$$Equals,"bool System_Collections_Generic_ObjectComparer_LuaArgsProtocol___Equals (System_Collections_Generic_ObjectComparer_T__o* __this, Il2CppObject* obj, const MethodInfo_1C44824* method);"
29640832,System.Collections.Generic.ObjectComparer<LuaArgsProtocol>$$GetHashCode,"int32_t System_Collections_Generic_ObjectComparer_LuaArgsProtocol___GetHashCode (System_Collections_Generic_ObjectComparer_T__o* __this, const MethodInfo_1C44880* method);"
29640888,System.Collections.Generic.ObjectComparer<LuaArgsProtocol>$$.ctor,"void System_Collections_Generic_ObjectComparer_LuaArgsProtocol____ctor (System_Collections_Generic_ObjectComparer_T__o* __this, const MethodInfo_1C448B8* method);"
29920480,System.Collections.Generic.ObjectEqualityComparer<LuaArgsProtocol>$$Equals,"bool System_Collections_Generic_ObjectEqualityComparer_LuaArgsProtocol___Equals (System_Collections_Generic_ObjectEqualityComparer_T__o* __this, LuaArgsProtocol_o x, LuaArgsProtocol_o y, const MethodInfo_1C88CE0* method);"
29920624,System.Collections.Generic.ObjectEqualityComparer<LuaArgsProtocol>$$GetHashCode,"int32_t System_Collections_Generic_ObjectEqualityComparer_LuaArgsProtocol___GetHashCode (System_Collections_Generic_ObjectEqualityComparer_T__o* __this, LuaArgsProtocol_o obj, const MethodInfo_1C88D70* method);"
29920708,System.Collections.Generic.ObjectEqualityComparer<LuaArgsProtocol>$$IndexOf,"int32_t System_Collections_Generic_ObjectEqualityComparer_LuaArgsProtocol___IndexOf (System_Collections_Generic_ObjectEqualityComparer_T__o* __this, LuaArgsProtocol_array* array, LuaArgsProtocol_o value, int32_t startIndex, int32_t count, const MethodInfo_1C88DC4* method);"
29920992,System.Collections.Generic.ObjectEqualityComparer<LuaArgsProtocol>$$LastIndexOf,"int32_t System_Collections_Generic_ObjectEqualityComparer_LuaArgsProtocol___LastIndexOf (System_Collections_Generic_ObjectEqualityComparer_T__o* __this, LuaArgsProtocol_array* array, LuaArgsProtocol_o value, int32_t startIndex, int32_t count, const MethodInfo_1C88EE0* method);"
29921260,System.Collections.Generic.ObjectEqualityComparer<LuaArgsProtocol>$$Equals,"bool System_Collections_Generic_ObjectEqualityComparer_LuaArgsProtocol___Equals (System_Collections_Generic_ObjectEqualityComparer_T__o* __this, Il2CppObject* obj, const MethodInfo_1C88FEC* method);"
29921352,System.Collections.Generic.ObjectEqualityComparer<LuaArgsProtocol>$$GetHashCode,"int32_t System_Collections_Generic_ObjectEqualityComparer_LuaArgsProtocol___GetHashCode (System_Collections_Generic_ObjectEqualityComparer_T__o* __this, const MethodInfo_1C89048* method);"
29921408,System.Collections.Generic.ObjectEqualityComparer<LuaArgsProtocol>$$.ctor,"void System_Collections_Generic_ObjectEqualityComparer_LuaArgsProtocol____ctor (System_Collections_Generic_ObjectEqualityComparer_T__o* __this, const MethodInfo_1C89080* method);"
30111120,System.Predicate<LuaArgsProtocol>$$.ctor,"void System_Predicate_LuaArgsProtocol____ctor (System_Predicate_T__o* __this, Il2CppObject* object, intptr_t method, const MethodInfo_1CB7590* method);"
30111316,System.Predicate<LuaArgsProtocol>$$Invoke,"bool System_Predicate_LuaArgsProtocol___Invoke (System_Predicate_T__o* __this, LuaArgsProtocol_o obj, const MethodInfo_1CB7654* method);"
30134332,Protocols.ProtocolList<object>$$GetCount,"int32_t Protocols_ProtocolList_object___GetCount (Protocols_ProtocolList_T__o* __this, const MethodInfo_1CBD03C* method);"
30134372,Protocols.ProtocolList<object>$$get_Item,"Il2CppObject* Protocols_ProtocolList_object___get_Item (Protocols_ProtocolList_T__o* __this, int32_t index, const MethodInfo_1CBD064* method);"
30134412,Protocols.ProtocolList<object>$$set_Item,"void Protocols_ProtocolList_object___set_Item (Protocols_ProtocolList_T__o* __this, int32_t index, Il2CppObject* value, const MethodInfo_1CBD08C* method);"
30134452,Protocols.ProtocolList<object>$$Add,"void Protocols_ProtocolList_object___Add (Protocols_ProtocolList_T__o* __this, Il2CppObject* item, const MethodInfo_1CBD0B4* method);"
30134492,Protocols.ProtocolList<object>$$Clear,"void Protocols_ProtocolList_object___Clear (Protocols_ProtocolList_T__o* __this, const MethodInfo_1CBD0DC* method);"
30134532,Protocols.ProtocolList<object>$$.ctor,"void Protocols_ProtocolList_object____ctor (Protocols_ProtocolList_T__o* __this, const MethodInfo_1CBD104* method);"
30333544,System.Collections.ObjectModel.ReadOnlyCollection<LuaArgsProtocol>$$.ctor,"void System_Collections_ObjectModel_ReadOnlyCollection_LuaArgsProtocol____ctor (System_Collections_ObjectModel_ReadOnlyCollection_T__o* __this, System_Collections_Generic_IList_T__o* list, const MethodInfo_1CEDA68* method);"
30333600,System.Collections.ObjectModel.ReadOnlyCollection<LuaArgsProtocol>$$get_Count,"int32_t System_Collections_ObjectModel_ReadOnlyCollection_LuaArgsProtocol___get_Count (System_Collections_ObjectModel_ReadOnlyCollection_T__o* __this, const MethodInfo_1CEDAA0* method);"
30333736,System.Collections.ObjectModel.ReadOnlyCollection<LuaArgsProtocol>$$get_Item,"LuaArgsProtocol_o System_Collections_ObjectModel_ReadOnlyCollection_LuaArgsProtocol___get_Item (System_Collections_ObjectModel_ReadOnlyCollection_T__o* __this, int32_t index, const MethodInfo_1CEDB28* method);"
30333888,System.Collections.ObjectModel.ReadOnlyCollection<LuaArgsProtocol>$$Contains,"bool System_Collections_ObjectModel_ReadOnlyCollection_LuaArgsProtocol___Contains (System_Collections_ObjectModel_ReadOnlyCollection_T__o* __this, LuaArgsProtocol_o value, const MethodInfo_1CEDBC0* method);"
30334052,System.Collections.ObjectModel.ReadOnlyCollection<LuaArgsProtocol>$$CopyTo,"void System_Collections_ObjectModel_ReadOnlyCollection_LuaArgsProtocol___CopyTo (System_Collections_ObjectModel_ReadOnlyCollection_T__o* __this, LuaArgsProtocol_array* array, int32_t index, const MethodInfo_1CEDC64* method);"
30334216,System.Collections.ObjectModel.ReadOnlyCollection<LuaArgsProtocol>$$GetEnumerator,"System_Collections_Generic_IEnumerator_T__o* System_Collections_ObjectModel_ReadOnlyCollection_LuaArgsProtocol___GetEnumerator (System_Collections_ObjectModel_ReadOnlyCollection_T__o* __this, const MethodInfo_1CEDD08* method);"
30334352,System.Collections.ObjectModel.ReadOnlyCollection<LuaArgsProtocol>$$IndexOf,"int32_t System_Collections_ObjectModel_ReadOnlyCollection_LuaArgsProtocol___IndexOf (System_Collections_ObjectModel_ReadOnlyCollection_T__o* __this, LuaArgsProtocol_o value, const MethodInfo_1CEDD90* method);"
30334516,System.Collections.ObjectModel.ReadOnlyCollection<LuaArgsProtocol>$$System.Collections.Generic.ICollection<T>.get_IsReadOnly,"bool System_Collections_ObjectModel_ReadOnlyCollection_LuaArgsProtocol___System_Collections_Generic_ICollection_T__get_IsReadOnly (System_Collections_ObjectModel_ReadOnlyCollection_T__o* __this, const MethodInfo_1CEDE34* method);"
30334524,System.Collections.ObjectModel.ReadOnlyCollection<LuaArgsProtocol>$$System.Collections.Generic.IList<T>.get_Item,"LuaArgsProtocol_o System_Collections_ObjectModel_ReadOnlyCollection_LuaArgsProtocol___System_Collections_Generic_IList_T__get_Item (System_Collections_ObjectModel_ReadOnlyCollection_T__o* __this, int32_t index, const MethodInfo_1CEDE3C* method);"
30334676,System.Collections.ObjectModel.ReadOnlyCollection<LuaArgsProtocol>$$System.Collections.Generic.IList<T>.set_Item,"void System_Collections_ObjectModel_ReadOnlyCollection_LuaArgsProtocol___System_Collections_Generic_IList_T__set_Item (System_Collections_ObjectModel_ReadOnlyCollection_T__o* __this, int32_t index, LuaArgsProtocol_o value, const MethodInfo_1CEDED4* method);"
30334688,System.Collections.ObjectModel.ReadOnlyCollection<LuaArgsProtocol>$$System.Collections.Generic.ICollection<T>.Add,"void System_Collections_ObjectModel_ReadOnlyCollection_LuaArgsProtocol___System_Collections_Generic_ICollection_T__Add (System_Collections_ObjectModel_ReadOnlyCollection_T__o* __this, LuaArgsProtocol_o value, const MethodInfo_1CEDEE0* method);"
30334700,System.Collections.ObjectModel.ReadOnlyCollection<LuaArgsProtocol>$$System.Collections.Generic.ICollection<T>.Clear,"void System_Collections_ObjectModel_ReadOnlyCollection_LuaArgsProtocol___System_Collections_Generic_ICollection_T__Clear (System_Collections_ObjectModel_ReadOnlyCollection_T__o* __this, const MethodInfo_1CEDEEC* method);"
30334712,System.Collections.ObjectModel.ReadOnlyCollection<LuaArgsProtocol>$$System.Collections.Generic.IList<T>.Insert,"void System_Collections_ObjectModel_ReadOnlyCollection_LuaArgsProtocol___System_Collections_Generic_IList_T__Insert (System_Collections_ObjectModel_ReadOnlyCollection_T__o* __this, int32_t index, LuaArgsProtocol_o value, const MethodInfo_1CEDEF8* method);"
30334724,System.Collections.ObjectModel.ReadOnlyCollection<LuaArgsProtocol>$$System.Collections.Generic.ICollection<T>.Remove,"bool System_Collections_ObjectModel_ReadOnlyCollection_LuaArgsProtocol___System_Collections_Generic_ICollection_T__Remove (System_Collections_ObjectModel_ReadOnlyCollection_T__o* __this, LuaArgsProtocol_o value, const MethodInfo_1CEDF04* method);"
30334752,System.Collections.ObjectModel.ReadOnlyCollection<LuaArgsProtocol>$$System.Collections.Generic.IList<T>.RemoveAt,"void System_Collections_ObjectModel_ReadOnlyCollection_LuaArgsProtocol___System_Collections_Generic_IList_T__RemoveAt (System_Collections_ObjectModel_ReadOnlyCollection_T__o* __this, int32_t index, const MethodInfo_1CEDF20* method);"
30334764,System.Collections.ObjectModel.ReadOnlyCollection<LuaArgsProtocol>$$System.Collections.IEnumerable.GetEnumerator,"System_Collections_IEnumerator_o* System_Collections_ObjectModel_ReadOnlyCollection_LuaArgsProtocol___System_Collections_IEnumerable_GetEnumerator (System_Collections_ObjectModel_ReadOnlyCollection_T__o* __this, const MethodInfo_1CEDF2C* method);"
30334924,System.Collections.ObjectModel.ReadOnlyCollection<LuaArgsProtocol>$$System.Collections.ICollection.get_IsSynchronized,"bool System_Collections_ObjectModel_ReadOnlyCollection_LuaArgsProtocol___System_Collections_ICollection_get_IsSynchronized (System_Collections_ObjectModel_ReadOnlyCollection_T__o* __this, const MethodInfo_1CEDFCC* method);"
30334932,System.Collections.ObjectModel.ReadOnlyCollection<LuaArgsProtocol>$$System.Collections.ICollection.get_SyncRoot,"Il2CppObject* System_Collections_ObjectModel_ReadOnlyCollection_LuaArgsProtocol___System_Collections_ICollection_get_SyncRoot (System_Collections_ObjectModel_ReadOnlyCollection_T__o* __this, const MethodInfo_1CEDFD4* method);"
30335196,System.Collections.ObjectModel.ReadOnlyCollection<LuaArgsProtocol>$$System.Collections.ICollection.CopyTo,"void System_Collections_ObjectModel_ReadOnlyCollection_LuaArgsProtocol___System_Collections_ICollection_CopyTo (System_Collections_ObjectModel_ReadOnlyCollection_T__o* __this, System_Array_o* array, int32_t index, const MethodInfo_1CEE0DC* method);"
30336388,System.Collections.ObjectModel.ReadOnlyCollection<LuaArgsProtocol>$$System.Collections.IList.get_IsFixedSize,"bool System_Collections_ObjectModel_ReadOnlyCollection_LuaArgsProtocol___System_Collections_IList_get_IsFixedSize (System_Collections_ObjectModel_ReadOnlyCollection_T__o* __this, const MethodInfo_1CEE584* method);"
30336396,System.Collections.ObjectModel.ReadOnlyCollection<LuaArgsProtocol>$$System.Collections.IList.get_IsReadOnly,"bool System_Collections_ObjectModel_ReadOnlyCollection_LuaArgsProtocol___System_Collections_IList_get_IsReadOnly (System_Collections_ObjectModel_ReadOnlyCollection_T__o* __this, const MethodInfo_1CEE58C* method);"
30336404,System.Collections.ObjectModel.ReadOnlyCollection<LuaArgsProtocol>$$System.Collections.IList.get_Item,"Il2CppObject* System_Collections_ObjectModel_ReadOnlyCollection_LuaArgsProtocol___System_Collections_IList_get_Item (System_Collections_ObjectModel_ReadOnlyCollection_T__o* __this, int32_t index, const MethodInfo_1CEE594* method);"
30336608,System.Collections.ObjectModel.ReadOnlyCollection<LuaArgsProtocol>$$System.Collections.IList.set_Item,"void System_Collections_ObjectModel_ReadOnlyCollection_LuaArgsProtocol___System_Collections_IList_set_Item (System_Collections_ObjectModel_ReadOnlyCollection_T__o* __this, int32_t index, Il2CppObject* value, const MethodInfo_1CEE660* method);"
30336620,System.Collections.ObjectModel.ReadOnlyCollection<LuaArgsProtocol>$$System.Collections.IList.Add,"int32_t System_Collections_ObjectModel_ReadOnlyCollection_LuaArgsProtocol___System_Collections_IList_Add (System_Collections_ObjectModel_ReadOnlyCollection_T__o* __this, Il2CppObject* value, const MethodInfo_1CEE66C* method);"
30336648,System.Collections.ObjectModel.ReadOnlyCollection<LuaArgsProtocol>$$System.Collections.IList.Clear,"void System_Collections_ObjectModel_ReadOnlyCollection_LuaArgsProtocol___System_Collections_IList_Clear (System_Collections_ObjectModel_ReadOnlyCollection_T__o* __this, const MethodInfo_1CEE688* method);"
30336660,System.Collections.ObjectModel.ReadOnlyCollection<LuaArgsProtocol>$$IsCompatibleObject,"bool System_Collections_ObjectModel_ReadOnlyCollection_LuaArgsProtocol___IsCompatibleObject (Il2CppObject* value, const MethodInfo_1CEE694* method);"
30336836,System.Collections.ObjectModel.ReadOnlyCollection<LuaArgsProtocol>$$System.Collections.IList.Contains,"bool System_Collections_ObjectModel_ReadOnlyCollection_LuaArgsProtocol___System_Collections_IList_Contains (System_Collections_ObjectModel_ReadOnlyCollection_T__o* __this, Il2CppObject* value, const MethodInfo_1CEE744* method);"
30337032,System.Collections.ObjectModel.ReadOnlyCollection<LuaArgsProtocol>$$System.Collections.IList.IndexOf,"int32_t System_Collections_ObjectModel_ReadOnlyCollection_LuaArgsProtocol___System_Collections_IList_IndexOf (System_Collections_ObjectModel_ReadOnlyCollection_T__o* __this, Il2CppObject* value, const MethodInfo_1CEE808* method);"
30337228,System.Collections.ObjectModel.ReadOnlyCollection<LuaArgsProtocol>$$System.Collections.IList.Insert,"void System_Collections_ObjectModel_ReadOnlyCollection_LuaArgsProtocol___System_Collections_IList_Insert (System_Collections_ObjectModel_ReadOnlyCollection_T__o* __this, int32_t index, Il2CppObject* value, const MethodInfo_1CEE8CC* method);"
30337240,System.Collections.ObjectModel.ReadOnlyCollection<LuaArgsProtocol>$$System.Collections.IList.Remove,"void System_Collections_ObjectModel_ReadOnlyCollection_LuaArgsProtocol___System_Collections_IList_Remove (System_Collections_ObjectModel_ReadOnlyCollection_T__o* __this, Il2CppObject* value, const MethodInfo_1CEE8D8* method);"
30337252,System.Collections.ObjectModel.ReadOnlyCollection<LuaArgsProtocol>$$System.Collections.IList.RemoveAt,"void System_Collections_ObjectModel_ReadOnlyCollection_LuaArgsProtocol___System_Collections_IList_RemoveAt (System_Collections_ObjectModel_ReadOnlyCollection_T__o* __this, int32_t index, const MethodInfo_1CEE8E4* method);"
31249028,System.Net.Sockets.Socket.TaskSocketAsyncEventArgs<int>$$.ctor,"void System_Net_Sockets_Socket_TaskSocketAsyncEventArgs_int____ctor (System_Net_Sockets_Socket_TaskSocketAsyncEventArgs_int__o* __this, const MethodInfo_1DCD284* method);"
31249040,System.Net.Sockets.Socket.TaskSocketAsyncEventArgs<int>$$GetCompletionResponsibility,"System_Runtime_CompilerServices_AsyncTaskMethodBuilder_TResult__o System_Net_Sockets_Socket_TaskSocketAsyncEventArgs_int___GetCompletionResponsibility (System_Net_Sockets_Socket_TaskSocketAsyncEventArgs_int__o* __this, bool* responsibleForReturningToPool, const MethodInfo_1DCD290* method);"
31249356,System.Net.Sockets.Socket.TaskSocketAsyncEventArgs<object>$$.ctor,"void System_Net_Sockets_Socket_TaskSocketAsyncEventArgs_object____ctor (System_Net_Sockets_Socket_TaskSocketAsyncEventArgs_TResult__o* __this, const MethodInfo_1DCD3CC* method);"
31249368,System.Net.Sockets.Socket.TaskSocketAsyncEventArgs<object>$$GetCompletionResponsibility,"System_Runtime_CompilerServices_AsyncTaskMethodBuilder_TResult__o System_Net_Sockets_Socket_TaskSocketAsyncEventArgs_object___GetCompletionResponsibility (System_Net_Sockets_Socket_TaskSocketAsyncEventArgs_TResult__o* __this, bool* responsibleForReturningToPool, const MethodInfo_1DCD3D8* method);"
32557784,System.Collections.Generic.Comparer<LuaArgsProtocol>$$get_Default,System_Collections_Generic_Comparer_T__o* System_Collections_Generic_Comparer_LuaArgsProtocol___get_Default (const MethodInfo_1F0CAD8* method);
32558028,System.Collections.Generic.Comparer<LuaArgsProtocol>$$Create,"System_Collections_Generic_Comparer_T__o* System_Collections_Generic_Comparer_LuaArgsProtocol___Create (System_Comparison_T__o* comparison, const MethodInfo_1F0CBCC* method);"
32558276,System.Collections.Generic.Comparer<LuaArgsProtocol>$$CreateComparer,System_Collections_Generic_Comparer_T__o* System_Collections_Generic_Comparer_LuaArgsProtocol___CreateComparer (const MethodInfo_1F0CCC4* method);
32559328,System.Collections.Generic.Comparer<LuaArgsProtocol>$$System.Collections.IComparer.Compare,"int32_t System_Collections_Generic_Comparer_LuaArgsProtocol___System_Collections_IComparer_Compare (System_Collections_Generic_Comparer_T__o* __this, Il2CppObject* x, Il2CppObject* y, const MethodInfo_1F0D0E0* method);"
32559672,System.Collections.Generic.Comparer<LuaArgsProtocol>$$.ctor,"void System_Collections_Generic_Comparer_LuaArgsProtocol____ctor (System_Collections_Generic_Comparer_T__o* __this, const MethodInfo_1F0D238* method);"
32739820,System.Collections.Generic.ComparisonComparer<LuaArgsProtocol>$$.ctor,"void System_Collections_Generic_ComparisonComparer_LuaArgsProtocol____ctor (System_Collections_Generic_ComparisonComparer_T__o* __this, System_Comparison_T__o* comparison, const MethodInfo_1F391EC* method);"
32739872,System.Collections.Generic.ComparisonComparer<LuaArgsProtocol>$$Compare,"int32_t System_Collections_Generic_ComparisonComparer_LuaArgsProtocol___Compare (System_Collections_Generic_ComparisonComparer_T__o* __this, LuaArgsProtocol_o x, LuaArgsProtocol_o y, const MethodInfo_1F39220* method);"
32880792,Mono.Security.Protocol.Ntlm.ChallengeResponse$$.ctor,"void Mono_Security_Protocol_Ntlm_ChallengeResponse___ctor (Mono_Security_Protocol_Ntlm_ChallengeResponse_o* __this, const MethodInfo* method);"
32880904,Mono.Security.Protocol.Ntlm.ChallengeResponse$$.ctor,"void Mono_Security_Protocol_Ntlm_ChallengeResponse___ctor (Mono_Security_Protocol_Ntlm_ChallengeResponse_o* __this, System_String_o* password, System_Byte_array* challenge, const MethodInfo* method);"
32880960,Mono.Security.Protocol.Ntlm.ChallengeResponse$$set_Password,"void Mono_Security_Protocol_Ntlm_ChallengeResponse__set_Password (Mono_Security_Protocol_Ntlm_ChallengeResponse_o* __this, System_String_o* value, const MethodInfo* method);"
32881996,Mono.Security.Protocol.Ntlm.ChallengeResponse$$set_Challenge,"void Mono_Security_Protocol_Ntlm_ChallengeResponse__set_Challenge (Mono_Security_Protocol_Ntlm_ChallengeResponse_o* __this, System_Byte_array* value, const MethodInfo* method);"
32882304,Mono.Security.Protocol.Ntlm.ChallengeResponse$$Finalize,"void Mono_Security_Protocol_Ntlm_ChallengeResponse__Finalize (Mono_Security_Protocol_Ntlm_ChallengeResponse_o* __this, const MethodInfo* method);"
32882464,Mono.Security.Protocol.Ntlm.ChallengeResponse$$Dispose,"void Mono_Security_Protocol_Ntlm_ChallengeResponse__Dispose (Mono_Security_Protocol_Ntlm_ChallengeResponse_o* __this, const MethodInfo* method);"
32882564,Mono.Security.Protocol.Ntlm.ChallengeResponse$$PasswordToKey,"System_Byte_array* Mono_Security_Protocol_Ntlm_ChallengeResponse__PasswordToKey (Mono_Security_Protocol_Ntlm_ChallengeResponse_o* __this, System_String_o* password, int32_t position, const MethodInfo* method);"
32882888,Mono.Security.Protocol.Ntlm.ChallengeResponse$$get_LM,"System_Byte_array* Mono_Security_Protocol_Ntlm_ChallengeResponse__get_LM (Mono_Security_Protocol_Ntlm_ChallengeResponse_o* __this, const MethodInfo* method);"
32882988,Mono.Security.Protocol.Ntlm.ChallengeResponse$$GetResponse,"System_Byte_array* Mono_Security_Protocol_Ntlm_ChallengeResponse__GetResponse (Mono_Security_Protocol_Ntlm_ChallengeResponse_o* __this, System_Byte_array* pwd, const MethodInfo* method);"
32883720,Mono.Security.Protocol.Ntlm.ChallengeResponse$$get_NT,"System_Byte_array* Mono_Security_Protocol_Ntlm_ChallengeResponse__get_NT (Mono_Security_Protocol_Ntlm_ChallengeResponse_o* __this, const MethodInfo* method);"
32883820,Mono.Security.Protocol.Ntlm.ChallengeResponse$$Dispose,"void Mono_Security_Protocol_Ntlm_ChallengeResponse__Dispose (Mono_Security_Protocol_Ntlm_ChallengeResponse_o* __this, bool disposing, const MethodInfo* method);"
32883928,Mono.Security.Protocol.Ntlm.ChallengeResponse$$PrepareDESKey,"System_Byte_array* Mono_Security_Protocol_Ntlm_ChallengeResponse__PrepareDESKey (Mono_Security_Protocol_Ntlm_ChallengeResponse_o* __this, System_Byte_array* key56bits, int32_t position, const MethodInfo* method);"
32884432,Mono.Security.Protocol.Ntlm.ChallengeResponse$$.cctor,void Mono_Security_Protocol_Ntlm_ChallengeResponse___cctor (const MethodInfo* method);
32884640,Mono.Security.Protocol.Ntlm.ChallengeResponse2$$Compute_LM,"System_Byte_array* Mono_Security_Protocol_Ntlm_ChallengeResponse2__Compute_LM (System_String_o* password, System_Byte_array* challenge, const MethodInfo* method);"
32885452,Mono.Security.Protocol.Ntlm.ChallengeResponse2$$PasswordToKey,"System_Byte_array* Mono_Security_Protocol_Ntlm_ChallengeResponse2__PasswordToKey (System_String_o* password, int32_t position, const MethodInfo* method);"
32885812,Mono.Security.Protocol.Ntlm.ChallengeResponse2$$GetResponse,"System_Byte_array* Mono_Security_Protocol_Ntlm_ChallengeResponse2__GetResponse (System_Byte_array* challenge, System_Byte_array* pwd, const MethodInfo* method);"
32886568,Mono.Security.Protocol.Ntlm.ChallengeResponse2$$Compute_NTLM_Password,"System_Byte_array* Mono_Security_Protocol_Ntlm_ChallengeResponse2__Compute_NTLM_Password (System_String_o* password, const MethodInfo* method);"
32886828,Mono.Security.Protocol.Ntlm.ChallengeResponse2$$Compute_NTLM,"System_Byte_array* Mono_Security_Protocol_Ntlm_ChallengeResponse2__Compute_NTLM (System_String_o* password, System_Byte_array* challenge, const MethodInfo* method);"
32886936,Mono.Security.Protocol.Ntlm.ChallengeResponse2$$Compute_NTLMv2_Session,"void Mono_Security_Protocol_Ntlm_ChallengeResponse2__Compute_NTLMv2_Session (System_String_o* password, System_Byte_array* challenge, System_Byte_array** lm, System_Byte_array** ntlm, const MethodInfo* method);"
32887396,Mono.Security.Protocol.Ntlm.ChallengeResponse2$$Compute_NTLMv2,"System_Byte_array* Mono_Security_Protocol_Ntlm_ChallengeResponse2__Compute_NTLMv2 (Mono_Security_Protocol_Ntlm_Type2Message_o* type2, System_String_o* username, System_String_o* password, System_String_o* domain, const MethodInfo* method);"
32888472,Mono.Security.Protocol.Ntlm.Type2Message$$get_TargetInfo,"System_Byte_array* Mono_Security_Protocol_Ntlm_Type2Message__get_TargetInfo (Mono_Security_Protocol_Ntlm_Type2Message_o* __this, const MethodInfo* method);"
32888592,Mono.Security.Protocol.Ntlm.Type2Message$$get_Nonce,"System_Byte_array* Mono_Security_Protocol_Ntlm_Type2Message__get_Nonce (Mono_Security_Protocol_Ntlm_Type2Message_o* __this, const MethodInfo* method);"
32888712,Mono.Security.Protocol.Ntlm.ChallengeResponse2$$Compute,"void Mono_Security_Protocol_Ntlm_ChallengeResponse2__Compute (Mono_Security_Protocol_Ntlm_Type2Message_o* type2, int32_t level, System_String_o* username, System_String_o* password, System_String_o* domain, System_Byte_array** lm, System_Byte_array** ntlm, const MethodInfo* method);"
32889200,Mono.Security.Protocol.Ntlm.ChallengeResponse2$$PrepareDESKey,"System_Byte_array* Mono_Security_Protocol_Ntlm_ChallengeResponse2__PrepareDESKey (System_Byte_array* key56bits, int32_t position, const MethodInfo* method);"
32889704,Mono.Security.Protocol.Ntlm.ChallengeResponse2$$.cctor,void Mono_Security_Protocol_Ntlm_ChallengeResponse2___cctor (const MethodInfo* method);
32889912,Mono.Security.Protocol.Ntlm.MessageBase$$.ctor,"void Mono_Security_Protocol_Ntlm_MessageBase___ctor (Mono_Security_Protocol_Ntlm_MessageBase_o* __this, int32_t messageType, const MethodInfo* method);"
32889952,Mono.Security.Protocol.Ntlm.MessageBase$$get_Flags,"int32_t Mono_Security_Protocol_Ntlm_MessageBase__get_Flags (Mono_Security_Protocol_Ntlm_MessageBase_o* __this, const MethodInfo* method);"
32889960,Mono.Security.Protocol.Ntlm.MessageBase$$set_Flags,"void Mono_Security_Protocol_Ntlm_MessageBase__set_Flags (Mono_Security_Protocol_Ntlm_MessageBase_o* __this, int32_t value, const MethodInfo* method);"
32889968,Mono.Security.Protocol.Ntlm.MessageBase$$get_Type,"int32_t Mono_Security_Protocol_Ntlm_MessageBase__get_Type (Mono_Security_Protocol_Ntlm_MessageBase_o* __this, const MethodInfo* method);"
32889976,Mono.Security.Protocol.Ntlm.MessageBase$$PrepareMessage,"System_Byte_array* Mono_Security_Protocol_Ntlm_MessageBase__PrepareMessage (Mono_Security_Protocol_Ntlm_MessageBase_o* __this, int32_t messageSize, const MethodInfo* method);"
32890232,Mono.Security.Protocol.Ntlm.MessageBase$$Decode,"void Mono_Security_Protocol_Ntlm_MessageBase__Decode (Mono_Security_Protocol_Ntlm_MessageBase_o* __this, System_Byte_array* message, const MethodInfo* method);"
32890652,Mono.Security.Protocol.Ntlm.MessageBase$$CheckHeader,"bool Mono_Security_Protocol_Ntlm_MessageBase__CheckHeader (Mono_Security_Protocol_Ntlm_MessageBase_o* __this, System_Byte_array* message, const MethodInfo* method);"
32890928,Mono.Security.Protocol.Ntlm.MessageBase$$.cctor,void Mono_Security_Protocol_Ntlm_MessageBase___cctor (const MethodInfo* method);
32891076,Mono.Security.Protocol.Ntlm.NtlmSettings$$get_DefaultAuthLevel,int32_t Mono_Security_Protocol_Ntlm_NtlmSettings__get_DefaultAuthLevel (const MethodInfo* method);
32891164,Mono.Security.Protocol.Ntlm.NtlmSettings$$.cctor,void Mono_Security_Protocol_Ntlm_NtlmSettings___cctor (const MethodInfo* method);
32891240,Mono.Security.Protocol.Ntlm.Type1Message$$.ctor,"void Mono_Security_Protocol_Ntlm_Type1Message___ctor (Mono_Security_Protocol_Ntlm_Type1Message_o* __this, const MethodInfo* method);"
32891372,Mono.Security.Protocol.Ntlm.Type1Message$$set_Domain,"void Mono_Security_Protocol_Ntlm_Type1Message__set_Domain (Mono_Security_Protocol_Ntlm_Type1Message_o* __this, System_String_o* value, const MethodInfo* method);"
32891500,Mono.Security.Protocol.Ntlm.Type1Message$$set_Host,"void Mono_Security_Protocol_Ntlm_Type1Message__set_Host (Mono_Security_Protocol_Ntlm_Type1Message_o* __this, System_String_o* value, const MethodInfo* method);"
32891628,Mono.Security.Protocol.Ntlm.Type1Message$$Decode,"void Mono_Security_Protocol_Ntlm_Type1Message__Decode (Mono_Security_Protocol_Ntlm_Type1Message_o* __this, System_Byte_array* message, const MethodInfo* method);"
32891868,Mono.Security.Protocol.Ntlm.Type1Message$$GetBytes,"System_Byte_array* Mono_Security_Protocol_Ntlm_Type1Message__GetBytes (Mono_Security_Protocol_Ntlm_Type1Message_o* __this, const MethodInfo* method);"
32892456,Mono.Security.Protocol.Ntlm.Type2Message$$.ctor,"void Mono_Security_Protocol_Ntlm_Type2Message___ctor (Mono_Security_Protocol_Ntlm_Type2Message_o* __this, System_Byte_array* message, const MethodInfo* method);"
32892620,Mono.Security.Protocol.Ntlm.Type2Message$$Finalize,"void Mono_Security_Protocol_Ntlm_Type2Message__Finalize (Mono_Security_Protocol_Ntlm_Type2Message_o* __this, const MethodInfo* method);"
32892788,Mono.Security.Protocol.Ntlm.Type2Message$$get_TargetName,"System_String_o* Mono_Security_Protocol_Ntlm_Type2Message__get_TargetName (Mono_Security_Protocol_Ntlm_Type2Message_o* __this, const MethodInfo* method);"
32892796,Mono.Security.Protocol.Ntlm.Type2Message$$Decode,"void Mono_Security_Protocol_Ntlm_Type2Message__Decode (Mono_Security_Protocol_Ntlm_Type2Message_o* __this, System_Byte_array* message, const MethodInfo* method);"
32893180,Mono.Security.Protocol.Ntlm.Type2Message$$GetBytes,"System_Byte_array* Mono_Security_Protocol_Ntlm_Type2Message__GetBytes (Mono_Security_Protocol_Ntlm_Type2Message_o* __this, const MethodInfo* method);"
32893364,Mono.Security.Protocol.Ntlm.Type3Message$$.ctor,"void Mono_Security_Protocol_Ntlm_Type3Message___ctor (Mono_Security_Protocol_Ntlm_Type3Message_o* __this, Mono_Security_Protocol_Ntlm_Type2Message_o* type2, const MethodInfo* method);"
32893856,Mono.Security.Protocol.Ntlm.Type3Message$$Finalize,"void Mono_Security_Protocol_Ntlm_Type3Message__Finalize (Mono_Security_Protocol_Ntlm_Type3Message_o* __this, const MethodInfo* method);"
32894080,Mono.Security.Protocol.Ntlm.Type3Message$$set_Domain,"void Mono_Security_Protocol_Ntlm_Type3Message__set_Domain (Mono_Security_Protocol_Ntlm_Type3Message_o* __this, System_String_o* value, const MethodInfo* method);"
32894208,Mono.Security.Protocol.Ntlm.Type3Message$$set_Password,"void Mono_Security_Protocol_Ntlm_Type3Message__set_Password (Mono_Security_Protocol_Ntlm_Type3Message_o* __this, System_String_o* value, const MethodInfo* method);"
32894216,Mono.Security.Protocol.Ntlm.Type3Message$$set_Username,"void Mono_Security_Protocol_Ntlm_Type3Message__set_Username (Mono_Security_Protocol_Ntlm_Type3Message_o* __this, System_String_o* value, const MethodInfo* method);"
32894224,Mono.Security.Protocol.Ntlm.Type3Message$$Decode,"void Mono_Security_Protocol_Ntlm_Type3Message__Decode (Mono_Security_Protocol_Ntlm_Type3Message_o* __this, System_Byte_array* message, const MethodInfo* method);"
32894768,Mono.Security.Protocol.Ntlm.Type3Message$$DecodeString,"System_String_o* Mono_Security_Protocol_Ntlm_Type3Message__DecodeString (Mono_Security_Protocol_Ntlm_Type3Message_o* __this, System_Byte_array* buffer, int32_t offset, int32_t len, const MethodInfo* method);"
32894856,Mono.Security.Protocol.Ntlm.Type3Message$$EncodeString,"System_Byte_array* Mono_Security_Protocol_Ntlm_Type3Message__EncodeString (Mono_Security_Protocol_Ntlm_Type3Message_o* __this, System_String_o* text, const MethodInfo* method);"
32895000,Mono.Security.Protocol.Ntlm.Type3Message$$GetBytes,"System_Byte_array* Mono_Security_Protocol_Ntlm_Type3Message__GetBytes (Mono_Security_Protocol_Ntlm_Type3Message_o* __this, const MethodInfo* method);"
32897056,Mono.Security.Interface.MonoTlsConnectionInfo$$get_ProtocolVersion,"int32_t Mono_Security_Interface_MonoTlsConnectionInfo__get_ProtocolVersion (Mono_Security_Interface_MonoTlsConnectionInfo_o* __this, const MethodInfo* method);"
32897064,Mono.Security.Interface.MonoTlsConnectionInfo$$set_ProtocolVersion,"void Mono_Security_Interface_MonoTlsConnectionInfo__set_ProtocolVersion (Mono_Security_Interface_MonoTlsConnectionInfo_o* __this, int32_t value, const MethodInfo* method);"
32902144,Mono.Security.Interface.MonoTlsSettings$$get_EnabledProtocols,"System_Nullable_TlsProtocols__o Mono_Security_Interface_MonoTlsSettings__get_EnabledProtocols (Mono_Security_Interface_MonoTlsSettings_o* __this, const MethodInfo* method);"
32902152,Mono.Security.Interface.MonoTlsSettings$$set_EnabledProtocols,"void Mono_Security_Interface_MonoTlsSettings__set_EnabledProtocols (Mono_Security_Interface_MonoTlsSettings_o* __this, System_Nullable_TlsProtocols__o value, const MethodInfo* method);"
36556752,Mono.Unity.UnityTlsConversions$$GetMinProtocol,"uint32_t Mono_Unity_UnityTlsConversions__GetMinProtocol (int32_t protocols, const MethodInfo* method);"
36556808,Mono.Unity.UnityTlsConversions$$GetMaxProtocol,"uint32_t Mono_Unity_UnityTlsConversions__GetMaxProtocol (int32_t protocols, const MethodInfo* method);"
36560168,Mono.Unity.UnityTlsConversions$$ConvertProtocolVersion,"int32_t Mono_Unity_UnityTlsConversions__ConvertProtocolVersion (uint32_t protocol, const MethodInfo* method);"
36565900,Mono.Unity.UnityTlsProvider$$get_SupportedProtocols,"int32_t Mono_Unity_UnityTlsProvider__get_SupportedProtocols (Mono_Unity_UnityTlsProvider_o* __this, const MethodInfo* method);"
36571364,Mono.Net.Security.AsyncProtocolResult$$get_UserResult,"int32_t Mono_Net_Security_AsyncProtocolResult__get_UserResult (Mono_Net_Security_AsyncProtocolResult_o* __this, const MethodInfo* method);"
36571372,Mono.Net.Security.AsyncProtocolResult$$get_Error,"System_Runtime_ExceptionServices_ExceptionDispatchInfo_o* Mono_Net_Security_AsyncProtocolResult__get_Error (Mono_Net_Security_AsyncProtocolResult_o* __this, const MethodInfo* method);"
36571380,Mono.Net.Security.AsyncProtocolResult$$.ctor,"void Mono_Net_Security_AsyncProtocolResult___ctor (Mono_Net_Security_AsyncProtocolResult_o* __this, int32_t result, const MethodInfo* method);"
36571420,Mono.Net.Security.AsyncProtocolResult$$.ctor,"void Mono_Net_Security_AsyncProtocolResult___ctor (Mono_Net_Security_AsyncProtocolResult_o* __this, System_Runtime_ExceptionServices_ExceptionDispatchInfo_o* error, const MethodInfo* method);"
36571460,Mono.Net.Security.AsyncProtocolRequest$$get_Parent,"Mono_Net_Security_MobileAuthenticatedStream_o* Mono_Net_Security_AsyncProtocolRequest__get_Parent (Mono_Net_Security_AsyncProtocolRequest_o* __this, const MethodInfo* method);"
36571468,Mono.Net.Security.AsyncProtocolRequest$$get_RunSynchronously,"bool Mono_Net_Security_AsyncProtocolRequest__get_RunSynchronously (Mono_Net_Security_AsyncProtocolRequest_o* __this, const MethodInfo* method);"
36571476,Mono.Net.Security.AsyncProtocolRequest$$get_Name,"System_String_o* Mono_Net_Security_AsyncProtocolRequest__get_Name (Mono_Net_Security_AsyncProtocolRequest_o* __this, const MethodInfo* method);"
36571512,Mono.Net.Security.AsyncProtocolRequest$$get_UserResult,"int32_t Mono_Net_Security_AsyncProtocolRequest__get_UserResult (Mono_Net_Security_AsyncProtocolRequest_o* __this, const MethodInfo* method);"
36571520,Mono.Net.Security.AsyncProtocolRequest$$set_UserResult,"void Mono_Net_Security_AsyncProtocolRequest__set_UserResult (Mono_Net_Security_AsyncProtocolRequest_o* __this, int32_t value, const MethodInfo* method);"
36571528,Mono.Net.Security.AsyncProtocolRequest$$.ctor,"void Mono_Net_Security_AsyncProtocolRequest___ctor (Mono_Net_Security_AsyncProtocolRequest_o* __this, Mono_Net_Security_MobileAuthenticatedStream_o* parent, bool sync, const MethodInfo* method);"
36571664,Mono.Net.Security.AsyncProtocolRequest$$RequestRead,"void Mono_Net_Security_AsyncProtocolRequest__RequestRead (Mono_Net_Security_AsyncProtocolRequest_o* __this, int32_t size, const MethodInfo* method);"
36571860,Mono.Net.Security.AsyncProtocolRequest$$RequestWrite,"void Mono_Net_Security_AsyncProtocolRequest__RequestWrite (Mono_Net_Security_AsyncProtocolRequest_o* __this, const MethodInfo* method);"
36571872,Mono.Net.Security.AsyncProtocolRequest$$StartOperation,"System_Threading_Tasks_Task_AsyncProtocolResult__o* Mono_Net_Security_AsyncProtocolRequest__StartOperation (Mono_Net_Security_AsyncProtocolRequest_o* __this, System_Threading_CancellationToken_o cancellationToken, const MethodInfo* method);"
36572120,Mono.Net.Security.AsyncProtocolRequest$$ProcessOperation,"System_Threading_Tasks_Task_o* Mono_Net_Security_AsyncProtocolRequest__ProcessOperation (Mono_Net_Security_AsyncProtocolRequest_o* __this, System_Threading_CancellationToken_o cancellationToken, const MethodInfo* method);"
36572344,Mono.Net.Security.AsyncProtocolRequest$$InnerRead,"System_Threading_Tasks_Task_Nullable_int___o* Mono_Net_Security_AsyncProtocolRequest__InnerRead (Mono_Net_Security_AsyncProtocolRequest_o* __this, System_Threading_CancellationToken_o cancellationToken, const MethodInfo* method);"
36572604,Mono.Net.Security.AsyncProtocolRequest$$ToString,"System_String_o* Mono_Net_Security_AsyncProtocolRequest__ToString (Mono_Net_Security_AsyncProtocolRequest_o* __this, const MethodInfo* method);"
36572692,Mono.Net.Security.AsyncProtocolRequest.<StartOperation>d__23$$MoveNext,"void Mono_Net_Security_AsyncProtocolRequest__StartOperation_d__23__MoveNext (Mono_Net_Security_AsyncProtocolRequest__StartOperation_d__23_o __this, const MethodInfo* method);"
36573688,Mono.Net.Security.AsyncProtocolRequest.<StartOperation>d__23$$SetStateMachine,"void Mono_Net_Security_AsyncProtocolRequest__StartOperation_d__23__SetStateMachine (Mono_Net_Security_AsyncProtocolRequest__StartOperation_d__23_o __this, System_Runtime_CompilerServices_IAsyncStateMachine_o* stateMachine, const MethodInfo* method);"
36573816,Mono.Net.Security.AsyncProtocolRequest.<ProcessOperation>d__24$$MoveNext,"void Mono_Net_Security_AsyncProtocolRequest__ProcessOperation_d__24__MoveNext (Mono_Net_Security_AsyncProtocolRequest__ProcessOperation_d__24_o __this, const MethodInfo* method);"
36575752,Mono.Net.Security.AsyncProtocolRequest.<ProcessOperation>d__24$$SetStateMachine,"void Mono_Net_Security_AsyncProtocolRequest__ProcessOperation_d__24__SetStateMachine (Mono_Net_Security_AsyncProtocolRequest__ProcessOperation_d__24_o __this, System_Runtime_CompilerServices_IAsyncStateMachine_o* stateMachine, const MethodInfo* method);"
36575860,Mono.Net.Security.AsyncProtocolRequest.<InnerRead>d__25$$MoveNext,"void Mono_Net_Security_AsyncProtocolRequest__InnerRead_d__25__MoveNext (Mono_Net_Security_AsyncProtocolRequest__InnerRead_d__25_o __this, const MethodInfo* method);"
36577080,Mono.Net.Security.AsyncProtocolRequest.<InnerRead>d__25$$SetStateMachine,"void Mono_Net_Security_AsyncProtocolRequest__InnerRead_d__25__SetStateMachine (Mono_Net_Security_AsyncProtocolRequest__InnerRead_d__25_o __this, System_Runtime_CompilerServices_IAsyncStateMachine_o* stateMachine, const MethodInfo* method);"
36596128,Mono.Net.Security.MonoSslClientAuthenticationOptions$$get_EnabledSslProtocols,"int32_t Mono_Net_Security_MonoSslClientAuthenticationOptions__get_EnabledSslProtocols (Mono_Net_Security_MonoSslClientAuthenticationOptions_o* __this, const MethodInfo* method);"
36596156,Mono.Net.Security.MonoSslClientAuthenticationOptions$$set_EnabledSslProtocols,"void Mono_Net_Security_MonoSslClientAuthenticationOptions__set_EnabledSslProtocols (Mono_Net_Security_MonoSslClientAuthenticationOptions_o* __this, int32_t value, const MethodInfo* method);"
37396084,System.Net.NetworkInformation.IPAddressInformation$$.ctor,"void System_Net_NetworkInformation_IPAddressInformation___ctor (System_Net_NetworkInformation_IPAddressInformation_o* __this, const MethodInfo* method);"
37396092,System.Net.NetworkInformation.IPGlobalProperties$$GetIPGlobalProperties,System_Net_NetworkInformation_IPGlobalProperties_o* System_Net_NetworkInformation_IPGlobalProperties__GetIPGlobalProperties (const MethodInfo* method);
37396096,System.Net.NetworkInformation.IPGlobalPropertiesFactoryPal$$Create,System_Net_NetworkInformation_IPGlobalProperties_o* System_Net_NetworkInformation_IPGlobalPropertiesFactoryPal__Create (const MethodInfo* method);
37396176,System.Net.NetworkInformation.IPGlobalProperties$$InternalGetIPGlobalProperties,System_Net_NetworkInformation_IPGlobalProperties_o* System_Net_NetworkInformation_IPGlobalProperties__InternalGetIPGlobalProperties (const MethodInfo* method);
37396180,System.Net.NetworkInformation.IPGlobalProperties$$.ctor,"void System_Net_NetworkInformation_IPGlobalProperties___ctor (System_Net_NetworkInformation_IPGlobalProperties_o* __this, const MethodInfo* method);"
37396188,System.Net.NetworkInformation.IPInterfaceProperties$$.ctor,"void System_Net_NetworkInformation_IPInterfaceProperties___ctor (System_Net_NetworkInformation_IPInterfaceProperties_o* __this, const MethodInfo* method);"
37396196,System.Net.NetworkInformation.NetworkInformationException$$.ctor,"void System_Net_NetworkInformation_NetworkInformationException___ctor (System_Net_NetworkInformation_NetworkInformationException_o* __this, const MethodInfo* method);"
37396296,System.Net.NetworkInformation.NetworkInformationException$$.ctor,"void System_Net_NetworkInformation_NetworkInformationException___ctor (System_Net_NetworkInformation_NetworkInformationException_o* __this, System_Runtime_Serialization_SerializationInfo_o* serializationInfo, System_Runtime_Serialization_StreamingContext_o streamingContext, const MethodInfo* method);"
37396304,System.Net.NetworkInformation.NetworkInterface$$GetAllNetworkInterfaces,System_Net_NetworkInformation_NetworkInterface_array* System_Net_NetworkInformation_NetworkInterface__GetAllNetworkInterfaces (const MethodInfo* method);
37396380,System.Net.NetworkInformation.SystemNetworkInterface$$GetNetworkInterfaces,System_Net_NetworkInformation_NetworkInterface_array* System_Net_NetworkInformation_SystemNetworkInterface__GetNetworkInterfaces (const MethodInfo* method);
37396632,System.Net.NetworkInformation.NetworkInterface$$GetIPProperties,"System_Net_NetworkInformation_IPInterfaceProperties_o* System_Net_NetworkInformation_NetworkInterface__GetIPProperties (System_Net_NetworkInformation_NetworkInterface_o* __this, const MethodInfo* method);"
37396696,System.Net.NetworkInformation.NetworkInterface$$.ctor,"void System_Net_NetworkInformation_NetworkInterface___ctor (System_Net_NetworkInformation_NetworkInterface_o* __this, const MethodInfo* method);"
37396704,System.Net.NetworkInformation.UnicastIPAddressInformation$$.ctor,"void System_Net_NetworkInformation_UnicastIPAddressInformation___ctor (System_Net_NetworkInformation_UnicastIPAddressInformation_o* __this, const MethodInfo* method);"
37396712,System.Net.NetworkInformation.UnicastIPAddressInformationCollection$$.ctor,"void System_Net_NetworkInformation_UnicastIPAddressInformationCollection___ctor (System_Net_NetworkInformation_UnicastIPAddressInformationCollection_o* __this, const MethodInfo* method);"
37396836,System.Net.NetworkInformation.UnicastIPAddressInformationCollection$$CopyTo,"void System_Net_NetworkInformation_UnicastIPAddressInformationCollection__CopyTo (System_Net_NetworkInformation_UnicastIPAddressInformationCollection_o* __this, System_Net_NetworkInformation_UnicastIPAddressInformation_array* array, int32_t offset, const MethodInfo* method);"
37396940,System.Net.NetworkInformation.UnicastIPAddressInformationCollection$$get_Count,"int32_t System_Net_NetworkInformation_UnicastIPAddressInformationCollection__get_Count (System_Net_NetworkInformation_UnicastIPAddressInformationCollection_o* __this, const MethodInfo* method);"
37397020,System.Net.NetworkInformation.UnicastIPAddressInformationCollection$$get_IsReadOnly,"bool System_Net_NetworkInformation_UnicastIPAddressInformationCollection__get_IsReadOnly (System_Net_NetworkInformation_UnicastIPAddressInformationCollection_o* __this, const MethodInfo* method);"
37397028,System.Net.NetworkInformation.UnicastIPAddressInformationCollection$$Add,"void System_Net_NetworkInformation_UnicastIPAddressInformationCollection__Add (System_Net_NetworkInformation_UnicastIPAddressInformationCollection_o* __this, System_Net_NetworkInformation_UnicastIPAddressInformation_o* address, const MethodInfo* method);"
37397124,System.Net.NetworkInformation.UnicastIPAddressInformationCollection$$InternalAdd,"void System_Net_NetworkInformation_UnicastIPAddressInformationCollection__InternalAdd (System_Net_NetworkInformation_UnicastIPAddressInformationCollection_o* __this, System_Net_NetworkInformation_UnicastIPAddressInformation_o* address, const MethodInfo* method);"
37397212,System.Net.NetworkInformation.UnicastIPAddressInformationCollection$$Contains,"bool System_Net_NetworkInformation_UnicastIPAddressInformationCollection__Contains (System_Net_NetworkInformation_UnicastIPAddressInformationCollection_o* __this, System_Net_NetworkInformation_UnicastIPAddressInformation_o* address, const MethodInfo* method);"
37397300,System.Net.NetworkInformation.UnicastIPAddressInformationCollection$$System.Collections.IEnumerable.GetEnumerator,"System_Collections_IEnumerator_o* System_Net_NetworkInformation_UnicastIPAddressInformationCollection__System_Collections_IEnumerable_GetEnumerator (System_Net_NetworkInformation_UnicastIPAddressInformationCollection_o* __this, const MethodInfo* method);"
37397316,System.Net.NetworkInformation.UnicastIPAddressInformationCollection$$GetEnumerator,"System_Collections_Generic_IEnumerator_UnicastIPAddressInformation__o* System_Net_NetworkInformation_UnicastIPAddressInformationCollection__GetEnumerator (System_Net_NetworkInformation_UnicastIPAddressInformationCollection_o* __this, const MethodInfo* method);"
37397396,System.Net.NetworkInformation.UnicastIPAddressInformationCollection$$Remove,"bool System_Net_NetworkInformation_UnicastIPAddressInformationCollection__Remove (System_Net_NetworkInformation_UnicastIPAddressInformationCollection_o* __this, System_Net_NetworkInformation_UnicastIPAddressInformation_o* address, const MethodInfo* method);"
37397492,System.Net.NetworkInformation.UnicastIPAddressInformationCollection$$Clear,"void System_Net_NetworkInformation_UnicastIPAddressInformationCollection__Clear (System_Net_NetworkInformation_UnicastIPAddressInformationCollection_o* __this, const MethodInfo* method);"
37397588,System.Net.NetworkInformation.AixIPInterfaceProperties$$.ctor,"void System_Net_NetworkInformation_AixIPInterfaceProperties___ctor (System_Net_NetworkInformation_AixIPInterfaceProperties_o* __this, System_Net_NetworkInformation_AixNetworkInterface_o* iface, System_Collections_Generic_List_IPAddress__o* addresses, int32_t mtu, const MethodInfo* method);"
37397716,System.Net.NetworkInformation.UnixIPInterfaceProperties$$.ctor,"void System_Net_NetworkInformation_UnixIPInterfaceProperties___ctor (System_Net_NetworkInformation_UnixIPInterfaceProperties_o* __this, System_Net_NetworkInformation_UnixNetworkInterface_o* iface, System_Collections_Generic_List_IPAddress__o* addresses, const MethodInfo* method);"
37397760,System.Net.NetworkInformation.AixNetworkInterfaceAPI$$socket,"int32_t System_Net_NetworkInformation_AixNetworkInterfaceAPI__socket (int32_t family, int32_t type, int32_t protocol, const MethodInfo* method);"
37397920,System.Net.NetworkInformation.AixNetworkInterfaceAPI$$close,"int32_t System_Net_NetworkInformation_AixNetworkInterfaceAPI__close (int32_t fd, const MethodInfo* method);"
37398040,System.Net.NetworkInformation.AixNetworkInterfaceAPI$$ioctl,"int32_t System_Net_NetworkInformation_AixNetworkInterfaceAPI__ioctl (int32_t fd, uint32_t request, int32_t* arg, const MethodInfo* method);"
37398200,System.Net.NetworkInformation.AixNetworkInterfaceAPI$$ioctl,"int32_t System_Net_NetworkInformation_AixNetworkInterfaceAPI__ioctl (int32_t fd, uint32_t request, System_Net_NetworkInformation_AixStructs_ifconf_o* arg, const MethodInfo* method);"
37398360,System.Net.NetworkInformation.AixNetworkInterfaceAPI$$ioctl,"int32_t System_Net_NetworkInformation_AixNetworkInterfaceAPI__ioctl (int32_t fd, uint32_t request, System_Net_NetworkInformation_AixStructs_ifreq_flags_o* arg, const MethodInfo* method);"
37398520,System.Net.NetworkInformation.AixNetworkInterfaceAPI$$ioctl,"int32_t System_Net_NetworkInformation_AixNetworkInterfaceAPI__ioctl (int32_t fd, uint32_t request, System_Net_NetworkInformation_AixStructs_ifreq_mtu_o* arg, const MethodInfo* method);"
37398680,System.Net.NetworkInformation.AixNetworkInterfaceAPI$$ByteArrayCopy,"void System_Net_NetworkInformation_AixNetworkInterfaceAPI__ByteArrayCopy (uint8_t* dst, uint8_t* src, int32_t elements, const MethodInfo* method);"
37398708,System.Net.NetworkInformation.AixNetworkInterfaceAPI$$GetAllNetworkInterfaces,"System_Net_NetworkInformation_NetworkInterface_array* System_Net_NetworkInformation_AixNetworkInterfaceAPI__GetAllNetworkInterfaces (System_Net_NetworkInformation_AixNetworkInterfaceAPI_o* __this, const MethodInfo* method);"
37402432,System.Net.NetworkInformation.AixStructs.sockaddr_dl$$Read,"void System_Net_NetworkInformation_AixStructs_sockaddr_dl__Read (System_Net_NetworkInformation_AixStructs_sockaddr_dl_o __this, intptr_t ptr, const MethodInfo* method);"
37402832,System.Net.NetworkInformation.AixNetworkInterface$$.ctor,"void System_Net_NetworkInformation_AixNetworkInterface___ctor (System_Net_NetworkInformation_AixNetworkInterface_o* __this, System_String_o* name, uint32_t ifa_flags, int32_t ifru_mtu, const MethodInfo* method);"
37402872,System.Net.NetworkInformation.UnixNetworkInterface$$AddAddress,"void System_Net_NetworkInformation_UnixNetworkInterface__AddAddress (System_Net_NetworkInformation_UnixNetworkInterface_o* __this, System_Net_IPAddress_o* address, const MethodInfo* method);"
37403040,System.Net.NetworkInformation.UnixNetworkInterface$$SetLinkLayerInfo,"void System_Net_NetworkInformation_UnixNetworkInterface__SetLinkLayerInfo (System_Net_NetworkInformation_UnixNetworkInterface_o* __this, int32_t index, System_Byte_array* macAddress, int32_t type, const MethodInfo* method);"
37403052,System.Net.NetworkInformation.AixNetworkInterfaceAPI$$.ctor,"void System_Net_NetworkInformation_AixNetworkInterfaceAPI___ctor (System_Net_NetworkInformation_AixNetworkInterfaceAPI_o* __this, const MethodInfo* method);"
37403060,System.Net.NetworkInformation.UnixNetworkInterfaceAPI$$.ctor,"void System_Net_NetworkInformation_UnixNetworkInterfaceAPI___ctor (System_Net_NetworkInformation_UnixNetworkInterfaceAPI_o* __this, const MethodInfo* method);"
37403068,System.Net.NetworkInformation.UnixNetworkInterface$$.ctor,"void System_Net_NetworkInformation_UnixNetworkInterface___ctor (System_Net_NetworkInformation_UnixNetworkInterface_o* __this, System_String_o* name, const MethodInfo* method);"
37403212,System.Net.NetworkInformation.AixNetworkInterface$$GetIPProperties,"System_Net_NetworkInformation_IPInterfaceProperties_o* System_Net_NetworkInformation_AixNetworkInterface__GetIPProperties (System_Net_NetworkInformation_AixNetworkInterface_o* __this, const MethodInfo* method);"
37403344,System.Net.NetworkInformation.FreeBSDNetworkInterfaceAPI$$.ctor,"void System_Net_NetworkInformation_FreeBSDNetworkInterfaceAPI___ctor (System_Net_NetworkInformation_FreeBSDNetworkInterfaceAPI_o* __this, const MethodInfo* method);"
37403376,System.Net.NetworkInformation.MacOsNetworkInterfaceAPI$$.ctor,"void System_Net_NetworkInformation_MacOsNetworkInterfaceAPI___ctor (System_Net_NetworkInformation_MacOsNetworkInterfaceAPI_o* __this, int32_t AF_INET6, const MethodInfo* method);"
37403416,System.Net.NetworkInformation.UnixIPGlobalPropertiesFactoryPal$$Create,System_Net_NetworkInformation_IPGlobalProperties_o* System_Net_NetworkInformation_UnixIPGlobalPropertiesFactoryPal__Create (const MethodInfo* method);
37403588,System.Net.NetworkInformation.LinuxIPInterfaceProperties$$.ctor,"void System_Net_NetworkInformation_LinuxIPInterfaceProperties___ctor (System_Net_NetworkInformation_LinuxIPInterfaceProperties_o* __this, System_Net_NetworkInformation_LinuxNetworkInterface_o* iface, System_Collections_Generic_List_IPAddress__o* addresses, const MethodInfo* method);"
37403700,System.Net.NetworkInformation.LinuxNetworkInterfaceAPI$$FreeInterfaceAddresses,"void System_Net_NetworkInformation_LinuxNetworkInterfaceAPI__FreeInterfaceAddresses (intptr_t ifap, const MethodInfo* method);"
37403704,System.Net.NetworkInformation.UnixNetworkInterfaceAPI$$freeifaddrs,"void System_Net_NetworkInformation_UnixNetworkInterfaceAPI__freeifaddrs (intptr_t ifap, const MethodInfo* method);"
37403828,System.Net.NetworkInformation.LinuxNetworkInterfaceAPI$$GetInterfaceAddresses,"int32_t System_Net_NetworkInformation_LinuxNetworkInterfaceAPI__GetInterfaceAddresses (intptr_t* ifap, const MethodInfo* method);"
37403832,System.Net.NetworkInformation.UnixNetworkInterfaceAPI$$getifaddrs,"int32_t System_Net_NetworkInformation_UnixNetworkInterfaceAPI__getifaddrs (intptr_t* ifap, const MethodInfo* method);"
37403956,System.Net.NetworkInformation.LinuxNetworkInterfaceAPI$$GetAllNetworkInterfaces,"System_Net_NetworkInformation_NetworkInterface_array* System_Net_NetworkInformation_LinuxNetworkInterfaceAPI__GetAllNetworkInterfaces (System_Net_NetworkInformation_LinuxNetworkInterfaceAPI_o* __this, const MethodInfo* method);"
37406760,System.Net.NetworkInformation.LinuxNetworkInterface$$.ctor,"void System_Net_NetworkInformation_LinuxNetworkInterface___ctor (System_Net_NetworkInformation_LinuxNetworkInterface_o* __this, System_String_o* name, const MethodInfo* method);"
37406976,System.Net.NetworkInformation.LinuxNetworkInterfaceAPI$$.ctor,"void System_Net_NetworkInformation_LinuxNetworkInterfaceAPI___ctor (System_Net_NetworkInformation_LinuxNetworkInterfaceAPI_o* __this, const MethodInfo* method);"
37406984,System.Net.NetworkInformation.LinuxNetworkInterface$$get_IfacePath,"System_String_o* System_Net_NetworkInformation_LinuxNetworkInterface__get_IfacePath (System_Net_NetworkInformation_LinuxNetworkInterface_o* __this, const MethodInfo* method);"
37406992,System.Net.NetworkInformation.LinuxNetworkInterface$$GetIPProperties,"System_Net_NetworkInformation_IPInterfaceProperties_o* System_Net_NetworkInformation_LinuxNetworkInterface__GetIPProperties (System_Net_NetworkInformation_LinuxNetworkInterface_o* __this, const MethodInfo* method);"
37407108,System.Net.NetworkInformation.LinuxUnicastIPAddressInformation$$.ctor,"void System_Net_NetworkInformation_LinuxUnicastIPAddressInformation___ctor (System_Net_NetworkInformation_LinuxUnicastIPAddressInformation_o* __this, System_Net_IPAddress_o* address, const MethodInfo* method);"
37407148,System.Net.NetworkInformation.LinuxUnicastIPAddressInformation$$get_Address,"System_Net_IPAddress_o* System_Net_NetworkInformation_LinuxUnicastIPAddressInformation__get_Address (System_Net_NetworkInformation_LinuxUnicastIPAddressInformation_o* __this, const MethodInfo* method);"
37407156,System.Net.NetworkInformation.MacOsIPInterfaceProperties$$.ctor,"void System_Net_NetworkInformation_MacOsIPInterfaceProperties___ctor (System_Net_NetworkInformation_MacOsIPInterfaceProperties_o* __this, System_Net_NetworkInformation_MacOsNetworkInterface_o* iface, System_Collections_Generic_List_IPAddress__o* addresses, const MethodInfo* method);"
37407268,System.Net.NetworkInformation.MacOsNetworkInterfaceAPI$$.ctor,"void System_Net_NetworkInformation_MacOsNetworkInterfaceAPI___ctor (System_Net_NetworkInformation_MacOsNetworkInterfaceAPI_o* __this, const MethodInfo* method);"
37407300,System.Net.NetworkInformation.MacOsNetworkInterfaceAPI$$GetAllNetworkInterfaces,"System_Net_NetworkInformation_NetworkInterface_array* System_Net_NetworkInformation_MacOsNetworkInterfaceAPI__GetAllNetworkInterfaces (System_Net_NetworkInformation_MacOsNetworkInterfaceAPI_o* __this, const MethodInfo* method);"
37409968,System.Net.NetworkInformation.MacOsStructs.sockaddr_dl$$Read,"void System_Net_NetworkInformation_MacOsStructs_sockaddr_dl__Read (System_Net_NetworkInformation_MacOsStructs_sockaddr_dl_o __this, intptr_t ptr, const MethodInfo* method);"
37410368,System.Net.NetworkInformation.MacOsNetworkInterface$$.ctor,"void System_Net_NetworkInformation_MacOsNetworkInterface___ctor (System_Net_NetworkInformation_MacOsNetworkInterface_o* __this, System_String_o* name, uint32_t ifa_flags, const MethodInfo* method);"
37410404,System.Net.NetworkInformation.MacOsNetworkInterface$$GetIPProperties,"System_Net_NetworkInformation_IPInterfaceProperties_o* System_Net_NetworkInformation_MacOsNetworkInterface__GetIPProperties (System_Net_NetworkInformation_MacOsNetworkInterface_o* __this, const MethodInfo* method);"
37410520,System.Net.NetworkInformation.SystemNetworkInterface$$.cctor,void System_Net_NetworkInformation_SystemNetworkInterface___cctor (const MethodInfo* method);
37410596,System.Net.NetworkInformation.NetworkInterfaceFactory$$Create,System_Net_NetworkInformation_NetworkInterfaceFactory_o* System_Net_NetworkInformation_NetworkInterfaceFactory__Create (const MethodInfo* method);
37410600,System.Net.NetworkInformation.NetworkInterfaceFactoryPal$$Create,System_Net_NetworkInformation_NetworkInterfaceFactory_o* System_Net_NetworkInformation_NetworkInterfaceFactoryPal__Create (const MethodInfo* method);
37410680,System.Net.NetworkInformation.NetworkInterfaceFactory$$.ctor,"void System_Net_NetworkInformation_NetworkInterfaceFactory___ctor (System_Net_NetworkInformation_NetworkInterfaceFactory_o* __this, const MethodInfo* method);"
37410688,System.Net.NetworkInformation.UnixNetworkInterfaceFactoryPal$$Create,System_Net_NetworkInformation_NetworkInterfaceFactory_o* System_Net_NetworkInformation_UnixNetworkInterfaceFactoryPal__Create (const MethodInfo* method);
37410932,System.Net.NetworkInformation.CommonUnixIPGlobalProperties$$getdomainname,"int32_t System_Net_NetworkInformation_CommonUnixIPGlobalProperties__getdomainname (System_Byte_array* name, int32_t len, const MethodInfo* method);"
37411072,System.Net.NetworkInformation.CommonUnixIPGlobalProperties$$get_DomainName,"System_String_o* System_Net_NetworkInformation_CommonUnixIPGlobalProperties__get_DomainName (System_Net_NetworkInformation_CommonUnixIPGlobalProperties_o* __this, const MethodInfo* method);"
37411480,System.Net.NetworkInformation.CommonUnixIPGlobalProperties$$.ctor,"void System_Net_NetworkInformation_CommonUnixIPGlobalProperties___ctor (System_Net_NetworkInformation_CommonUnixIPGlobalProperties_o* __this, const MethodInfo* method);"
37411488,System.Net.NetworkInformation.UnixIPGlobalProperties$$.ctor,"void System_Net_NetworkInformation_UnixIPGlobalProperties___ctor (System_Net_NetworkInformation_UnixIPGlobalProperties_o* __this, const MethodInfo* method);"
37411496,System.Net.NetworkInformation.UnixNoLibCIPGlobalProperties$$get_DomainName,"System_String_o* System_Net_NetworkInformation_UnixNoLibCIPGlobalProperties__get_DomainName (System_Net_NetworkInformation_UnixNoLibCIPGlobalProperties_o* __this, const MethodInfo* method);"
37411568,System.Net.NetworkInformation.UnixNoLibCIPGlobalProperties$$.ctor,"void System_Net_NetworkInformation_UnixNoLibCIPGlobalProperties___ctor (System_Net_NetworkInformation_UnixNoLibCIPGlobalProperties_o* __this, const MethodInfo* method);"
37411576,System.Net.NetworkInformation.MibIPGlobalProperties$$.ctor,"void System_Net_NetworkInformation_MibIPGlobalProperties___ctor (System_Net_NetworkInformation_MibIPGlobalProperties_o* __this, System_String_o* procDir, const MethodInfo* method);"
37411936,System.Net.NetworkInformation.MibIPGlobalProperties$$.cctor,void System_Net_NetworkInformation_MibIPGlobalProperties___cctor (const MethodInfo* method);
37412084,System.Net.NetworkInformation.UnixIPGlobalPropertiesFactoryPal$$get_PlatformNeedsLibCWorkaround,bool System_Net_NetworkInformation_UnixIPGlobalPropertiesFactoryPal__get_PlatformNeedsLibCWorkaround (const MethodInfo* method);
37412156,System.Net.NetworkInformation.UnixIPInterfaceProperties$$get_UnicastAddresses,"System_Net_NetworkInformation_UnicastIPAddressInformationCollection_o* System_Net_NetworkInformation_UnixIPInterfaceProperties__get_UnicastAddresses (System_Net_NetworkInformation_UnixIPInterfaceProperties_o* __this, const MethodInfo* method);"
37412784,System.Net.NetworkInformation.UnixIPInterfaceProperties$$.cctor,void System_Net_NetworkInformation_UnixIPInterfaceProperties___cctor (const MethodInfo* method);
37414204,System.Net.Cache.RequestCacheProtocol$$.ctor,"void System_Net_Cache_RequestCacheProtocol___ctor (System_Net_Cache_RequestCacheProtocol_o* __this, Il2CppObject* arg1, Il2CppObject* arg2, const MethodInfo* method);"
37414276,System.Net.Sockets.NetworkStream$$.ctor,"void System_Net_Sockets_NetworkStream___ctor (System_Net_Sockets_NetworkStream_o* __this, System_Net_Sockets_Socket_o* socket, const MethodInfo* method);"
37414288,System.Net.Sockets.NetworkStream$$.ctor,"void System_Net_Sockets_NetworkStream___ctor (System_Net_Sockets_NetworkStream_o* __this, System_Net_Sockets_Socket_o* socket, int32_t access, bool ownsSocket, const MethodInfo* method);"
37414720,System.Net.Sockets.NetworkStream$$.ctor,"void System_Net_Sockets_NetworkStream___ctor (System_Net_Sockets_NetworkStream_o* __this, System_Net_Sockets_Socket_o* socket, bool ownsSocket, const MethodInfo* method);"
37414732,System.Net.Sockets.NetworkStream$$get_CanRead,"bool System_Net_Sockets_NetworkStream__get_CanRead (System_Net_Sockets_NetworkStream_o* __this, const MethodInfo* method);"
37414740,System.Net.Sockets.NetworkStream$$get_CanSeek,"bool System_Net_Sockets_NetworkStream__get_CanSeek (System_Net_Sockets_NetworkStream_o* __this, const MethodInfo* method);"
37414748,System.Net.Sockets.NetworkStream$$get_CanWrite,"bool System_Net_Sockets_NetworkStream__get_CanWrite (System_Net_Sockets_NetworkStream_o* __this, const MethodInfo* method);"
37414756,System.Net.Sockets.NetworkStream$$get_CanTimeout,"bool System_Net_Sockets_NetworkStream__get_CanTimeout (System_Net_Sockets_NetworkStream_o* __this, const MethodInfo* method);"
37414764,System.Net.Sockets.NetworkStream$$get_ReadTimeout,"int32_t System_Net_Sockets_NetworkStream__get_ReadTimeout (System_Net_Sockets_NetworkStream_o* __this, const MethodInfo* method);"
37414900,System.Net.Sockets.Socket$$GetSocketOption,"Il2CppObject* System_Net_Sockets_Socket__GetSocketOption (System_Net_Sockets_Socket_o* __this, int32_t optionLevel, int32_t optionName, const MethodInfo* method);"
37415316,System.Net.Sockets.NetworkStream$$set_ReadTimeout,"void System_Net_Sockets_NetworkStream__set_ReadTimeout (System_Net_Sockets_NetworkStream_o* __this, int32_t value, const MethodInfo* method);"
37415452,System.Net.Sockets.NetworkStream$$SetSocketTimeoutOption,"void System_Net_Sockets_NetworkStream__SetSocketTimeoutOption (System_Net_Sockets_NetworkStream_o* __this, int32_t mode, int32_t timeout, bool silent, const MethodInfo* method);"
37415912,System.Net.Sockets.NetworkStream$$get_WriteTimeout,"int32_t System_Net_Sockets_NetworkStream__get_WriteTimeout (System_Net_Sockets_NetworkStream_o* __this, const MethodInfo* method);"
37416048,System.Net.Sockets.NetworkStream$$set_WriteTimeout,"void System_Net_Sockets_NetworkStream__set_WriteTimeout (System_Net_Sockets_NetworkStream_o* __this, int32_t value, const MethodInfo* method);"
37416184,System.Net.Sockets.NetworkStream$$get_Length,"int64_t System_Net_Sockets_NetworkStream__get_Length (System_Net_Sockets_NetworkStream_o* __this, const MethodInfo* method);"
37416264,System.Net.Sockets.NetworkStream$$get_Position,"int64_t System_Net_Sockets_NetworkStream__get_Position (System_Net_Sockets_NetworkStream_o* __this, const MethodInfo* method);"
37416344,System.Net.Sockets.NetworkStream$$set_Position,"void System_Net_Sockets_NetworkStream__set_Position (System_Net_Sockets_NetworkStream_o* __this, int64_t value, const MethodInfo* method);"
37416424,System.Net.Sockets.NetworkStream$$Seek,"int64_t System_Net_Sockets_NetworkStream__Seek (System_Net_Sockets_NetworkStream_o* __this, int64_t offset, int32_t origin, const MethodInfo* method);"
37416504,System.Net.Sockets.NetworkStream$$Read,"int32_t System_Net_Sockets_NetworkStream__Read (System_Net_Sockets_NetworkStream_o* __this, System_Byte_array* buffer, int32_t offset, int32_t size, const MethodInfo* method);"
37417284,System.Net.Sockets.Socket$$Receive,"int32_t System_Net_Sockets_Socket__Receive (System_Net_Sockets_Socket_o* __this, System_Byte_array* buffer, int32_t offset, int32_t size, int32_t socketFlags, const MethodInfo* method);"
37417384,System.Net.Sockets.NetworkStream$$Read,"int32_t System_Net_Sockets_NetworkStream__Read (System_Net_Sockets_NetworkStream_o* __this, System_Span_byte__o destination, const MethodInfo* method);"
37418008,System.Net.Sockets.Socket$$Receive,"int32_t System_Net_Sockets_Socket__Receive (System_Net_Sockets_Socket_o* __this, System_Span_byte__o buffer, int32_t socketFlags, int32_t* errorCode, const MethodInfo* method);"
37418248,System.Net.Sockets.SocketException$$.ctor,"void System_Net_Sockets_SocketException___ctor (System_Net_Sockets_SocketException_o* __this, int32_t errorCode, const MethodInfo* method);"
37418256,System.Net.Sockets.NetworkStream$$ReadByte,"int32_t System_Net_Sockets_NetworkStream__ReadByte (System_Net_Sockets_NetworkStream_o* __this, const MethodInfo* method);"
37418388,System.Net.Sockets.NetworkStream$$Write,"void System_Net_Sockets_NetworkStream__Write (System_Net_Sockets_NetworkStream_o* __this, System_Byte_array* buffer, int32_t offset, int32_t size, const MethodInfo* method);"
37419168,System.Net.Sockets.Socket$$Send,"int32_t System_Net_Sockets_Socket__Send (System_Net_Sockets_Socket_o* __this, System_Byte_array* buffer, int32_t offset, int32_t size, int32_t socketFlags, const MethodInfo* method);"
37419268,System.Net.Sockets.NetworkStream$$Write,"void System_Net_Sockets_NetworkStream__Write (System_Net_Sockets_NetworkStream_o* __this, System_ReadOnlySpan_byte__o source, const MethodInfo* method);"
37419892,System.Net.Sockets.Socket$$Send,"int32_t System_Net_Sockets_Socket__Send (System_Net_Sockets_Socket_o* __this, System_ReadOnlySpan_byte__o buffer, int32_t socketFlags, int32_t* errorCode, const MethodInfo* method);"
37420032,System.Net.Sockets.NetworkStream$$WriteByte,"void System_Net_Sockets_NetworkStream__WriteByte (System_Net_Sockets_NetworkStream_o* __this, uint8_t value, const MethodInfo* method);"
37420152,System.Net.Sockets.NetworkStream$$Close,"void System_Net_Sockets_NetworkStream__Close (System_Net_Sockets_NetworkStream_o* __this, int32_t timeout, const MethodInfo* method);"
37420256,System.Net.Sockets.NetworkStream$$Dispose,"void System_Net_Sockets_NetworkStream__Dispose (System_Net_Sockets_NetworkStream_o* __this, bool disposing, const MethodInfo* method);"
37420376,System.Net.Sockets.Socket$$InternalShutdown,"void System_Net_Sockets_Socket__InternalShutdown (System_Net_Sockets_Socket_o* __this, int32_t how, const MethodInfo* method);"
37420512,System.Net.Sockets.Socket$$Close,"void System_Net_Sockets_Socket__Close (System_Net_Sockets_Socket_o* __this, int32_t timeout, const MethodInfo* method);"
37420520,System.Net.Sockets.NetworkStream$$Finalize,"void System_Net_Sockets_NetworkStream__Finalize (System_Net_Sockets_NetworkStream_o* __this, const MethodInfo* method);"
37420684,System.Net.Sockets.NetworkStream$$BeginRead,"System_IAsyncResult_o* System_Net_Sockets_NetworkStream__BeginRead (System_Net_Sockets_NetworkStream_o* __this, System_Byte_array* buffer, int32_t offset, int32_t size, System_AsyncCallback_o* callback, Il2CppObject* state, const MethodInfo* method);"
37421488,System.Net.Sockets.Socket$$BeginReceive,"System_IAsyncResult_o* System_Net_Sockets_Socket__BeginReceive (System_Net_Sockets_Socket_o* __this, System_Byte_array* buffer, int32_t offset, int32_t size, int32_t socketFlags, System_AsyncCallback_o* callback, Il2CppObject* state, const MethodInfo* method);"
37421612,System.Net.Sockets.NetworkStream$$EndRead,"int32_t System_Net_Sockets_NetworkStream__EndRead (System_Net_Sockets_NetworkStream_o* __this, System_IAsyncResult_o* asyncResult, const MethodInfo* method);"
37422152,System.Net.Sockets.Socket$$EndReceive,"int32_t System_Net_Sockets_Socket__EndReceive (System_Net_Sockets_Socket_o* __this, System_IAsyncResult_o* asyncResult, const MethodInfo* method);"
37422252,System.Net.Sockets.NetworkStream$$BeginWrite,"System_IAsyncResult_o* System_Net_Sockets_NetworkStream__BeginWrite (System_Net_Sockets_NetworkStream_o* __this, System_Byte_array* buffer, int32_t offset, int32_t size, System_AsyncCallback_o* callback, Il2CppObject* state, const MethodInfo* method);"
37423056,System.Net.Sockets.Socket$$BeginSend,"System_IAsyncResult_o* System_Net_Sockets_Socket__BeginSend (System_Net_Sockets_Socket_o* __this, System_Byte_array* buffer, int32_t offset, int32_t size, int32_t socketFlags, System_AsyncCallback_o* callback, Il2CppObject* state, const MethodInfo* method);"
37423180,System.Net.Sockets.NetworkStream$$EndWrite,"void System_Net_Sockets_NetworkStream__EndWrite (System_Net_Sockets_NetworkStream_o* __this, System_IAsyncResult_o* asyncResult, const MethodInfo* method);"
37423720,System.Net.Sockets.Socket$$EndSend,"int32_t System_Net_Sockets_Socket__EndSend (System_Net_Sockets_Socket_o* __this, System_IAsyncResult_o* asyncResult, const MethodInfo* method);"
37423820,System.Net.Sockets.NetworkStream$$ReadAsync,"System_Threading_Tasks_Task_int__o* System_Net_Sockets_NetworkStream__ReadAsync (System_Net_Sockets_NetworkStream_o* __this, System_Byte_array* buffer, int32_t offset, int32_t size, System_Threading_CancellationToken_o cancellationToken, const MethodInfo* method);"
37424780,System.Net.Sockets.Socket$$ReceiveAsync,"System_Threading_Tasks_ValueTask_int__o System_Net_Sockets_Socket__ReceiveAsync (System_Net_Sockets_Socket_o* __this, System_Memory_byte__o buffer, int32_t socketFlags, bool fromNetworkStream, System_Threading_CancellationToken_o cancellationToken, const MethodInfo* method);"
37425516,System.Net.Sockets.NetworkStream$$ReadAsync,"System_Threading_Tasks_ValueTask_int__o System_Net_Sockets_NetworkStream__ReadAsync (System_Net_Sockets_NetworkStream_o* __this, System_Memory_byte__o buffer, System_Threading_CancellationToken_o cancellationToken, const MethodInfo* method);"
37426116,System.Net.Sockets.NetworkStream$$WriteAsync,"System_Threading_Tasks_Task_o* System_Net_Sockets_NetworkStream__WriteAsync (System_Net_Sockets_NetworkStream_o* __this, System_Byte_array* buffer, int32_t offset, int32_t size, System_Threading_CancellationToken_o cancellationToken, const MethodInfo* method);"
37427044,System.Net.Sockets.Socket$$SendAsyncForNetworkStream,"System_Threading_Tasks_ValueTask_o System_Net_Sockets_Socket__SendAsyncForNetworkStream (System_Net_Sockets_Socket_o* __this, System_ReadOnlyMemory_byte__o buffer, int32_t socketFlags, System_Threading_CancellationToken_o cancellationToken, const MethodInfo* method);"
37427780,System.Net.Sockets.NetworkStream$$WriteAsync,"System_Threading_Tasks_ValueTask_o System_Net_Sockets_NetworkStream__WriteAsync (System_Net_Sockets_NetworkStream_o* __this, System_ReadOnlyMemory_byte__o buffer, System_Threading_CancellationToken_o cancellationToken, const MethodInfo* method);"
37428376,System.Net.Sockets.NetworkStream$$Flush,"void System_Net_Sockets_NetworkStream__Flush (System_Net_Sockets_NetworkStream_o* __this, const MethodInfo* method);"
37428380,System.Net.Sockets.NetworkStream$$FlushAsync,"System_Threading_Tasks_Task_o* System_Net_Sockets_NetworkStream__FlushAsync (System_Net_Sockets_NetworkStream_o* __this, System_Threading_CancellationToken_o cancellationToken, const MethodInfo* method);"
37428516,System.Net.Sockets.NetworkStream$$SetLength,"void System_Net_Sockets_NetworkStream__SetLength (System_Net_Sockets_NetworkStream_o* __this, int64_t value, const MethodInfo* method);"
37428596,System.Net.Sockets.Socket$$SetSocketOption,"void System_Net_Sockets_Socket__SetSocketOption (System_Net_Sockets_Socket_o* __this, int32_t optionLevel, int32_t optionName, int32_t optionValue, bool silent, const MethodInfo* method);"
37428928,System.Net.Sockets.NetworkStream$$get_InternalSocket,"System_Net_Sockets_Socket_o* System_Net_Sockets_NetworkStream__get_InternalSocket (System_Net_Sockets_NetworkStream_o* __this, const MethodInfo* method);"
37429084,System.Net.Sockets.Socket$$ConnectAsync,"System_Threading_Tasks_Task_o* System_Net_Sockets_Socket__ConnectAsync (System_Net_Sockets_Socket_o* __this, System_Net_IPAddress_o* address, int32_t port, const MethodInfo* method);"
37429428,System.Net.Sockets.Socket$$BeginConnect,"System_IAsyncResult_o* System_Net_Sockets_Socket__BeginConnect (System_Net_Sockets_Socket_o* __this, System_Net_IPAddress_o* address, int32_t port, System_AsyncCallback_o* requestCallback, Il2CppObject* state, const MethodInfo* method);"
37430080,System.Net.Sockets.Socket.AwaitableSocketAsyncEventArgs$$Reserve,"bool System_Net_Sockets_Socket_AwaitableSocketAsyncEventArgs__Reserve (System_Net_Sockets_Socket_AwaitableSocketAsyncEventArgs_o* __this, const MethodInfo* method);"
37430208,System.Net.Sockets.Socket.AwaitableSocketAsyncEventArgs$$ReceiveAsync,"System_Threading_Tasks_ValueTask_int__o System_Net_Sockets_Socket_AwaitableSocketAsyncEventArgs__ReceiveAsync (System_Net_Sockets_Socket_AwaitableSocketAsyncEventArgs_o* __this, System_Net_Sockets_Socket_o* socket, const MethodInfo* method);"
37430368,System.Net.Sockets.Socket$$ReceiveAsyncApm,"System_Threading_Tasks_Task_int__o* System_Net_Sockets_Socket__ReceiveAsyncApm (System_Net_Sockets_Socket_o* __this, System_Memory_byte__o buffer, int32_t socketFlags, const MethodInfo* method);"
37431372,System.Net.Sockets.Socket.AwaitableSocketAsyncEventArgs$$SendAsyncForNetworkStream,"System_Threading_Tasks_ValueTask_o System_Net_Sockets_Socket_AwaitableSocketAsyncEventArgs__SendAsyncForNetworkStream (System_Net_Sockets_Socket_AwaitableSocketAsyncEventArgs_o* __this, System_Net_Sockets_Socket_o* socket, const MethodInfo* method);"
37431480,System.Net.Sockets.Socket$$SendAsyncApm,"System_Threading_Tasks_Task_int__o* System_Net_Sockets_Socket__SendAsyncApm (System_Net_Sockets_Socket_o* __this, System_ReadOnlyMemory_byte__o buffer, int32_t socketFlags, const MethodInfo* method);"
37432572,System.Net.Sockets.Socket$$CompleteAccept,"void System_Net_Sockets_Socket__CompleteAccept (System_Net_Sockets_Socket_o* s, System_Net_Sockets_Socket_TaskSocketAsyncEventArgs_Socket__o* saea, const MethodInfo* method);"
37432916,System.Net.Sockets.Socket$$ReturnSocketAsyncEventArgs,"void System_Net_Sockets_Socket__ReturnSocketAsyncEventArgs (System_Net_Sockets_Socket_o* __this, System_Net_Sockets_Socket_TaskSocketAsyncEventArgs_Socket__o* saea, const MethodInfo* method);"
37432980,System.Net.Sockets.Socket$$GetException,"System_Exception_o* System_Net_Sockets_Socket__GetException (int32_t error, bool wrapExceptionsInIOExceptions, const MethodInfo* method);"
37433216,System.Net.Sockets.Socket$$CompleteSendReceive,"void System_Net_Sockets_Socket__CompleteSendReceive (System_Net_Sockets_Socket_o* s, System_Net_Sockets_Socket_Int32TaskSocketAsyncEventArgs_o* saea, bool isReceive, const MethodInfo* method);"
37433600,System.Net.Sockets.Socket$$ReturnSocketAsyncEventArgs,"void System_Net_Sockets_Socket__ReturnSocketAsyncEventArgs (System_Net_Sockets_Socket_o* __this, System_Net_Sockets_Socket_Int32TaskSocketAsyncEventArgs_o* saea, bool isReceive, const MethodInfo* method);"
37433676,System.Net.Sockets.Socket$$.ctor,"void System_Net_Sockets_Socket___ctor (System_Net_Sockets_Socket_o* __this, int32_t addressFamily, int32_t socketType, int32_t protocolType, const MethodInfo* method);"
37434268,System.Net.Sockets.Socket$$InitializeSockets,void System_Net_Sockets_Socket__InitializeSockets (const MethodInfo* method);
37434880,System.Net.Sockets.Socket$$Socket_icall,"intptr_t System_Net_Sockets_Socket__Socket_icall (int32_t family, int32_t type, int32_t proto, int32_t* error, const MethodInfo* method);"
37434884,System.Net.Sockets.SocketException$$.ctor,"void System_Net_Sockets_SocketException___ctor (System_Net_Sockets_SocketException_o* __this, const MethodInfo* method);"
37434916,System.Net.Sockets.Socket$$SetIPProtectionLevel,"void System_Net_Sockets_Socket__SetIPProtectionLevel (System_Net_Sockets_Socket_o* __this, int32_t level, const MethodInfo* method);"
37435156,System.Net.Sockets.Socket$$SocketDefaults,"void System_Net_Sockets_Socket__SocketDefaults (System_Net_Sockets_Socket_o* __this, const MethodInfo* method);"
37435368,System.Net.Sockets.Socket$$get_OSSupportsIPv4,bool System_Net_Sockets_Socket__get_OSSupportsIPv4 (const MethodInfo* method);
37435468,System.Net.Sockets.Socket$$get_OSSupportsIPv6,bool System_Net_Sockets_Socket__get_OSSupportsIPv6 (const MethodInfo* method);
37435568,System.Net.Sockets.Socket$$get_Handle,"intptr_t System_Net_Sockets_Socket__get_Handle (System_Net_Sockets_Socket_o* __this, const MethodInfo* method);"
37435596,System.Net.Sockets.Socket$$get_AddressFamily,"int32_t System_Net_Sockets_Socket__get_AddressFamily (System_Net_Sockets_Socket_o* __this, const MethodInfo* method);"
37435604,System.Net.Sockets.Socket$$get_SocketType,"int32_t System_Net_Sockets_Socket__get_SocketType (System_Net_Sockets_Socket_o* __this, const MethodInfo* method);"
37435612,System.Net.Sockets.Socket$$get_ProtocolType,"int32_t System_Net_Sockets_Socket__get_ProtocolType (System_Net_Sockets_Socket_o* __this, const MethodInfo* method);"
37435620,System.Net.Sockets.Socket$$set_ReceiveTimeout,"void System_Net_Sockets_Socket__set_ReceiveTimeout (System_Net_Sockets_Socket_o* __this, int32_t value, const MethodInfo* method);"
37435728,System.Net.Sockets.Socket$$SetSocketOption,"void System_Net_Sockets_Socket__SetSocketOption (System_Net_Sockets_Socket_o* __this, int32_t optionLevel, int32_t optionName, int32_t optionValue, const MethodInfo* method);"
37436024,System.Net.Sockets.Socket$$set_SendTimeout,"void System_Net_Sockets_Socket__set_SendTimeout (System_Net_Sockets_Socket_o* __this, int32_t value, const MethodInfo* method);"
37436132,System.Net.Sockets.Socket$$set_DontFragment,"void System_Net_Sockets_Socket__set_DontFragment (System_Net_Sockets_Socket_o* __this, bool value, const MethodInfo* method);"
37436264,System.Net.Sockets.Socket$$get_DualMode,"bool System_Net_Sockets_Socket__get_DualMode (System_Net_Sockets_Socket_o* __this, const MethodInfo* method);"
37436496,System.Net.Sockets.Socket$$set_DualMode,"void System_Net_Sockets_Socket__set_DualMode (System_Net_Sockets_Socket_o* __this, bool value, const MethodInfo* method);"
37436632,System.Net.Sockets.Socket$$get_IsDualMode,"bool System_Net_Sockets_Socket__get_IsDualMode (System_Net_Sockets_Socket_o* __this, const MethodInfo* method);"
37436656,System.Net.Sockets.Socket$$CanTryAddressFamily,"bool System_Net_Sockets_Socket__CanTryAddressFamily (System_Net_Sockets_Socket_o* __this, int32_t family, const MethodInfo* method);"
37436712,System.Net.Sockets.Socket$$Send,"int32_t System_Net_Sockets_Socket__Send (System_Net_Sockets_Socket_o* __this, System_Collections_Generic_IList_ArraySegment_byte___o* buffers, int32_t socketFlags, const MethodInfo* method);"
37436812,System.Net.Sockets.Socket$$Send,"int32_t System_Net_Sockets_Socket__Send (System_Net_Sockets_Socket_o* __this, System_Collections_Generic_IList_ArraySegment_byte___o* buffers, int32_t socketFlags, int32_t* errorCode, const MethodInfo* method);"
37438268,System.Net.Sockets.SocketException$$.ctor,"void System_Net_Sockets_SocketException___ctor (System_Net_Sockets_SocketException_o* __this, int32_t socketError, const MethodInfo* method);"
37438276,System.Net.Sockets.Socket$$Send,"int32_t System_Net_Sockets_Socket__Send (System_Net_Sockets_Socket_o* __this, System_Byte_array* buffer, int32_t offset, int32_t size, int32_t socketFlags, int32_t* errorCode, const MethodInfo* method);"
37438600,System.Net.Sockets.Socket$$Receive,"int32_t System_Net_Sockets_Socket__Receive (System_Net_Sockets_Socket_o* __this, System_Byte_array* buffer, int32_t offset, int32_t size, int32_t socketFlags, int32_t* errorCode, const MethodInfo* method);"
37438868,System.Net.Sockets.Socket$$Receive,"int32_t System_Net_Sockets_Socket__Receive (System_Net_Sockets_Socket_o* __this, System_Collections_Generic_IList_ArraySegment_byte___o* buffers, int32_t socketFlags, const MethodInfo* method);"
37438968,System.Net.Sockets.Socket$$Receive,"int32_t System_Net_Sockets_Socket__Receive (System_Net_Sockets_Socket_o* __this, System_Collections_Generic_IList_ArraySegment_byte___o* buffers, int32_t socketFlags, int32_t* errorCode, const MethodInfo* method);"
37440348,System.Net.Sockets.Socket$$IOControl,"int32_t System_Net_Sockets_Socket__IOControl (System_Net_Sockets_Socket_o* __this, int64_t ioControlCode, System_Byte_array* optionInValue, System_Byte_array* optionOutValue, const MethodInfo* method);"
37440352,System.Net.Sockets.Socket$$IOControl,"int32_t System_Net_Sockets_Socket__IOControl (System_Net_Sockets_Socket_o* __this, int32_t ioControlCode, System_Byte_array* optionInValue, System_Byte_array* optionOutValue, const MethodInfo* method);"
37440748,System.Net.Sockets.Socket$$get_CleanedUp,"bool System_Net_Sockets_Socket__get_CleanedUp (System_Net_Sockets_Socket_o* __this, const MethodInfo* method);"
37440764,System.Net.Sockets.Socket$$BeginConnect,"System_IAsyncResult_o* System_Net_Sockets_Socket__BeginConnect (System_Net_Sockets_Socket_o* __this, System_Net_EndPoint_o* remoteEP, System_AsyncCallback_o* callback, Il2CppObject* state, const MethodInfo* method);"
37441088,System.Net.Sockets.Socket$$BeginSend,"System_IAsyncResult_o* System_Net_Sockets_Socket__BeginSend (System_Net_Sockets_Socket_o* __this, System_Byte_array* buffer, int32_t offset, int32_t size, int32_t socketFlags, int32_t* errorCode, System_AsyncCallback_o* callback, Il2CppObject* state, const MethodInfo* method);"
37441628,System.Net.Sockets.Socket$$EndSend,"int32_t System_Net_Sockets_Socket__EndSend (System_Net_Sockets_Socket_o* __this, System_IAsyncResult_o* asyncResult, int32_t* errorCode, const MethodInfo* method);"
37441868,System.Net.Sockets.Socket$$BeginReceive,"System_IAsyncResult_o* System_Net_Sockets_Socket__BeginReceive (System_Net_Sockets_Socket_o* __this, System_Byte_array* buffer, int32_t offset, int32_t size, int32_t socketFlags, int32_t* errorCode, System_AsyncCallback_o* callback, Il2CppObject* state, const MethodInfo* method);"
37442268,System.Net.Sockets.Socket$$EndReceive,"int32_t System_Net_Sockets_Socket__EndReceive (System_Net_Sockets_Socket_o* __this, System_IAsyncResult_o* asyncResult, int32_t* errorCode, const MethodInfo* method);"
37442508,System.Net.Sockets.Socket$$get_InternalSyncObject,Il2CppObject* System_Net_Sockets_Socket__get_InternalSyncObject (const MethodInfo* method);
37442720,System.Net.Sockets.Socket$$IsProtocolSupported,"bool System_Net_Sockets_Socket__IsProtocolSupported (int32_t networkInterface, const MethodInfo* method);"
37442804,System.Net.Sockets.Socket$$Dispose,"void System_Net_Sockets_Socket__Dispose (System_Net_Sockets_Socket_o* __this, const MethodInfo* method);"
37442912,System.Net.Sockets.Socket$$Finalize,"void System_Net_Sockets_Socket__Finalize (System_Net_Sockets_Socket_o* __this, const MethodInfo* method);"
37443072,System.Net.Sockets.Socket$$Shutdown_internal,"void System_Net_Sockets_Socket__Shutdown_internal (System_Net_Sockets_SafeSocketHandle_o* safeHandle, int32_t how, int32_t* error, const MethodInfo* method);"
37443360,System.Net.Sockets.Socket$$SetSocketOption_internal,"void System_Net_Sockets_Socket__SetSocketOption_internal (System_Net_Sockets_SafeSocketHandle_o* safeHandle, int32_t level, int32_t name, Il2CppObject* obj_val, System_Byte_array* byte_val, int32_t int_val, int32_t* error, const MethodInfo* method);"
37443696,System.Net.Sockets.Socket$$.ctor,"void System_Net_Sockets_Socket___ctor (System_Net_Sockets_Socket_o* __this, int32_t family, int32_t type, int32_t proto, System_Net_Sockets_SafeSocketHandle_o* safe_handle, const MethodInfo* method);"
37443948,System.Net.Sockets.Socket$$set_NoDelay,"void System_Net_Sockets_Socket__set_NoDelay (System_Net_Sockets_Socket_o* __this, bool value, const MethodInfo* method);"
37444012,System.Net.Sockets.Socket$$get_LocalEndPoint,"System_Net_EndPoint_o* System_Net_Sockets_Socket__get_LocalEndPoint (System_Net_Sockets_Socket_o* __this, const MethodInfo* method);"
37444252,System.Net.Sockets.Socket$$ThrowIfDisposedAndClosed,"void System_Net_Sockets_Socket__ThrowIfDisposedAndClosed (System_Net_Sockets_Socket_o* __this, const MethodInfo* method);"
37444392,System.Net.Sockets.Socket$$LocalEndPoint_internal,"System_Net_SocketAddress_o* System_Net_Sockets_Socket__LocalEndPoint_internal (System_Net_Sockets_SafeSocketHandle_o* safeHandle, int32_t family, int32_t* error, const MethodInfo* method);"
37444696,System.Net.Sockets.Socket$$LocalEndPoint_icall,"System_Net_SocketAddress_o* System_Net_Sockets_Socket__LocalEndPoint_icall (intptr_t socket, int32_t family, int32_t* error, const MethodInfo* method);"
37444700,System.Net.Sockets.Socket$$get_Blocking,"bool System_Net_Sockets_Socket__get_Blocking (System_Net_Sockets_Socket_o* __this, const MethodInfo* method);"
37444708,System.Net.Sockets.Socket$$set_Blocking,"void System_Net_Sockets_Socket__set_Blocking (System_Net_Sockets_Socket_o* __this, bool value, const MethodInfo* method);"
37444912,System.Net.Sockets.Socket$$Blocking_internal,"void System_Net_Sockets_Socket__Blocking_internal (System_Net_Sockets_SafeSocketHandle_o* safeHandle, bool block, int32_t* error, const MethodInfo* method);"
37445200,System.Net.Sockets.Socket$$Blocking_icall,"void System_Net_Sockets_Socket__Blocking_icall (intptr_t socket, bool block, int32_t* error, const MethodInfo* method);"
37445208,System.Net.Sockets.Socket$$get_Connected,"bool System_Net_Sockets_Socket__get_Connected (System_Net_Sockets_Socket_o* __this, const MethodInfo* method);"
37445216,System.Net.Sockets.Socket$$ThrowIfUdp,"void System_Net_Sockets_Socket__ThrowIfUdp (System_Net_Sockets_Socket_o* __this, const MethodInfo* method);"
37445300,System.Net.Sockets.Socket$$get_RemoteEndPoint,"System_Net_EndPoint_o* System_Net_Sockets_Socket__get_RemoteEndPoint (System_Net_Sockets_Socket_o* __this, const MethodInfo* method);"
37445548,System.Net.Sockets.Socket$$RemoteEndPoint_internal,"System_Net_SocketAddress_o* System_Net_Sockets_Socket__RemoteEndPoint_internal (System_Net_Sockets_SafeSocketHandle_o* safeHandle, int32_t family, int32_t* error, const MethodInfo* method);"
37445852,System.Net.Sockets.Socket$$RemoteEndPoint_icall,"System_Net_SocketAddress_o* System_Net_Sockets_Socket__RemoteEndPoint_icall (intptr_t socket, int32_t family, int32_t* error, const MethodInfo* method);"
37445856,System.Net.Sockets.Socket$$Poll,"bool System_Net_Sockets_Socket__Poll (System_Net_Sockets_Socket_o* __this, int32_t microSeconds, int32_t mode, const MethodInfo* method);"
37446268,System.Net.Sockets.Socket$$Poll_internal,"bool System_Net_Sockets_Socket__Poll_internal (System_Net_Sockets_SafeSocketHandle_o* safeHandle, int32_t mode, int32_t timeout, int32_t* error, const MethodInfo* method);"
37446588,System.Net.Sockets.Socket$$Poll_icall,"bool System_Net_Sockets_Socket__Poll_icall (intptr_t socket, int32_t mode, int32_t timeout, int32_t* error, const MethodInfo* method);"
37446592,System.Net.Sockets.Socket$$Accept,"System_Net_Sockets_Socket_o* System_Net_Sockets_Socket__Accept (System_Net_Sockets_Socket_o* __this, const MethodInfo* method);"
37446896,System.Net.Sockets.Socket$$Accept_internal,"System_Net_Sockets_SafeSocketHandle_o* System_Net_Sockets_Socket__Accept_internal (System_Net_Sockets_SafeSocketHandle_o* safeHandle, int32_t* error, bool blocking, const MethodInfo* method);"
37447248,System.Net.Sockets.Socket$$Accept,"void System_Net_Sockets_Socket__Accept (System_Net_Sockets_Socket_o* __this, System_Net_Sockets_Socket_o* acceptSocket, const MethodInfo* method);"
37447528,System.Net.Sockets.Socket$$BeginAccept,"System_IAsyncResult_o* System_Net_Sockets_Socket__BeginAccept (System_Net_Sockets_Socket_o* __this, System_AsyncCallback_o* callback, Il2CppObject* state, const MethodInfo* method);"
37447896,System.Net.Sockets.Socket$$QueueIOSelectorJob,"void System_Net_Sockets_Socket__QueueIOSelectorJob (System_Net_Sockets_Socket_o* __this, System_Threading_SemaphoreSlim_o* sem, intptr_t handle, System_IOSelectorJob_o* job, const MethodInfo* method);"
37448216,System.Net.Sockets.Socket$$EndAccept,"System_Net_Sockets_Socket_o* System_Net_Sockets_Socket__EndAccept (System_Net_Sockets_Socket_o* __this, System_IAsyncResult_o* asyncResult, const MethodInfo* method);"
37448256,System.Net.Sockets.Socket$$EndAccept,"System_Net_Sockets_Socket_o* System_Net_Sockets_Socket__EndAccept (System_Net_Sockets_Socket_o* __this, System_Byte_array** buffer, int32_t* bytesTransferred, System_IAsyncResult_o* asyncResult, const MethodInfo* method);"
37448500,System.Net.Sockets.Socket$$ValidateEndIAsyncResult,"System_Net_Sockets_SocketAsyncResult_o* System_Net_Sockets_Socket__ValidateEndIAsyncResult (System_Net_Sockets_Socket_o* __this, System_IAsyncResult_o* ares, System_String_o* methodName, System_String_o* argName, const MethodInfo* method);"
37448832,System.Net.Sockets.Socket$$Accept_icall,"intptr_t System_Net_Sockets_Socket__Accept_icall (intptr_t sock, int32_t* error, bool blocking, const MethodInfo* method);"
37448840,System.Net.Sockets.Socket$$Bind,"void System_Net_Sockets_Socket__Bind (System_Net_Sockets_Socket_o* __this, System_Net_EndPoint_o* localEP, const MethodInfo* method);"
37449216,System.Net.Sockets.Socket$$RemapIPEndPoint,"System_Net_IPEndPoint_o* System_Net_Sockets_Socket__RemapIPEndPoint (System_Net_Sockets_Socket_o* __this, System_Net_IPEndPoint_o* input, const MethodInfo* method);"
37449404,System.Net.Sockets.Socket$$Bind_internal,"void System_Net_Sockets_Socket__Bind_internal (System_Net_Sockets_SafeSocketHandle_o* safeHandle, System_Net_SocketAddress_o* sa, int32_t* error, const MethodInfo* method);"
37449692,System.Net.Sockets.Socket$$Bind_icall,"void System_Net_Sockets_Socket__Bind_icall (intptr_t sock, System_Net_SocketAddress_o* sa, int32_t* error, const MethodInfo* method);"
37449696,System.Net.Sockets.Socket$$Listen,"void System_Net_Sockets_Socket__Listen (System_Net_Sockets_Socket_o* __this, int32_t backlog, const MethodInfo* method);"
37449940,System.Net.Sockets.Socket$$Listen_internal,"void System_Net_Sockets_Socket__Listen_internal (System_Net_Sockets_SafeSocketHandle_o* safeHandle, int32_t backlog, int32_t* error, const MethodInfo* method);"
37450228,System.Net.Sockets.Socket$$Listen_icall,"void System_Net_Sockets_Socket__Listen_icall (intptr_t sock, int32_t backlog, int32_t* error, const MethodInfo* method);"
37450232,System.Net.Sockets.Socket$$Connect,"void System_Net_Sockets_Socket__Connect (System_Net_Sockets_Socket_o* __this, System_Net_IPAddress_o* address, int32_t port, const MethodInfo* method);"
37450356,System.Net.Sockets.Socket$$Connect,"void System_Net_Sockets_Socket__Connect (System_Net_Sockets_Socket_o* __this, System_Net_EndPoint_o* remoteEP, const MethodInfo* method);"
37451216,System.Net.Sockets.Socket$$Connect_internal,"void System_Net_Sockets_Socket__Connect_internal (System_Net_Sockets_SafeSocketHandle_o* safeHandle, System_Net_SocketAddress_o* sa, int32_t* error, bool blocking, const MethodInfo* method);"
37451508,System.Net.Sockets.Socket$$BeginConnect,"System_IAsyncResult_o* System_Net_Sockets_Socket__BeginConnect (System_Net_Sockets_Socket_o* __this, System_String_o* host, int32_t port, System_AsyncCallback_o* callback, Il2CppObject* state, const MethodInfo* method);"
37452244,System.Net.Sockets.Socket.<>c__DisplayClass240_0$$.ctor,"void System_Net_Sockets_Socket___c__DisplayClass240_0___ctor (System_Net_Sockets_Socket___c__DisplayClass240_0_o* __this, const MethodInfo* method);"
37452252,System.Net.Sockets.Socket$$BeginSConnect,"bool System_Net_Sockets_Socket__BeginSConnect (System_Net_Sockets_SocketAsyncResult_o* sockares, const MethodInfo* method);"
37453368,System.Net.Sockets.Socket$$BeginMConnect,"bool System_Net_Sockets_Socket__BeginMConnect (System_Net_Sockets_SocketAsyncResult_o* sockares, const MethodInfo* method);"
37453888,System.Net.Sockets.Socket$$EndConnect,"void System_Net_Sockets_Socket__EndConnect (System_Net_Sockets_Socket_o* __this, System_IAsyncResult_o* asyncResult, const MethodInfo* method);"
37454064,System.Net.Sockets.Socket$$Connect_icall,"void System_Net_Sockets_Socket__Connect_icall (intptr_t sock, System_Net_SocketAddress_o* sa, int32_t* error, bool blocking, const MethodInfo* method);"
37454072,System.Net.Sockets.Socket$$Disconnect,"void System_Net_Sockets_Socket__Disconnect (System_Net_Sockets_Socket_o* __this, bool reuseSocket, const MethodInfo* method);"
37454316,System.Net.Sockets.Socket$$Disconnect_internal,"void System_Net_Sockets_Socket__Disconnect_internal (System_Net_Sockets_SafeSocketHandle_o* safeHandle, bool reuse, int32_t* error, const MethodInfo* method);"
37454604,System.Net.Sockets.Socket$$EndDisconnect,"void System_Net_Sockets_Socket__EndDisconnect (System_Net_Sockets_Socket_o* __this, System_IAsyncResult_o* asyncResult, const MethodInfo* method);"
37454780,System.Net.Sockets.Socket$$Disconnect_icall,"void System_Net_Sockets_Socket__Disconnect_icall (intptr_t sock, bool reuse, int32_t* error, const MethodInfo* method);"
37454788,System.Net.Sockets.Socket$$ThrowIfBufferNull,"void System_Net_Sockets_Socket__ThrowIfBufferNull (System_Net_Sockets_Socket_o* __this, System_Byte_array* buffer, const MethodInfo* method);"
37454876,System.Net.Sockets.Socket$$ThrowIfBufferOutOfRange,"void System_Net_Sockets_Socket__ThrowIfBufferOutOfRange (System_Net_Sockets_Socket_o* __this, System_Byte_array* buffer, int32_t offset, int32_t size, const MethodInfo* method);"
37455184,System.Net.Sockets.Socket$$Receive_internal,"int32_t System_Net_Sockets_Socket__Receive_internal (System_Net_Sockets_SafeSocketHandle_o* safeHandle, uint8_t* buffer, int32_t count, int32_t flags, int32_t* error, bool blocking, const MethodInfo* method);"
37455508,System.Net.Sockets.Socket$$Receive,"int32_t System_Net_Sockets_Socket__Receive (System_Net_Sockets_Socket_o* __this, System_Memory_byte__o buffer, int32_t offset, int32_t size, int32_t socketFlags, int32_t* errorCode, const MethodInfo* method);"
37456036,System.Net.Sockets.Socket$$Receive_internal,"int32_t System_Net_Sockets_Socket__Receive_internal (System_Net_Sockets_SafeSocketHandle_o* safeHandle, System_Net_Sockets_Socket_WSABUF_o* bufarray, int32_t count, int32_t flags, int32_t* error, bool blocking, const MethodInfo* method);"
37456360,System.Net.Sockets.Socket$$ReceiveAsync,"bool System_Net_Sockets_Socket__ReceiveAsync (System_Net_Sockets_Socket_o* __this, System_Net_Sockets_SocketAsyncEventArgs_o* e, const MethodInfo* method);"
37456876,System.Net.Sockets.Socket$$InitSocketAsyncEventArgs,"void System_Net_Sockets_Socket__InitSocketAsyncEventArgs (System_Net_Sockets_Socket_o* __this, System_Net_Sockets_SocketAsyncEventArgs_o* e, System_AsyncCallback_o* callback, Il2CppObject* state, int32_t operation, const MethodInfo* method);"
37457000,System.Net.Sockets.Socket$$Receive_array_icall,"int32_t System_Net_Sockets_Socket__Receive_array_icall (intptr_t sock, System_Net_Sockets_Socket_WSABUF_o* bufarray, int32_t count, int32_t flags, int32_t* error, bool blocking, const MethodInfo* method);"
37457008,System.Net.Sockets.Socket$$Receive_icall,"int32_t System_Net_Sockets_Socket__Receive_icall (intptr_t sock, uint8_t* buffer, int32_t count, int32_t flags, int32_t* error, bool blocking, const MethodInfo* method);"
37457016,System.Net.Sockets.Socket$$ReceiveFrom,"int32_t System_Net_Sockets_Socket__ReceiveFrom (System_Net_Sockets_Socket_o* __this, System_Memory_byte__o buffer, int32_t offset, int32_t size, int32_t socketFlags, System_Net_EndPoint_o** remoteEP, int32_t* errorCode, const MethodInfo* method);"
37457664,System.Net.Sockets.Socket$$ReceiveFrom_internal,"int32_t System_Net_Sockets_Socket__ReceiveFrom_internal (System_Net_Sockets_SafeSocketHandle_o* safeHandle, uint8_t* buffer, int32_t count, int32_t flags, System_Net_SocketAddress_o** sockaddr, int32_t* error, bool blocking, const MethodInfo* method);"
37458004,System.Net.Sockets.Socket$$EndReceiveFrom_internal,"int32_t System_Net_Sockets_Socket__EndReceiveFrom_internal (System_Net_Sockets_Socket_o* __this, System_Net_Sockets_SocketAsyncResult_o* sockares, System_Net_Sockets_SocketAsyncEventArgs_o* ares, const MethodInfo* method);"
37458212,System.Net.Sockets.Socket$$ReceiveFrom_icall,"int32_t System_Net_Sockets_Socket__ReceiveFrom_icall (intptr_t sock, uint8_t* buffer, int32_t count, int32_t flags, System_Net_SocketAddress_o** sockaddr, int32_t* error, bool blocking, const MethodInfo* method);"
37458220,System.Net.Sockets.Socket$$Send_internal,"int32_t System_Net_Sockets_Socket__Send_internal (System_Net_Sockets_SafeSocketHandle_o* safeHandle, uint8_t* buffer, int32_t count, int32_t flags, int32_t* error, bool blocking, const MethodInfo* method);"
37458544,System.Net.Sockets.Socket$$Send_internal,"int32_t System_Net_Sockets_Socket__Send_internal (System_Net_Sockets_SafeSocketHandle_o* safeHandle, System_Net_Sockets_Socket_WSABUF_o* bufarray, int32_t count, int32_t flags, int32_t* error, bool blocking, const MethodInfo* method);"
37458868,System.Net.Sockets.Socket$$SendAsync,"bool System_Net_Sockets_Socket__SendAsync (System_Net_Sockets_Socket_o* __this, System_Net_Sockets_SocketAsyncEventArgs_o* e, const MethodInfo* method);"
37459604,System.Net.Sockets.Socket$$BeginSendCallback,"void System_Net_Sockets_Socket__BeginSendCallback (System_Net_Sockets_SocketAsyncResult_o* sockares, int32_t sent_so_far, const MethodInfo* method);"
37460528,System.Net.Sockets.Socket.<>c__DisplayClass298_0$$.ctor,"void System_Net_Sockets_Socket___c__DisplayClass298_0___ctor (System_Net_Sockets_Socket___c__DisplayClass298_0_o* __this, const MethodInfo* method);"
37460536,System.Net.Sockets.Socket$$Send_array_icall,"int32_t System_Net_Sockets_Socket__Send_array_icall (intptr_t sock, System_Net_Sockets_Socket_WSABUF_o* bufarray, int32_t count, int32_t flags, int32_t* error, bool blocking, const MethodInfo* method);"
37460544,System.Net.Sockets.Socket$$Send_icall,"int32_t System_Net_Sockets_Socket__Send_icall (intptr_t sock, uint8_t* buffer, int32_t count, int32_t flags, int32_t* error, bool blocking, const MethodInfo* method);"
37460552,System.Net.Sockets.Socket$$EndSendTo,"int32_t System_Net_Sockets_Socket__EndSendTo (System_Net_Sockets_Socket_o* __this, System_IAsyncResult_o* asyncResult, const MethodInfo* method);"
37460736,System.Net.Sockets.Socket$$GetSocketOption_obj_internal,"void System_Net_Sockets_Socket__GetSocketOption_obj_internal (System_Net_Sockets_SafeSocketHandle_o* safeHandle, int32_t level, int32_t name, Il2CppObject** obj_val, int32_t* error, const MethodInfo* method);"
37461048,System.Net.Sockets.Socket$$GetSocketOption_obj_icall,"void System_Net_Sockets_Socket__GetSocketOption_obj_icall (intptr_t socket, int32_t level, int32_t name, Il2CppObject** obj_val, int32_t* error, const MethodInfo* method);"
37461052,System.Net.Sockets.Socket$$SetSocketOption_icall,"void System_Net_Sockets_Socket__SetSocketOption_icall (intptr_t socket, int32_t level, int32_t name, Il2CppObject* obj_val, System_Byte_array* byte_val, int32_t int_val, int32_t* error, const MethodInfo* method);"
37461056,System.Net.Sockets.Socket$$IOControl_internal,"int32_t System_Net_Sockets_Socket__IOControl_internal (System_Net_Sockets_SafeSocketHandle_o* safeHandle, int32_t ioctl_code, System_Byte_array* input, System_Byte_array* output, int32_t* error, const MethodInfo* method);"
37461384,System.Net.Sockets.Socket$$IOControl_icall,"int32_t System_Net_Sockets_Socket__IOControl_icall (intptr_t sock, int32_t ioctl_code, System_Byte_array* input, System_Byte_array* output, int32_t* error, const MethodInfo* method);"
37461388,System.Net.Sockets.Socket$$Close,"void System_Net_Sockets_Socket__Close (System_Net_Sockets_Socket_o* __this, const MethodInfo* method);"
37461396,System.Net.Sockets.Socket$$Close_icall,"void System_Net_Sockets_Socket__Close_icall (intptr_t socket, int32_t* error, const MethodInfo* method);"
37461400,System.Net.Sockets.Socket$$Shutdown,"void System_Net_Sockets_Socket__Shutdown (System_Net_Sockets_Socket_o* __this, int32_t how, const MethodInfo* method);"
37461672,System.Net.Sockets.Socket$$Shutdown_icall,"void System_Net_Sockets_Socket__Shutdown_icall (intptr_t socket, int32_t how, int32_t* error, const MethodInfo* method);"
37461676,System.Net.Sockets.Socket$$Dispose,"void System_Net_Sockets_Socket__Dispose (System_Net_Sockets_Socket_o* __this, bool disposing, const MethodInfo* method);"
37461772,System.Net.Sockets.Socket$$Linger,"void System_Net_Sockets_Socket__Linger (System_Net_Sockets_Socket_o* __this, intptr_t handle, const MethodInfo* method);"
37462140,System.Net.Sockets.LingerOption$$.ctor,"void System_Net_Sockets_LingerOption___ctor (System_Net_Sockets_LingerOption_o* __this, bool enable, int32_t seconds, const MethodInfo* method);"
37462192,System.Net.Sockets.Socket.<>c__DisplayClass355_0$$.ctor,"void System_Net_Sockets_Socket___c__DisplayClass355_0___ctor (System_Net_Sockets_Socket___c__DisplayClass355_0_o* __this, const MethodInfo* method);"
37462200,System.Net.Sockets.Socket$$SocketOperationToSocketAsyncOperation,"int32_t System_Net_Sockets_Socket__SocketOperationToSocketAsyncOperation (System_Net_Sockets_Socket_o* __this, int32_t op, const MethodInfo* method);"
37462372,System.Net.Sockets.Socket$$cancel_blocking_socket_operation,"void System_Net_Sockets_Socket__cancel_blocking_socket_operation (System_Threading_Thread_o* thread, const MethodInfo* method);"
37462376,System.Net.Sockets.Socket$$get_FamilyHint,int32_t System_Net_Sockets_Socket__get_FamilyHint (const MethodInfo* method);
37462512,System.Net.Sockets.Socket$$IsProtocolSupported_internal,"bool System_Net_Sockets_Socket__IsProtocolSupported_internal (int32_t networkInterface, const MethodInfo* method);"
37462516,System.Net.Sockets.Socket$$.cctor,void System_Net_Sockets_Socket___cctor (const MethodInfo* method);
37464268,System.Net.Sockets.Socket.Int32TaskSocketAsyncEventArgs$$.ctor,"void System_Net_Sockets_Socket_Int32TaskSocketAsyncEventArgs___ctor (System_Net_Sockets_Socket_Int32TaskSocketAsyncEventArgs_o* __this, const MethodInfo* method);"
37464340,System.Net.Sockets.Socket.CachedEventArgs$$.ctor,"void System_Net_Sockets_Socket_CachedEventArgs___ctor (System_Net_Sockets_Socket_CachedEventArgs_o* __this, const MethodInfo* method);"
37464348,System.Net.Sockets.Socket.AwaitableSocketAsyncEventArgs$$.ctor,"void System_Net_Sockets_Socket_AwaitableSocketAsyncEventArgs___ctor (System_Net_Sockets_Socket_AwaitableSocketAsyncEventArgs_o* __this, const MethodInfo* method);"
37464456,System.Net.Sockets.Socket.AwaitableSocketAsyncEventArgs$$get_WrapExceptionsInIOExceptions,"bool System_Net_Sockets_Socket_AwaitableSocketAsyncEventArgs__get_WrapExceptionsInIOExceptions (System_Net_Sockets_Socket_AwaitableSocketAsyncEventArgs_o* __this, const MethodInfo* method);"
37464464,System.Net.Sockets.Socket.AwaitableSocketAsyncEventArgs$$set_WrapExceptionsInIOExceptions,"void System_Net_Sockets_Socket_AwaitableSocketAsyncEventArgs__set_WrapExceptionsInIOExceptions (System_Net_Sockets_Socket_AwaitableSocketAsyncEventArgs_o* __this, bool value, const MethodInfo* method);"
37464476,System.Net.Sockets.Socket.AwaitableSocketAsyncEventArgs$$Release,"void System_Net_Sockets_Socket_AwaitableSocketAsyncEventArgs__Release (System_Net_Sockets_Socket_AwaitableSocketAsyncEventArgs_o* __this, const MethodInfo* method);"
37464588,System.Net.Sockets.Socket.AwaitableSocketAsyncEventArgs$$OnCompleted,"void System_Net_Sockets_Socket_AwaitableSocketAsyncEventArgs__OnCompleted (System_Net_Sockets_Socket_AwaitableSocketAsyncEventArgs_o* __this, System_Net_Sockets_SocketAsyncEventArgs_o* __, const MethodInfo* method);"
37465100,System.Net.Sockets.Socket.AwaitableSocketAsyncEventArgs$$InvokeContinuation,"void System_Net_Sockets_Socket_AwaitableSocketAsyncEventArgs__InvokeContinuation (System_Net_Sockets_Socket_AwaitableSocketAsyncEventArgs_o* __this, System_Action_object__o* continuation, Il2CppObject* state, bool forceAsync, const MethodInfo* method);"
37465836,System.Net.Sockets.Socket.AwaitableSocketAsyncEventArgs$$CreateException,"System_Exception_o* System_Net_Sockets_Socket_AwaitableSocketAsyncEventArgs__CreateException (System_Net_Sockets_Socket_AwaitableSocketAsyncEventArgs_o* __this, int32_t error, const MethodInfo* method);"
37466076,System.Net.Sockets.Socket.AwaitableSocketAsyncEventArgs$$GetStatus,"int32_t System_Net_Sockets_Socket_AwaitableSocketAsyncEventArgs__GetStatus (System_Net_Sockets_Socket_AwaitableSocketAsyncEventArgs_o* __this, int16_t token, const MethodInfo* method);"
37466224,System.Net.Sockets.Socket.AwaitableSocketAsyncEventArgs$$ThrowIncorrectTokenException,"void System_Net_Sockets_Socket_AwaitableSocketAsyncEventArgs__ThrowIncorrectTokenException (System_Net_Sockets_Socket_AwaitableSocketAsyncEventArgs_o* __this, const MethodInfo* method);"
37466304,System.Net.Sockets.Socket.AwaitableSocketAsyncEventArgs$$OnCompleted,"void System_Net_Sockets_Socket_AwaitableSocketAsyncEventArgs__OnCompleted (System_Net_Sockets_Socket_AwaitableSocketAsyncEventArgs_o* __this, System_Action_object__o* continuation, Il2CppObject* state, int16_t token, int32_t flags, const MethodInfo* method);"
37466832,System.Net.Sockets.Socket.AwaitableSocketAsyncEventArgs$$ThrowMultipleContinuationsException,"void System_Net_Sockets_Socket_AwaitableSocketAsyncEventArgs__ThrowMultipleContinuationsException (System_Net_Sockets_Socket_AwaitableSocketAsyncEventArgs_o* __this, const MethodInfo* method);"
37466912,System.Net.Sockets.Socket.AwaitableSocketAsyncEventArgs$$GetResult,"int32_t System_Net_Sockets_Socket_AwaitableSocketAsyncEventArgs__GetResult (System_Net_Sockets_Socket_AwaitableSocketAsyncEventArgs_o* __this, int16_t token, const MethodInfo* method);"
37466984,System.Net.Sockets.Socket.AwaitableSocketAsyncEventArgs$$ThrowException,"void System_Net_Sockets_Socket_AwaitableSocketAsyncEventArgs__ThrowException (System_Net_Sockets_Socket_AwaitableSocketAsyncEventArgs_o* __this, int32_t error, const MethodInfo* method);"
37467020,System.Net.Sockets.Socket.AwaitableSocketAsyncEventArgs$$System.Threading.Tasks.Sources.IValueTaskSource.GetResult,"void System_Net_Sockets_Socket_AwaitableSocketAsyncEventArgs__System_Threading_Tasks_Sources_IValueTaskSource_GetResult (System_Net_Sockets_Socket_AwaitableSocketAsyncEventArgs_o* __this, int16_t token, const MethodInfo* method);"
37467084,System.Net.Sockets.Socket.AwaitableSocketAsyncEventArgs$$.cctor,void System_Net_Sockets_Socket_AwaitableSocketAsyncEventArgs___cctor (const MethodInfo* method);
37467400,System.Net.Sockets.Socket.AwaitableSocketAsyncEventArgs.<>c$$.cctor,void System_Net_Sockets_Socket_AwaitableSocketAsyncEventArgs___c___cctor (const MethodInfo* method);
37467500,System.Net.Sockets.Socket.AwaitableSocketAsyncEventArgs.<>c$$.ctor,"void System_Net_Sockets_Socket_AwaitableSocketAsyncEventArgs___c___ctor (System_Net_Sockets_Socket_AwaitableSocketAsyncEventArgs___c_o* __this, const MethodInfo* method);"
37467508,System.Net.Sockets.Socket.AwaitableSocketAsyncEventArgs.<>c$$<OnCompleted>b__14_0,"void System_Net_Sockets_Socket_AwaitableSocketAsyncEventArgs___c___OnCompleted_b__14_0 (System_Net_Sockets_Socket_AwaitableSocketAsyncEventArgs___c_o* __this, Il2CppObject* runState, const MethodInfo* method);"
37467684,System.Net.Sockets.Socket.AwaitableSocketAsyncEventArgs.<>c$$<InvokeContinuation>b__20_0,"void System_Net_Sockets_Socket_AwaitableSocketAsyncEventArgs___c___InvokeContinuation_b__20_0 (System_Net_Sockets_Socket_AwaitableSocketAsyncEventArgs___c_o* __this, Il2CppObject* s, const MethodInfo* method);"
37467856,System.Net.Sockets.Socket.AwaitableSocketAsyncEventArgs.<>c$$<.cctor>b__27_0,"void System_Net_Sockets_Socket_AwaitableSocketAsyncEventArgs___c____cctor_b__27_0 (System_Net_Sockets_Socket_AwaitableSocketAsyncEventArgs___c_o* __this, Il2CppObject* state, const MethodInfo* method);"
37467936,System.Net.Sockets.Socket.AwaitableSocketAsyncEventArgs.<>c$$<.cctor>b__27_1,"void System_Net_Sockets_Socket_AwaitableSocketAsyncEventArgs___c____cctor_b__27_1 (System_Net_Sockets_Socket_AwaitableSocketAsyncEventArgs___c_o* __this, Il2CppObject* state, const MethodInfo* method);"
37468016,System.Net.Sockets.Socket.<>c$$.cctor,void System_Net_Sockets_Socket___c___cctor (const MethodInfo* method);
37468116,System.Net.Sockets.Socket.<>c$$.ctor,"void System_Net_Sockets_Socket___c___ctor (System_Net_Sockets_Socket___c_o* __this, const MethodInfo* method);"
37468124,System.Net.Sockets.Socket.<>c$$<ConnectAsync>b__10_0,"void System_Net_Sockets_Socket___c___ConnectAsync_b__10_0 (System_Net_Sockets_Socket___c_o* __this, System_IAsyncResult_o* iar, const MethodInfo* method);"
37468684,System.Net.Sockets.Socket.<>c$$<ReceiveAsync>b__14_0,"System_Net_Sockets_Socket_CachedEventArgs_o* System_Net_Sockets_Socket___c___ReceiveAsync_b__14_0 (System_Net_Sockets_Socket___c_o* __this, const MethodInfo* method);"
37468776,System.Net.Sockets.Socket.<>c$$<ReceiveAsync>b__14_1,"System_Net_Sockets_Socket_AwaitableSocketAsyncEventArgs_o* System_Net_Sockets_Socket___c___ReceiveAsync_b__14_1 (System_Net_Sockets_Socket___c_o* __this, const MethodInfo* method);"
37468864,System.Net.Sockets.Socket.<>c$$<ReceiveAsyncApm>b__15_0,"void System_Net_Sockets_Socket___c___ReceiveAsyncApm_b__15_0 (System_Net_Sockets_Socket___c_o* __this, System_IAsyncResult_o* iar, const MethodInfo* method);"
37469428,System.Net.Sockets.Socket.<>c$$<ReceiveAsyncApm>b__15_1,"void System_Net_Sockets_Socket___c___ReceiveAsyncApm_b__15_1 (System_Net_Sockets_Socket___c_o* __this, System_IAsyncResult_o* iar, const MethodInfo* method);"
37470500,System.Net.Sockets.Socket.<>c$$<SendAsyncForNetworkStream>b__22_0,"System_Net_Sockets_Socket_CachedEventArgs_o* System_Net_Sockets_Socket___c___SendAsyncForNetworkStream_b__22_0 (System_Net_Sockets_Socket___c_o* __this, const MethodInfo* method);"
37470592,System.Net.Sockets.Socket.<>c$$<SendAsyncForNetworkStream>b__22_1,"System_Net_Sockets_Socket_AwaitableSocketAsyncEventArgs_o* System_Net_Sockets_Socket___c___SendAsyncForNetworkStream_b__22_1 (System_Net_Sockets_Socket___c_o* __this, const MethodInfo* method);"
37470680,System.Net.Sockets.Socket.<>c$$<SendAsyncApm>b__23_0,"void System_Net_Sockets_Socket___c___SendAsyncApm_b__23_0 (System_Net_Sockets_Socket___c_o* __this, System_IAsyncResult_o* iar, const MethodInfo* method);"
37471244,System.Net.Sockets.Socket.<>c$$<SendAsyncApm>b__23_1,"void System_Net_Sockets_Socket___c___SendAsyncApm_b__23_1 (System_Net_Sockets_Socket___c_o* __this, System_IAsyncResult_o* iar, const MethodInfo* method);"
37472012,System.Net.Sockets.Socket.<>c$$<SendAsync>b__295_0,"void System_Net_Sockets_Socket___c___SendAsync_b__295_0 (System_Net_Sockets_Socket___c_o* __this, System_IOAsyncResult_o* s, const MethodInfo* method);"
37472156,System.Net.Sockets.Socket.<>c$$<BeginSend>b__297_0,"void System_Net_Sockets_Socket___c___BeginSend_b__297_0 (System_Net_Sockets_Socket___c_o* __this, System_IOAsyncResult_o* s, const MethodInfo* method);"
37472300,System.Net.Sockets.Socket.<>c$$<.cctor>b__367_0,"void System_Net_Sockets_Socket___c____cctor_b__367_0 (System_Net_Sockets_Socket___c_o* __this, Il2CppObject* s, System_Net_Sockets_SocketAsyncEventArgs_o* e, const MethodInfo* method);"
37472544,System.Net.Sockets.Socket.<>c$$<.cctor>b__367_1,"void System_Net_Sockets_Socket___c____cctor_b__367_1 (System_Net_Sockets_Socket___c_o* __this, Il2CppObject* s, System_Net_Sockets_SocketAsyncEventArgs_o* e, const MethodInfo* method);"
37472764,System.Net.Sockets.Socket.<>c$$<.cctor>b__367_2,"void System_Net_Sockets_Socket___c____cctor_b__367_2 (System_Net_Sockets_Socket___c_o* __this, Il2CppObject* s, System_Net_Sockets_SocketAsyncEventArgs_o* e, const MethodInfo* method);"
37472984,System.Net.Sockets.Socket.<>c$$<.cctor>b__367_3,"void System_Net_Sockets_Socket___c____cctor_b__367_3 (System_Net_Sockets_Socket___c_o* __this, System_IAsyncResult_o* ares, const MethodInfo* method);"
37473640,System.Net.Sockets.SocketException$$get_SocketErrorCode,"int32_t System_Net_Sockets_SocketException__get_SocketErrorCode (System_Net_Sockets_SocketException_o* __this, const MethodInfo* method);"
37473648,System.Net.Sockets.Socket.<>c$$<.cctor>b__367_4,"void System_Net_Sockets_Socket___c____cctor_b__367_4 (System_Net_Sockets_Socket___c_o* __this, System_IOAsyncResult_o* ares, const MethodInfo* method);"
37473960,System.Net.Sockets.Socket.<>c$$<.cctor>b__367_5,"void System_Net_Sockets_Socket___c____cctor_b__367_5 (System_Net_Sockets_Socket___c_o* __this, System_IOAsyncResult_o* ares, const MethodInfo* method);"
37474540,System.Net.Sockets.Socket.<>c$$<.cctor>b__367_6,"void System_Net_Sockets_Socket___c____cctor_b__367_6 (System_Net_Sockets_Socket___c_o* __this, System_IAsyncResult_o* ares, const MethodInfo* method);"
37475160,System.Net.Sockets.Socket.<>c$$<.cctor>b__367_7,"void System_Net_Sockets_Socket___c____cctor_b__367_7 (System_Net_Sockets_Socket___c_o* __this, System_IOAsyncResult_o* ares, const MethodInfo* method);"
37475836,System.Net.Sockets.Socket.<>c$$<.cctor>b__367_8,"void System_Net_Sockets_Socket___c____cctor_b__367_8 (System_Net_Sockets_Socket___c_o* __this, System_IAsyncResult_o* ares, const MethodInfo* method);"
37476456,System.Net.Sockets.Socket.<>c$$<.cctor>b__367_9,"void System_Net_Sockets_Socket___c____cctor_b__367_9 (System_Net_Sockets_Socket___c_o* __this, System_IOAsyncResult_o* ares, const MethodInfo* method);"
37476728,System.Net.Sockets.Socket.<>c$$<.cctor>b__367_10,"void System_Net_Sockets_Socket___c____cctor_b__367_10 (System_Net_Sockets_Socket___c_o* __this, System_IAsyncResult_o* ares, const MethodInfo* method);"
37477368,System.Net.Sockets.Socket.<>c$$<.cctor>b__367_11,"void System_Net_Sockets_Socket___c____cctor_b__367_11 (System_Net_Sockets_Socket___c_o* __this, System_IOAsyncResult_o* ares, const MethodInfo* method);"
37478060,System.Net.Sockets.Socket.<>c$$<.cctor>b__367_12,"void System_Net_Sockets_Socket___c____cctor_b__367_12 (System_Net_Sockets_Socket___c_o* __this, System_IOAsyncResult_o* ares, const MethodInfo* method);"
37478344,System.Net.Sockets.Socket.<>c$$<.cctor>b__367_13,"void System_Net_Sockets_Socket___c____cctor_b__367_13 (System_Net_Sockets_Socket___c_o* __this, System_IAsyncResult_o* ares, const MethodInfo* method);"
37479024,System.Net.Sockets.Socket.<>c$$<.cctor>b__367_14,"void System_Net_Sockets_Socket___c____cctor_b__367_14 (System_Net_Sockets_Socket___c_o* __this, System_IOAsyncResult_o* ares, const MethodInfo* method);"
37479420,System.Net.Sockets.Socket.<>c$$<.cctor>b__367_15,"void System_Net_Sockets_Socket___c____cctor_b__367_15 (System_Net_Sockets_Socket___c_o* __this, System_IAsyncResult_o* ares, const MethodInfo* method);"
37480060,System.Net.Sockets.Socket.<>c$$<.cctor>b__367_16,"void System_Net_Sockets_Socket___c____cctor_b__367_16 (System_Net_Sockets_Socket___c_o* __this, System_IOAsyncResult_o* ares, const MethodInfo* method);"
37480344,System.Net.Sockets.Socket.<>c$$<.cctor>b__367_17,"void System_Net_Sockets_Socket___c____cctor_b__367_17 (System_Net_Sockets_Socket___c_o* __this, System_IAsyncResult_o* ares, const MethodInfo* method);"
37480984,System.Net.Sockets.Socket.<>c__DisplayClass240_0$$<BeginConnect>b__0,"void System_Net_Sockets_Socket___c__DisplayClass240_0___BeginConnect_b__0 (System_Net_Sockets_Socket___c__DisplayClass240_0_o* __this, System_Threading_Tasks_Task_IPAddress____o* t, const MethodInfo* method);"
37481268,System.Net.Sockets.Socket.<>c__DisplayClass298_0$$<BeginSendCallback>b__0,"void System_Net_Sockets_Socket___c__DisplayClass298_0___BeginSendCallback_b__0 (System_Net_Sockets_Socket___c__DisplayClass298_0_o* __this, System_IOAsyncResult_o* s, const MethodInfo* method);"
37481428,System.Net.Sockets.Socket.<>c__DisplayClass355_0$$<QueueIOSelectorJob>b__0,"void System_Net_Sockets_Socket___c__DisplayClass355_0___QueueIOSelectorJob_b__0 (System_Net_Sockets_Socket___c__DisplayClass355_0_o* __this, System_Threading_Tasks_Task_o* t, const MethodInfo* method);"
37481492,System.Net.Sockets.SocketException$$WSAGetLastError_icall,int32_t System_Net_Sockets_SocketException__WSAGetLastError_icall (const MethodInfo* method);
37481496,System.Net.Sockets.SocketException$$.ctor,"void System_Net_Sockets_SocketException___ctor (System_Net_Sockets_SocketException_o* __this, int32_t error, System_String_o* message, const MethodInfo* method);"
37481504,System.Net.Sockets.SocketException$$.ctor,"void System_Net_Sockets_SocketException___ctor (System_Net_Sockets_SocketException_o* __this, System_Runtime_Serialization_SerializationInfo_o* serializationInfo, System_Runtime_Serialization_StreamingContext_o streamingContext, const MethodInfo* method);"
37481512,System.Net.Sockets.SocketException$$get_Message,"System_String_o* System_Net_Sockets_SocketException__get_Message (System_Net_Sockets_SocketException_o* __this, const MethodInfo* method);"
37481656,System.Net.Sockets.LingerOption$$set_Enabled,"void System_Net_Sockets_LingerOption__set_Enabled (System_Net_Sockets_LingerOption_o* __this, bool value, const MethodInfo* method);"
37481668,System.Net.Sockets.LingerOption$$set_LingerTime,"void System_Net_Sockets_LingerOption__set_LingerTime (System_Net_Sockets_LingerOption_o* __this, int32_t value, const MethodInfo* method);"
37481676,System.Net.Sockets.TcpClient$$.ctor,"void System_Net_Sockets_TcpClient___ctor (System_Net_Sockets_TcpClient_o* __this, const MethodInfo* method);"
37481708,System.Net.Sockets.TcpClient$$.ctor,"void System_Net_Sockets_TcpClient___ctor (System_Net_Sockets_TcpClient_o* __this, int32_t family, const MethodInfo* method);"
37481980,System.Net.Sockets.TcpClient$$initialize,"void System_Net_Sockets_TcpClient__initialize (System_Net_Sockets_TcpClient_o* __this, const MethodInfo* method);"
37482092,System.Net.Sockets.TcpClient$$get_Client,"System_Net_Sockets_Socket_o* System_Net_Sockets_TcpClient__get_Client (System_Net_Sockets_TcpClient_o* __this, const MethodInfo* method);"
37482100,System.Net.Sockets.TcpClient$$set_Client,"void System_Net_Sockets_TcpClient__set_Client (System_Net_Sockets_TcpClient_o* __this, System_Net_Sockets_Socket_o* value, const MethodInfo* method);"
37482108,System.Net.Sockets.TcpClient$$Connect,"void System_Net_Sockets_TcpClient__Connect (System_Net_Sockets_TcpClient_o* __this, System_String_o* hostname, int32_t port, const MethodInfo* method);"
37483828,System.Net.Sockets.TcpClient$$Connect,"void System_Net_Sockets_TcpClient__Connect (System_Net_Sockets_TcpClient_o* __this, System_Net_IPEndPoint_o* remoteEP, const MethodInfo* method);"
37484092,System.Net.Sockets.TcpClient$$BeginConnect,"System_IAsyncResult_o* System_Net_Sockets_TcpClient__BeginConnect (System_Net_Sockets_TcpClient_o* __this, System_String_o* host, int32_t port, System_AsyncCallback_o* requestCallback, Il2CppObject* state, const MethodInfo* method);"
37484196,System.Net.Sockets.TcpClient$$EndConnect,"void System_Net_Sockets_TcpClient__EndConnect (System_Net_Sockets_TcpClient_o* __this, System_IAsyncResult_o* asyncResult, const MethodInfo* method);"
37484264,System.Net.Sockets.TcpClient$$ConnectAsync,"System_Threading_Tasks_Task_o* System_Net_Sockets_TcpClient__ConnectAsync (System_Net_Sockets_TcpClient_o* __this, System_String_o* host, int32_t port, const MethodInfo* method);"
37484628,System.Net.Sockets.TcpClient$$GetStream,"System_Net_Sockets_NetworkStream_o* System_Net_Sockets_TcpClient__GetStream (System_Net_Sockets_TcpClient_o* __this, const MethodInfo* method);"
37484960,System.Net.Sockets.TcpClient$$Dispose,"void System_Net_Sockets_TcpClient__Dispose (System_Net_Sockets_TcpClient_o* __this, bool disposing, const MethodInfo* method);"
37485384,System.Net.Sockets.TcpClient$$Dispose,"void System_Net_Sockets_TcpClient__Dispose (System_Net_Sockets_TcpClient_o* __this, const MethodInfo* method);"
37485400,System.Net.Sockets.TcpClient$$Finalize,"void System_Net_Sockets_TcpClient__Finalize (System_Net_Sockets_TcpClient_o* __this, const MethodInfo* method);"
37489656,System.Net.Sockets.SafeSocketHandle$$.ctor,"void System_Net_Sockets_SafeSocketHandle___ctor (System_Net_Sockets_SafeSocketHandle_o* __this, intptr_t preexistingHandle, bool ownsHandle, const MethodInfo* method);"
37489860,System.Net.Sockets.SafeSocketHandle$$ReleaseHandle,"bool System_Net_Sockets_SafeSocketHandle__ReleaseHandle (System_Net_Sockets_SafeSocketHandle_o* __this, const MethodInfo* method);"
37491344,System.Net.Sockets.SafeSocketHandle$$RegisterForBlockingSyscall,"void System_Net_Sockets_SafeSocketHandle__RegisterForBlockingSyscall (System_Net_Sockets_SafeSocketHandle_o* __this, const MethodInfo* method);"
37491672,System.Net.Sockets.SafeSocketHandle$$UnRegisterForBlockingSyscall,"void System_Net_Sockets_SafeSocketHandle__UnRegisterForBlockingSyscall (System_Net_Sockets_SafeSocketHandle_o* __this, const MethodInfo* method);"
37492168,System.Net.Sockets.SafeSocketHandle$$.cctor,void System_Net_Sockets_SafeSocketHandle___cctor (const MethodInfo* method);
37492316,System.Net.Sockets.SocketAsyncEventArgs$$get_AcceptSocket,"System_Net_Sockets_Socket_o* System_Net_Sockets_SocketAsyncEventArgs__get_AcceptSocket (System_Net_Sockets_SocketAsyncEventArgs_o* __this, const MethodInfo* method);"
37492324,System.Net.Sockets.SocketAsyncEventArgs$$set_AcceptSocket,"void System_Net_Sockets_SocketAsyncEventArgs__set_AcceptSocket (System_Net_Sockets_SocketAsyncEventArgs_o* __this, System_Net_Sockets_Socket_o* value, const MethodInfo* method);"
37492332,System.Net.Sockets.SocketAsyncEventArgs$$get_BytesTransferred,"int32_t System_Net_Sockets_SocketAsyncEventArgs__get_BytesTransferred (System_Net_Sockets_SocketAsyncEventArgs_o* __this, const MethodInfo* method);"
37492340,System.Net.Sockets.SocketAsyncEventArgs$$set_BytesTransferred,"void System_Net_Sockets_SocketAsyncEventArgs__set_BytesTransferred (System_Net_Sockets_SocketAsyncEventArgs_o* __this, int32_t value, const MethodInfo* method);"
37492348,System.Net.Sockets.SocketAsyncEventArgs$$set_LastOperation,"void System_Net_Sockets_SocketAsyncEventArgs__set_LastOperation (System_Net_Sockets_SocketAsyncEventArgs_o* __this, int32_t value, const MethodInfo* method);"
37492356,System.Net.Sockets.SocketAsyncEventArgs$$set_RemoteEndPoint,"void System_Net_Sockets_SocketAsyncEventArgs__set_RemoteEndPoint (System_Net_Sockets_SocketAsyncEventArgs_o* __this, System_Net_EndPoint_o* value, const MethodInfo* method);"
37492364,System.Net.Sockets.SocketAsyncEventArgs$$get_SocketError,"int32_t System_Net_Sockets_SocketAsyncEventArgs__get_SocketError (System_Net_Sockets_SocketAsyncEventArgs_o* __this, const MethodInfo* method);"
37492372,System.Net.Sockets.SocketAsyncEventArgs$$set_SocketError,"void System_Net_Sockets_SocketAsyncEventArgs__set_SocketError (System_Net_Sockets_SocketAsyncEventArgs_o* __this, int32_t value, const MethodInfo* method);"
37492380,System.Net.Sockets.SocketAsyncEventArgs$$set_SocketFlags,"void System_Net_Sockets_SocketAsyncEventArgs__set_SocketFlags (System_Net_Sockets_SocketAsyncEventArgs_o* __this, int32_t value, const MethodInfo* method);"
37492388,System.Net.Sockets.SocketAsyncEventArgs$$get_UserToken,"Il2CppObject* System_Net_Sockets_SocketAsyncEventArgs__get_UserToken (System_Net_Sockets_SocketAsyncEventArgs_o* __this, const MethodInfo* method);"
37492396,System.Net.Sockets.SocketAsyncEventArgs$$set_UserToken,"void System_Net_Sockets_SocketAsyncEventArgs__set_UserToken (System_Net_Sockets_SocketAsyncEventArgs_o* __this, Il2CppObject* value, const MethodInfo* method);"
37492404,System.Net.Sockets.SocketAsyncEventArgs$$.ctor,"void System_Net_Sockets_SocketAsyncEventArgs___ctor (System_Net_Sockets_SocketAsyncEventArgs_o* __this, bool flowExecutionContext, const MethodInfo* method);"
37492544,System.Net.Sockets.SocketAsyncResult$$.ctor,"void System_Net_Sockets_SocketAsyncResult___ctor (System_Net_Sockets_SocketAsyncResult_o* __this, const MethodInfo* method);"
37492552,System.Net.Sockets.SocketAsyncEventArgs$$Finalize,"void System_Net_Sockets_SocketAsyncEventArgs__Finalize (System_Net_Sockets_SocketAsyncEventArgs_o* __this, const MethodInfo* method);"
37492568,System.Net.Sockets.SocketAsyncEventArgs$$Dispose,"void System_Net_Sockets_SocketAsyncEventArgs__Dispose (System_Net_Sockets_SocketAsyncEventArgs_o* __this, bool disposing, const MethodInfo* method);"
37492588,System.Net.Sockets.SocketAsyncEventArgs$$Dispose,"void System_Net_Sockets_SocketAsyncEventArgs__Dispose (System_Net_Sockets_SocketAsyncEventArgs_o* __this, const MethodInfo* method);"
37492688,System.Net.Sockets.SocketAsyncEventArgs$$SetBytesTransferred,"void System_Net_Sockets_SocketAsyncEventArgs__SetBytesTransferred (System_Net_Sockets_SocketAsyncEventArgs_o* __this, int32_t value, const MethodInfo* method);"
37492696,System.Net.Sockets.SocketAsyncEventArgs$$get_CurrentSocket,"System_Net_Sockets_Socket_o* System_Net_Sockets_SocketAsyncEventArgs__get_CurrentSocket (System_Net_Sockets_SocketAsyncEventArgs_o* __this, const MethodInfo* method);"
37492704,System.Net.Sockets.SocketAsyncEventArgs$$SetCurrentSocket,"void System_Net_Sockets_SocketAsyncEventArgs__SetCurrentSocket (System_Net_Sockets_SocketAsyncEventArgs_o* __this, System_Net_Sockets_Socket_o* socket, const MethodInfo* method);"
37492712,System.Net.Sockets.SocketAsyncEventArgs$$SetLastOperation,"void System_Net_Sockets_SocketAsyncEventArgs__SetLastOperation (System_Net_Sockets_SocketAsyncEventArgs_o* __this, int32_t op, const MethodInfo* method);"
37492912,System.Net.Sockets.SocketAsyncEventArgs$$Complete_internal,"void System_Net_Sockets_SocketAsyncEventArgs__Complete_internal (System_Net_Sockets_SocketAsyncEventArgs_o* __this, const MethodInfo* method);"
37492952,System.Net.Sockets.SocketAsyncEventArgs$$OnCompleted,"void System_Net_Sockets_SocketAsyncEventArgs__OnCompleted (System_Net_Sockets_SocketAsyncEventArgs_o* __this, System_Net_Sockets_SocketAsyncEventArgs_o* e, const MethodInfo* method);"
37492992,System.Net.Sockets.SocketAsyncEventArgs$$get_MemoryBuffer,"System_Memory_byte__o System_Net_Sockets_SocketAsyncEventArgs__get_MemoryBuffer (System_Net_Sockets_SocketAsyncEventArgs_o* __this, const MethodInfo* method);"
37493004,System.Net.Sockets.SocketAsyncEventArgs$$get_Offset,"int32_t System_Net_Sockets_SocketAsyncEventArgs__get_Offset (System_Net_Sockets_SocketAsyncEventArgs_o* __this, const MethodInfo* method);"
37493012,System.Net.Sockets.SocketAsyncEventArgs$$get_Count,"int32_t System_Net_Sockets_SocketAsyncEventArgs__get_Count (System_Net_Sockets_SocketAsyncEventArgs_o* __this, const MethodInfo* method);"
37493020,System.Net.Sockets.SocketAsyncEventArgs$$get_BufferList,"System_Collections_Generic_IList_ArraySegment_byte___o* System_Net_Sockets_SocketAsyncEventArgs__get_BufferList (System_Net_Sockets_SocketAsyncEventArgs_o* __this, const MethodInfo* method);"
37493028,System.Net.Sockets.SocketAsyncEventArgs$$SetBuffer,"void System_Net_Sockets_SocketAsyncEventArgs__SetBuffer (System_Net_Sockets_SocketAsyncEventArgs_o* __this, System_Memory_byte__o buffer, const MethodInfo* method);"
37493272,System.Net.Sockets.SocketAsyncResult$$get_Handle,"intptr_t System_Net_Sockets_SocketAsyncResult__get_Handle (System_Net_Sockets_SocketAsyncResult_o* __this, const MethodInfo* method);"
37493372,System.Net.Sockets.SocketAsyncResult$$Init,"void System_Net_Sockets_SocketAsyncResult__Init (System_Net_Sockets_SocketAsyncResult_o* __this, System_Net_Sockets_Socket_o* socket, System_AsyncCallback_o* callback, Il2CppObject* state, int32_t operation, const MethodInfo* method);"
37493552,System.Net.Sockets.SocketAsyncResult$$.ctor,"void System_Net_Sockets_SocketAsyncResult___ctor (System_Net_Sockets_SocketAsyncResult_o* __this, System_Net_Sockets_Socket_o* socket, System_AsyncCallback_o* callback, Il2CppObject* state, int32_t operation, const MethodInfo* method);"
37493608,System.Net.Sockets.SocketAsyncResult$$get_ErrorCode,"int32_t System_Net_Sockets_SocketAsyncResult__get_ErrorCode (System_Net_Sockets_SocketAsyncResult_o* __this, const MethodInfo* method);"
37493744,System.Net.Sockets.SocketAsyncResult$$CheckIfThrowDelayedException,"void System_Net_Sockets_SocketAsyncResult__CheckIfThrowDelayedException (System_Net_Sockets_SocketAsyncResult_o* __this, const MethodInfo* method);"
37493916,System.Net.Sockets.SocketAsyncResult$$CompleteDisposed,"void System_Net_Sockets_SocketAsyncResult__CompleteDisposed (System_Net_Sockets_SocketAsyncResult_o* __this, const MethodInfo* method);"
37493920,System.Net.Sockets.SocketAsyncResult$$Complete,"void System_Net_Sockets_SocketAsyncResult__Complete (System_Net_Sockets_SocketAsyncResult_o* __this, const MethodInfo* method);"
37494416,System.Net.Sockets.SocketAsyncResult$$Complete,"void System_Net_Sockets_SocketAsyncResult__Complete (System_Net_Sockets_SocketAsyncResult_o* __this, bool synch, const MethodInfo* method);"
37494428,System.Net.Sockets.SocketAsyncResult$$Complete,"void System_Net_Sockets_SocketAsyncResult__Complete (System_Net_Sockets_SocketAsyncResult_o* __this, int32_t total, const MethodInfo* method);"
37494436,System.Net.Sockets.SocketAsyncResult$$Complete,"void System_Net_Sockets_SocketAsyncResult__Complete (System_Net_Sockets_SocketAsyncResult_o* __this, System_Exception_o* e, bool synch, const MethodInfo* method);"
37494452,System.Net.Sockets.SocketAsyncResult$$Complete,"void System_Net_Sockets_SocketAsyncResult__Complete (System_Net_Sockets_SocketAsyncResult_o* __this, System_Exception_o* e, const MethodInfo* method);"
37494460,System.Net.Sockets.SocketAsyncResult$$Complete,"void System_Net_Sockets_SocketAsyncResult__Complete (System_Net_Sockets_SocketAsyncResult_o* __this, System_Net_Sockets_Socket_o* s, const MethodInfo* method);"
37494468,System.Net.Sockets.SocketAsyncResult$$Complete,"void System_Net_Sockets_SocketAsyncResult__Complete (System_Net_Sockets_SocketAsyncResult_o* __this, System_Net_Sockets_Socket_o* s, int32_t total, const MethodInfo* method);"
37494480,System.Net.Sockets.SocketAsyncResult.<>c$$.cctor,void System_Net_Sockets_SocketAsyncResult___c___cctor (const MethodInfo* method);
37494580,System.Net.Sockets.SocketAsyncResult.<>c$$.ctor,"void System_Net_Sockets_SocketAsyncResult___c___ctor (System_Net_Sockets_SocketAsyncResult___c_o* __this, const MethodInfo* method);"
37494588,System.Net.Sockets.SocketAsyncResult.<>c$$<Complete>b__27_0,"void System_Net_Sockets_SocketAsyncResult___c___Complete_b__27_0 (System_Net_Sockets_SocketAsyncResult___c_o* __this, Il2CppObject* state, const MethodInfo* method);"
37494708,System.Net.WebSockets.ManagedWebSocket$$CreateFromConnectedStream,"System_Net_WebSockets_ManagedWebSocket_o* System_Net_WebSockets_ManagedWebSocket__CreateFromConnectedStream (System_IO_Stream_o* stream, bool isServer, System_String_o* subprotocol, System_TimeSpan_o keepAliveInterval, const MethodInfo* method);"
37494844,System.Net.WebSockets.ManagedWebSocket$$.ctor,"void System_Net_WebSockets_ManagedWebSocket___ctor (System_Net_WebSockets_ManagedWebSocket_o* __this, System_IO_Stream_o* stream, bool isServer, System_String_o* subprotocol, System_TimeSpan_o keepAliveInterval, const MethodInfo* method);"
37495836,System.Net.WebSockets.ManagedWebSocket$$get_StateUpdateLock,"Il2CppObject* System_Net_WebSockets_ManagedWebSocket__get_StateUpdateLock (System_Net_WebSockets_ManagedWebSocket_o* __this, const MethodInfo* method);"
37495844,System.Net.WebSockets.ManagedWebSocket$$get_ReceiveAsyncLock,"Il2CppObject* System_Net_WebSockets_ManagedWebSocket__get_ReceiveAsyncLock (System_Net_WebSockets_ManagedWebSocket_o* __this, const MethodInfo* method);"
37495852,System.Net.WebSockets.ManagedWebSocket.Utf8MessageState$$.ctor,"void System_Net_WebSockets_ManagedWebSocket_Utf8MessageState___ctor (System_Net_WebSockets_ManagedWebSocket_Utf8MessageState_o* __this, const MethodInfo* method);"
37495860,System.Net.WebSockets.WebSocket$$.ctor,"void System_Net_WebSockets_WebSocket___ctor (System_Net_WebSockets_WebSocket_o* __this, const MethodInfo* method);"
37495868,System.Net.WebSockets.ManagedWebSocket$$Dispose,"void System_Net_WebSockets_ManagedWebSocket__Dispose (System_Net_WebSockets_ManagedWebSocket_o* __this, const MethodInfo* method);"
37496056,System.Net.WebSockets.ManagedWebSocket$$DisposeCore,"void System_Net_WebSockets_ManagedWebSocket__DisposeCore (System_Net_WebSockets_ManagedWebSocket_o* __this, const MethodInfo* method);"
37496140,System.Net.WebSockets.ManagedWebSocket$$get_State,"int32_t System_Net_WebSockets_ManagedWebSocket__get_State (System_Net_WebSockets_ManagedWebSocket_o* __this, const MethodInfo* method);"
37496148,System.Net.WebSockets.ManagedWebSocket$$SendAsync,"System_Threading_Tasks_Task_o* System_Net_WebSockets_ManagedWebSocket__SendAsync (System_Net_WebSockets_ManagedWebSocket_o* __this, System_ArraySegment_byte__o buffer, int32_t messageType, bool endOfMessage, System_Threading_CancellationToken_o cancellationToken, const MethodInfo* method);"
37496848,System.Net.WebSockets.WebSocketValidate$$ValidateArraySegment,"void System_Net_WebSockets_WebSocketValidate__ValidateArraySegment (System_ArraySegment_byte__o arraySegment, System_String_o* parameterName, const MethodInfo* method);"
37497272,System.Net.WebSockets.ManagedWebSocket$$SendPrivateAsync,"System_Threading_Tasks_ValueTask_o System_Net_WebSockets_ManagedWebSocket__SendPrivateAsync (System_Net_WebSockets_ManagedWebSocket_o* __this, System_ReadOnlyMemory_byte__o buffer, int32_t messageType, bool endOfMessage, System_Threading_CancellationToken_o cancellationToken, const MethodInfo* method);"
37498116,System.Net.WebSockets.WebSocketValidate$$ThrowIfInvalidState,"void System_Net_WebSockets_WebSocketValidate__ThrowIfInvalidState (int32_t currentState, bool isDisposed, System_Net_WebSockets_WebSocketState_array* validStates, const MethodInfo* method);"
37498524,System.Net.WebSockets.ManagedWebSocket$$SendFrameAsync,"System_Threading_Tasks_ValueTask_o System_Net_WebSockets_ManagedWebSocket__SendFrameAsync (System_Net_WebSockets_ManagedWebSocket_o* __this, uint8_t opcode, bool endOfMessage, System_ReadOnlyMemory_byte__o payloadBuffer, System_Threading_CancellationToken_o cancellationToken, const MethodInfo* method);"
37498780,System.Net.WebSockets.ManagedWebSocket$$ReceiveAsync,"System_Threading_Tasks_Task_WebSocketReceiveResult__o* System_Net_WebSockets_ManagedWebSocket__ReceiveAsync (System_Net_WebSockets_ManagedWebSocket_o* __this, System_ArraySegment_byte__o buffer, System_Threading_CancellationToken_o cancellationToken, const MethodInfo* method);"
37499604,System.Net.WebSockets.ManagedWebSocket$$ThrowIfOperationInProgress,"void System_Net_WebSockets_ManagedWebSocket__ThrowIfOperationInProgress (System_Net_WebSockets_ManagedWebSocket_o* __this, bool operationCompleted, System_String_o* methodName, const MethodInfo* method);"
37499640,System.Net.WebSockets.ManagedWebSocket$$CloseOutputAsync,"System_Threading_Tasks_Task_o* System_Net_WebSockets_ManagedWebSocket__CloseOutputAsync (System_Net_WebSockets_ManagedWebSocket_o* __this, int32_t closeStatus, System_String_o* statusDescription, System_Threading_CancellationToken_o cancellationToken, const MethodInfo* method);"
37499980,System.Net.WebSockets.WebSocketValidate$$ValidateCloseStatus,"void System_Net_WebSockets_WebSocketValidate__ValidateCloseStatus (int32_t closeStatus, System_String_o* statusDescription, const MethodInfo* method);"
37500400,System.Net.WebSockets.ManagedWebSocket$$SendCloseFrameAsync,"System_Threading_Tasks_Task_o* System_Net_WebSockets_ManagedWebSocket__SendCloseFrameAsync (System_Net_WebSockets_ManagedWebSocket_o* __this, int32_t closeStatus, System_String_o* closeStatusDescription, System_Threading_CancellationToken_o cancellationToken, const MethodInfo* method);"
37500648,System.Net.WebSockets.ManagedWebSocket$$Abort,"void System_Net_WebSockets_ManagedWebSocket__Abort (System_Net_WebSockets_ManagedWebSocket_o* __this, const MethodInfo* method);"
37500696,System.Net.WebSockets.ManagedWebSocket$$SendFrameLockAcquiredNonCancelableAsync,"System_Threading_Tasks_ValueTask_o System_Net_WebSockets_ManagedWebSocket__SendFrameLockAcquiredNonCancelableAsync (System_Net_WebSockets_ManagedWebSocket_o* __this, uint8_t opcode, bool endOfMessage, System_ReadOnlyMemory_byte__o payloadBuffer, const MethodInfo* method);"
37501940,System.Net.WebSockets.ManagedWebSocket$$SendFrameFallbackAsync,"System_Threading_Tasks_Task_o* System_Net_WebSockets_ManagedWebSocket__SendFrameFallbackAsync (System_Net_WebSockets_ManagedWebSocket_o* __this, uint8_t opcode, bool endOfMessage, System_ReadOnlyMemory_byte__o payloadBuffer, System_Threading_CancellationToken_o cancellationToken, const MethodInfo* method);"
37502228,System.Net.WebSockets.ManagedWebSocket$$WriteFrameToSendBuffer,"int32_t System_Net_WebSockets_ManagedWebSocket__WriteFrameToSendBuffer (System_Net_WebSockets_ManagedWebSocket_o* __this, uint8_t opcode, bool endOfMessage, System_ReadOnlySpan_byte__o payloadBuffer, const MethodInfo* method);"
37502912,System.Net.WebSockets.WebSocketException$$.ctor,"void System_Net_WebSockets_WebSocketException___ctor (System_Net_WebSockets_WebSocketException_o* __this, int32_t error, System_Exception_o* innerException, const MethodInfo* method);"
37502976,System.Net.WebSockets.ManagedWebSocket$$CreateOperationCanceledException,"System_Exception_o* System_Net_WebSockets_ManagedWebSocket__CreateOperationCanceledException (System_Exception_o* innerException, System_Threading_CancellationToken_o cancellationToken, const MethodInfo* method);"
37503144,System.Net.WebSockets.ManagedWebSocket$$WaitForWriteTaskAsync,"System_Threading_Tasks_Task_o* System_Net_WebSockets_ManagedWebSocket__WaitForWriteTaskAsync (System_Net_WebSockets_ManagedWebSocket_o* __this, System_Threading_Tasks_ValueTask_o writeTask, const MethodInfo* method);"
37503372,System.Net.WebSockets.ManagedWebSocket$$AllocateSendBuffer,"void System_Net_WebSockets_ManagedWebSocket__AllocateSendBuffer (System_Net_WebSockets_ManagedWebSocket_o* __this, int32_t minLength, const MethodInfo* method);"
37503608,System.Net.WebSockets.ManagedWebSocket$$WriteHeader,"int32_t System_Net_WebSockets_ManagedWebSocket__WriteHeader (uint8_t opcode, System_Byte_array* sendBuffer, System_ReadOnlySpan_byte__o payload, bool endOfMessage, bool useMask, const MethodInfo* method);"
37503992,System.Net.WebSockets.ManagedWebSocket$$ApplyMask,"int32_t System_Net_WebSockets_ManagedWebSocket__ApplyMask (System_Span_byte__o toMask, System_Byte_array* mask, int32_t maskOffset, int32_t maskOffsetIndex, const MethodInfo* method);"
37504184,System.Net.WebSockets.ManagedWebSocket$$SendKeepAliveFrameAsync,"void System_Net_WebSockets_ManagedWebSocket__SendKeepAliveFrameAsync (System_Net_WebSockets_ManagedWebSocket_o* __this, const MethodInfo* method);"
37505336,System.Net.WebSockets.ManagedWebSocket$$WriteRandomMask,"void System_Net_WebSockets_ManagedWebSocket__WriteRandomMask (System_Byte_array* buffer, int32_t offset, const MethodInfo* method);"
37505468,System.Net.WebSockets.ManagedWebSocket$$HandleReceivedCloseAsync,"System_Threading_Tasks_Task_o* System_Net_WebSockets_ManagedWebSocket__HandleReceivedCloseAsync (System_Net_WebSockets_ManagedWebSocket_o* __this, System_Net_WebSockets_ManagedWebSocket_MessageHeader_o header, System_Threading_CancellationToken_o cancellationToken, const MethodInfo* method);"
37505712,System.Net.WebSockets.ManagedWebSocket$$WaitForServerToCloseConnectionAsync,"System_Threading_Tasks_Task_o* System_Net_WebSockets_ManagedWebSocket__WaitForServerToCloseConnectionAsync (System_Net_WebSockets_ManagedWebSocket_o* __this, System_Threading_CancellationToken_o cancellationToken, const MethodInfo* method);"
37505932,System.Net.WebSockets.ManagedWebSocket$$HandleReceivedPingPongAsync,"System_Threading_Tasks_Task_o* System_Net_WebSockets_ManagedWebSocket__HandleReceivedPingPongAsync (System_Net_WebSockets_ManagedWebSocket_o* __this, System_Net_WebSockets_ManagedWebSocket_MessageHeader_o header, System_Threading_CancellationToken_o cancellationToken, const MethodInfo* method);"
37506176,System.Net.WebSockets.ManagedWebSocket$$IsValidCloseStatus,"bool System_Net_WebSockets_ManagedWebSocket__IsValidCloseStatus (int32_t closeStatus, const MethodInfo* method);"
37506244,System.Net.WebSockets.ManagedWebSocket$$CloseWithReceiveErrorAndThrowAsync,"System_Threading_Tasks_Task_o* System_Net_WebSockets_ManagedWebSocket__CloseWithReceiveErrorAndThrowAsync (System_Net_WebSockets_ManagedWebSocket_o* __this, int32_t closeStatus, int32_t error, System_Exception_o* innerException, const MethodInfo* method);"
37506488,System.Net.WebSockets.ManagedWebSocket$$TryParseMessageHeaderFromReceiveBuffer,"bool System_Net_WebSockets_ManagedWebSocket__TryParseMessageHeaderFromReceiveBuffer (System_Net_WebSockets_ManagedWebSocket_o* __this, System_Net_WebSockets_ManagedWebSocket_MessageHeader_o* resultHeader, const MethodInfo* method);"
37507076,System.Net.WebSockets.ManagedWebSocket$$ConsumeFromBuffer,"void System_Net_WebSockets_ManagedWebSocket__ConsumeFromBuffer (System_Net_WebSockets_ManagedWebSocket_o* __this, int32_t count, const MethodInfo* method);"
37507096,System.Net.WebSockets.ManagedWebSocket$$CombineMaskBytes,"int32_t System_Net_WebSockets_ManagedWebSocket__CombineMaskBytes (System_Span_byte__o buffer, int32_t maskOffset, const MethodInfo* method);"
37507308,System.Net.WebSockets.ManagedWebSocket$$EnsureBufferContainsAsync,"System_Threading_Tasks_Task_o* System_Net_WebSockets_ManagedWebSocket__EnsureBufferContainsAsync (System_Net_WebSockets_ManagedWebSocket_o* __this, int32_t minimumRequiredBytes, System_Threading_CancellationToken_o cancellationToken, bool throwOnPrematureClosure, const MethodInfo* method);"
37507556,System.Net.WebSockets.ManagedWebSocket$$ThrowIfEOFUnexpected,"void System_Net_WebSockets_ManagedWebSocket__ThrowIfEOFUnexpected (System_Net_WebSockets_ManagedWebSocket_o* __this, bool throwOnPrematureClosure, const MethodInfo* method);"
37507696,System.Net.WebSockets.WebSocketException$$.ctor,"void System_Net_WebSockets_WebSocketException___ctor (System_Net_WebSockets_WebSocketException_o* __this, int32_t error, const MethodInfo* method);"
37507752,System.Net.WebSockets.ManagedWebSocket$$ReleaseSendBuffer,"void System_Net_WebSockets_ManagedWebSocket__ReleaseSendBuffer (System_Net_WebSockets_ManagedWebSocket_o* __this, const MethodInfo* method);"
37507996,System.Net.WebSockets.ManagedWebSocket$$ApplyMask,"int32_t System_Net_WebSockets_ManagedWebSocket__ApplyMask (System_Span_byte__o toMask, int32_t mask, int32_t maskIndex, const MethodInfo* method);"
37508256,System.Net.WebSockets.ManagedWebSocket$$ThrowOperationInProgress,"void System_Net_WebSockets_ManagedWebSocket__ThrowOperationInProgress (System_Net_WebSockets_ManagedWebSocket_o* __this, System_String_o* methodName, const MethodInfo* method);"
37508360,System.Net.WebSockets.ManagedWebSocket$$TryValidateUtf8,"bool System_Net_WebSockets_ManagedWebSocket__TryValidateUtf8 (System_Span_byte__o span, bool endOfMessage, System_Net_WebSockets_ManagedWebSocket_Utf8MessageState_o* state, const MethodInfo* method);"
37508844,System.Net.WebSockets.ManagedWebSocket$$.cctor,void System_Net_WebSockets_ManagedWebSocket___cctor (const MethodInfo* method);
37509416,System.Net.WebSockets.WebSocketReceiveResult$$.ctor,"void System_Net_WebSockets_WebSocketReceiveResult___ctor (System_Net_WebSockets_WebSocketReceiveResult_o* __this, int32_t count, int32_t messageType, bool endOfMessage, const MethodInfo* method);"
37509432,System.Net.WebSockets.ManagedWebSocket.WebSocketReceiveResultGetter$$GetResult,"System_Net_WebSockets_WebSocketReceiveResult_o* System_Net_WebSockets_ManagedWebSocket_WebSocketReceiveResultGetter__GetResult (System_Net_WebSockets_ManagedWebSocket_WebSocketReceiveResultGetter_o __this, int32_t count, int32_t messageType, bool endOfMessage, System_Nullable_WebSocketCloseStatus__o closeStatus, System_String_o* closeDescription, const MethodInfo* method);"
37509576,System.Net.WebSockets.WebSocketReceiveResult$$.ctor,"void System_Net_WebSockets_WebSocketReceiveResult___ctor (System_Net_WebSockets_WebSocketReceiveResult_o* __this, int32_t count, int32_t messageType, bool endOfMessage, System_Nullable_WebSocketCloseStatus__o closeStatus, System_String_o* closeStatusDescription, const MethodInfo* method);"
37509748,System.Net.WebSockets.ManagedWebSocket.<>c$$.cctor,void System_Net_WebSockets_ManagedWebSocket___c___cctor (const MethodInfo* method);
37509848,System.Net.WebSockets.ManagedWebSocket.<>c$$.ctor,"void System_Net_WebSockets_ManagedWebSocket___c___ctor (System_Net_WebSockets_ManagedWebSocket___c_o* __this, const MethodInfo* method);"
37509856,System.Net.WebSockets.ManagedWebSocket.<>c$$<.ctor>b__36_0,"void System_Net_WebSockets_ManagedWebSocket___c____ctor_b__36_0 (System_Net_WebSockets_ManagedWebSocket___c_o* __this, Il2CppObject* s, const MethodInfo* method);"
37510152,System.Net.WebSockets.ManagedWebSocket.<>c$$<.ctor>b__36_1,"void System_Net_WebSockets_ManagedWebSocket___c____ctor_b__36_1 (System_Net_WebSockets_ManagedWebSocket___c_o* __this, Il2CppObject* s, const MethodInfo* method);"
37510248,System.Net.WebSockets.ManagedWebSocket.<>c$$<SendFrameFallbackAsync>b__56_0,"void System_Net_WebSockets_ManagedWebSocket___c___SendFrameFallbackAsync_b__56_0 (System_Net_WebSockets_ManagedWebSocket___c_o* __this, Il2CppObject* s, const MethodInfo* method);"
37510364,System.Net.WebSockets.ManagedWebSocket.<>c$$<SendKeepAliveFrameAsync>b__58_0,"void System_Net_WebSockets_ManagedWebSocket___c___SendKeepAliveFrameAsync_b__58_0 (System_Net_WebSockets_ManagedWebSocket___c_o* __this, System_Threading_Tasks_Task_o* p, const MethodInfo* method);"
37510388,System.Net.WebSockets.ManagedWebSocket.<>c$$<WaitForServerToCloseConnectionAsync>b__63_0,"void System_Net_WebSockets_ManagedWebSocket___c___WaitForServerToCloseConnectionAsync_b__63_0 (System_Net_WebSockets_ManagedWebSocket___c_o* __this, Il2CppObject* s, const MethodInfo* method);"
37510504,System.Net.WebSockets.ManagedWebSocket.<WaitForWriteTaskAsync>d__55$$MoveNext,"void System_Net_WebSockets_ManagedWebSocket__WaitForWriteTaskAsync_d__55__MoveNext (System_Net_WebSockets_ManagedWebSocket__WaitForWriteTaskAsync_d__55_o __this, const MethodInfo* method);"
37512148,System.Net.WebSockets.ManagedWebSocket.<WaitForWriteTaskAsync>d__55$$SetStateMachine,"void System_Net_WebSockets_ManagedWebSocket__WaitForWriteTaskAsync_d__55__SetStateMachine (System_Net_WebSockets_ManagedWebSocket__WaitForWriteTaskAsync_d__55_o __this, System_Runtime_CompilerServices_IAsyncStateMachine_o* stateMachine, const MethodInfo* method);"
37512256,System.Net.WebSockets.ManagedWebSocket.<SendFrameFallbackAsync>d__56$$MoveNext,"void System_Net_WebSockets_ManagedWebSocket__SendFrameFallbackAsync_d__56__MoveNext (System_Net_WebSockets_ManagedWebSocket__SendFrameFallbackAsync_d__56_o __this, const MethodInfo* method);"
37514812,System.Net.WebSockets.ManagedWebSocket.<SendFrameFallbackAsync>d__56$$SetStateMachine,"void System_Net_WebSockets_ManagedWebSocket__SendFrameFallbackAsync_d__56__SetStateMachine (System_Net_WebSockets_ManagedWebSocket__SendFrameFallbackAsync_d__56_o __this, System_Runtime_CompilerServices_IAsyncStateMachine_o* stateMachine, const MethodInfo* method);"
37514920,System.Net.WebSockets.ManagedWebSocket.<HandleReceivedCloseAsync>d__62$$MoveNext,"void System_Net_WebSockets_ManagedWebSocket__HandleReceivedCloseAsync_d__62__MoveNext (System_Net_WebSockets_ManagedWebSocket__HandleReceivedCloseAsync_d__62_o __this, const MethodInfo* method);"
37517332,System.Net.WebSockets.ManagedWebSocket.<HandleReceivedCloseAsync>d__62$$SetStateMachine,"void System_Net_WebSockets_ManagedWebSocket__HandleReceivedCloseAsync_d__62__SetStateMachine (System_Net_WebSockets_ManagedWebSocket__HandleReceivedCloseAsync_d__62_o __this, System_Runtime_CompilerServices_IAsyncStateMachine_o* stateMachine, const MethodInfo* method);"
37517440,System.Net.WebSockets.ManagedWebSocket.<WaitForServerToCloseConnectionAsync>d__63$$MoveNext,"void System_Net_WebSockets_ManagedWebSocket__WaitForServerToCloseConnectionAsync_d__63__MoveNext (System_Net_WebSockets_ManagedWebSocket__WaitForServerToCloseConnectionAsync_d__63_o __this, const MethodInfo* method);"
37519216,System.Net.WebSockets.ManagedWebSocket.<WaitForServerToCloseConnectionAsync>d__63$$SetStateMachine,"void System_Net_WebSockets_ManagedWebSocket__WaitForServerToCloseConnectionAsync_d__63__SetStateMachine (System_Net_WebSockets_ManagedWebSocket__WaitForServerToCloseConnectionAsync_d__63_o __this, System_Runtime_CompilerServices_IAsyncStateMachine_o* stateMachine, const MethodInfo* method);"
37519324,System.Net.WebSockets.ManagedWebSocket.<HandleReceivedPingPongAsync>d__64$$MoveNext,"void System_Net_WebSockets_ManagedWebSocket__HandleReceivedPingPongAsync_d__64__MoveNext (System_Net_WebSockets_ManagedWebSocket__HandleReceivedPingPongAsync_d__64_o __this, const MethodInfo* method);"
37521008,System.Net.WebSockets.ManagedWebSocket.<HandleReceivedPingPongAsync>d__64$$SetStateMachine,"void System_Net_WebSockets_ManagedWebSocket__HandleReceivedPingPongAsync_d__64__SetStateMachine (System_Net_WebSockets_ManagedWebSocket__HandleReceivedPingPongAsync_d__64_o __this, System_Runtime_CompilerServices_IAsyncStateMachine_o* stateMachine, const MethodInfo* method);"
37521116,System.Net.WebSockets.ManagedWebSocket.<CloseWithReceiveErrorAndThrowAsync>d__66$$MoveNext,"void System_Net_WebSockets_ManagedWebSocket__CloseWithReceiveErrorAndThrowAsync_d__66__MoveNext (System_Net_WebSockets_ManagedWebSocket__CloseWithReceiveErrorAndThrowAsync_d__66_o __this, const MethodInfo* method);"
37521720,System.Net.WebSockets.ManagedWebSocket.<CloseWithReceiveErrorAndThrowAsync>d__66$$SetStateMachine,"void System_Net_WebSockets_ManagedWebSocket__CloseWithReceiveErrorAndThrowAsync_d__66__SetStateMachine (System_Net_WebSockets_ManagedWebSocket__CloseWithReceiveErrorAndThrowAsync_d__66_o __this, System_Runtime_CompilerServices_IAsyncStateMachine_o* stateMachine, const MethodInfo* method);"
37521828,System.Net.WebSockets.ManagedWebSocket.<SendCloseFrameAsync>d__69$$MoveNext,"void System_Net_WebSockets_ManagedWebSocket__SendCloseFrameAsync_d__69__MoveNext (System_Net_WebSockets_ManagedWebSocket__SendCloseFrameAsync_d__69_o __this, const MethodInfo* method);"
37524320,System.Net.WebSockets.ManagedWebSocket.<SendCloseFrameAsync>d__69$$SetStateMachine,"void System_Net_WebSockets_ManagedWebSocket__SendCloseFrameAsync_d__69__SetStateMachine (System_Net_WebSockets_ManagedWebSocket__SendCloseFrameAsync_d__69_o __this, System_Runtime_CompilerServices_IAsyncStateMachine_o* stateMachine, const MethodInfo* method);"
37524428,System.Net.WebSockets.ManagedWebSocket.<EnsureBufferContainsAsync>d__71$$MoveNext,"void System_Net_WebSockets_ManagedWebSocket__EnsureBufferContainsAsync_d__71__MoveNext (System_Net_WebSockets_ManagedWebSocket__EnsureBufferContainsAsync_d__71_o __this, const MethodInfo* method);"
37525612,System.Net.WebSockets.ManagedWebSocket.<EnsureBufferContainsAsync>d__71$$SetStateMachine,"void System_Net_WebSockets_ManagedWebSocket__EnsureBufferContainsAsync_d__71__SetStateMachine (System_Net_WebSockets_ManagedWebSocket__EnsureBufferContainsAsync_d__71_o __this, System_Runtime_CompilerServices_IAsyncStateMachine_o* stateMachine, const MethodInfo* method);"
37525720,System.Net.WebSockets.WebSocketException$$.ctor,"void System_Net_WebSockets_WebSocketException___ctor (System_Net_WebSockets_WebSocketException_o* __this, int32_t error, System_String_o* message, const MethodInfo* method);"
37525764,System.Net.WebSockets.WebSocketValidate$$ValidateSubprotocol,"void System_Net_WebSockets_WebSocketValidate__ValidateSubprotocol (System_String_o* subProtocol, const MethodInfo* method);"
37526420,System.Net.WebSockets.ClientWebSocket$$.ctor,"void System_Net_WebSockets_ClientWebSocket___ctor (System_Net_WebSockets_ClientWebSocket_o* __this, const MethodInfo* method);"
37526872,System.Net.WebSockets.WebSocketHandle$$CheckPlatformSupport,void System_Net_WebSockets_WebSocketHandle__CheckPlatformSupport (const MethodInfo* method);
37526876,System.Net.WebSockets.ClientWebSocketOptions$$.ctor,"void System_Net_WebSockets_ClientWebSocketOptions___ctor (System_Net_WebSockets_ClientWebSocketOptions_o* __this, const MethodInfo* method);"
37527068,System.Net.WebSockets.ClientWebSocketOptions$$set_Proxy,"void System_Net_WebSockets_ClientWebSocketOptions__set_Proxy (System_Net_WebSockets_ClientWebSocketOptions_o* __this, System_Net_IWebProxy_o* value, const MethodInfo* method);"
37527104,System.Net.WebSockets.ClientWebSocket$$get_Options,"System_Net_WebSockets_ClientWebSocketOptions_o* System_Net_WebSockets_ClientWebSocket__get_Options (System_Net_WebSockets_ClientWebSocket_o* __this, const MethodInfo* method);"
37527112,System.Net.WebSockets.ClientWebSocket$$get_State,"int32_t System_Net_WebSockets_ClientWebSocket__get_State (System_Net_WebSockets_ClientWebSocket_o* __this, const MethodInfo* method);"
37527280,System.Net.WebSockets.WebSocketHandle$$IsValid,"bool System_Net_WebSockets_WebSocketHandle__IsValid (System_Net_WebSockets_WebSocketHandle_o* handle, const MethodInfo* method);"
37527292,System.Net.WebSockets.WebSocketHandle$$get_State,"int32_t System_Net_WebSockets_WebSocketHandle__get_State (System_Net_WebSockets_WebSocketHandle_o* __this, const MethodInfo* method);"
37527324,System.Net.WebSockets.ClientWebSocket$$ConnectAsync,"System_Threading_Tasks_Task_o* System_Net_WebSockets_ClientWebSocket__ConnectAsync (System_Net_WebSockets_ClientWebSocket_o* __this, System_Uri_o* uri, System_Threading_CancellationToken_o cancellationToken, const MethodInfo* method);"
37527972,System.Net.WebSockets.ClientWebSocketOptions$$SetToReadOnly,"void System_Net_WebSockets_ClientWebSocketOptions__SetToReadOnly (System_Net_WebSockets_ClientWebSocketOptions_o* __this, const MethodInfo* method);"
37527984,System.Net.WebSockets.ClientWebSocket$$ConnectAsyncCore,"System_Threading_Tasks_Task_o* System_Net_WebSockets_ClientWebSocket__ConnectAsyncCore (System_Net_WebSockets_ClientWebSocket_o* __this, System_Uri_o* uri, System_Threading_CancellationToken_o cancellationToken, const MethodInfo* method);"
37528212,System.Net.WebSockets.ClientWebSocket$$SendAsync,"System_Threading_Tasks_Task_o* System_Net_WebSockets_ClientWebSocket__SendAsync (System_Net_WebSockets_ClientWebSocket_o* __this, System_ArraySegment_byte__o buffer, int32_t messageType, bool endOfMessage, System_Threading_CancellationToken_o cancellationToken, const MethodInfo* method);"
37528324,System.Net.WebSockets.ClientWebSocket$$ThrowIfNotConnected,"void System_Net_WebSockets_ClientWebSocket__ThrowIfNotConnected (System_Net_WebSockets_ClientWebSocket_o* __this, const MethodInfo* method);"
37528544,System.Net.WebSockets.WebSocketHandle$$SendAsync,"System_Threading_Tasks_Task_o* System_Net_WebSockets_WebSocketHandle__SendAsync (System_Net_WebSockets_WebSocketHandle_o* __this, System_ArraySegment_byte__o buffer, int32_t messageType, bool endOfMessage, System_Threading_CancellationToken_o cancellationToken, const MethodInfo* method);"
37528580,System.Net.WebSockets.ClientWebSocket$$ReceiveAsync,"System_Threading_Tasks_Task_WebSocketReceiveResult__o* System_Net_WebSockets_ClientWebSocket__ReceiveAsync (System_Net_WebSockets_ClientWebSocket_o* __this, System_ArraySegment_byte__o buffer, System_Threading_CancellationToken_o cancellationToken, const MethodInfo* method);"
37528668,System.Net.WebSockets.WebSocketHandle$$ReceiveAsync,"System_Threading_Tasks_Task_WebSocketReceiveResult__o* System_Net_WebSockets_WebSocketHandle__ReceiveAsync (System_Net_WebSockets_WebSocketHandle_o* __this, System_ArraySegment_byte__o buffer, System_Threading_CancellationToken_o cancellationToken, const MethodInfo* method);"
37528700,System.Net.WebSockets.ClientWebSocket$$CloseOutputAsync,"System_Threading_Tasks_Task_o* System_Net_WebSockets_ClientWebSocket__CloseOutputAsync (System_Net_WebSockets_ClientWebSocket_o* __this, int32_t closeStatus, System_String_o* statusDescription, System_Threading_CancellationToken_o cancellationToken, const MethodInfo* method);"
37528788,System.Net.WebSockets.WebSocketHandle$$CloseOutputAsync,"System_Threading_Tasks_Task_o* System_Net_WebSockets_WebSocketHandle__CloseOutputAsync (System_Net_WebSockets_WebSocketHandle_o* __this, int32_t closeStatus, System_String_o* statusDescription, System_Threading_CancellationToken_o cancellationToken, const MethodInfo* method);"
37528820,System.Net.WebSockets.ClientWebSocket$$Abort,"void System_Net_WebSockets_ClientWebSocket__Abort (System_Net_WebSockets_ClientWebSocket_o* __this, const MethodInfo* method);"
37528968,System.Net.WebSockets.WebSocketHandle$$Abort,"void System_Net_WebSockets_WebSocketHandle__Abort (System_Net_WebSockets_WebSocketHandle_o* __this, const MethodInfo* method);"
37529028,System.Net.WebSockets.ClientWebSocket$$Dispose,"void System_Net_WebSockets_ClientWebSocket__Dispose (System_Net_WebSockets_ClientWebSocket_o* __this, const MethodInfo* method);"
37529196,System.Net.WebSockets.WebSocketHandle$$Dispose,"void System_Net_WebSockets_WebSocketHandle__Dispose (System_Net_WebSockets_WebSocketHandle_o* __this, const MethodInfo* method);"
37529232,System.Net.WebSockets.ClientWebSocket.DefaultWebProxy$$get_Instance,System_Net_WebSockets_ClientWebSocket_DefaultWebProxy_o* System_Net_WebSockets_ClientWebSocket_DefaultWebProxy__get_Instance (const MethodInfo* method);
37529320,System.Net.WebSockets.ClientWebSocket.DefaultWebProxy$$get_Credentials,"System_Net_ICredentials_o* System_Net_WebSockets_ClientWebSocket_DefaultWebProxy__get_Credentials (System_Net_WebSockets_ClientWebSocket_DefaultWebProxy_o* __this, const MethodInfo* method);"
37529384,System.Net.WebSockets.ClientWebSocket.DefaultWebProxy$$GetProxy,"System_Uri_o* System_Net_WebSockets_ClientWebSocket_DefaultWebProxy__GetProxy (System_Net_WebSockets_ClientWebSocket_DefaultWebProxy_o* __this, System_Uri_o* destination, const MethodInfo* method);"
37529448,System.Net.WebSockets.ClientWebSocket.DefaultWebProxy$$IsBypassed,"bool System_Net_WebSockets_ClientWebSocket_DefaultWebProxy__IsBypassed (System_Net_WebSockets_ClientWebSocket_DefaultWebProxy_o* __this, System_Uri_o* host, const MethodInfo* method);"
37529512,System.Net.WebSockets.ClientWebSocket.DefaultWebProxy$$.ctor,"void System_Net_WebSockets_ClientWebSocket_DefaultWebProxy___ctor (System_Net_WebSockets_ClientWebSocket_DefaultWebProxy_o* __this, const MethodInfo* method);"
37529520,System.Net.WebSockets.ClientWebSocket.DefaultWebProxy$$.cctor,void System_Net_WebSockets_ClientWebSocket_DefaultWebProxy___cctor (const MethodInfo* method);
37529620,System.Net.WebSockets.ClientWebSocket.<ConnectAsyncCore>d__16$$MoveNext,"void System_Net_WebSockets_ClientWebSocket__ConnectAsyncCore_d__16__MoveNext (System_Net_WebSockets_ClientWebSocket__ConnectAsyncCore_d__16_o __this, const MethodInfo* method);"
37530556,System.Net.WebSockets.WebSocketHandle$$Create,System_Net_WebSockets_WebSocketHandle_o* System_Net_WebSockets_WebSocketHandle__Create (const MethodInfo* method);
37530644,System.Net.WebSockets.WebSocketHandle$$ConnectAsyncCore,"System_Threading_Tasks_Task_o* System_Net_WebSockets_WebSocketHandle__ConnectAsyncCore (System_Net_WebSockets_WebSocketHandle_o* __this, System_Uri_o* uri, System_Threading_CancellationToken_o cancellationToken, System_Net_WebSockets_ClientWebSocketOptions_o* options, const MethodInfo* method);"
37530892,System.Net.WebSockets.ClientWebSocket.<ConnectAsyncCore>d__16$$SetStateMachine,"void System_Net_WebSockets_ClientWebSocket__ConnectAsyncCore_d__16__SetStateMachine (System_Net_WebSockets_ClientWebSocket__ConnectAsyncCore_d__16_o __this, System_Runtime_CompilerServices_IAsyncStateMachine_o* stateMachine, const MethodInfo* method);"
37531000,System.Net.WebSockets.WebSocket$$get_DefaultKeepAliveInterval,System_TimeSpan_o System_Net_WebSockets_WebSocket__get_DefaultKeepAliveInterval (const MethodInfo* method);
37531084,System.Net.WebSockets.ClientWebSocketOptions$$get_RequestHeaders,"System_Net_WebHeaderCollection_o* System_Net_WebSockets_ClientWebSocketOptions__get_RequestHeaders (System_Net_WebSockets_ClientWebSocketOptions_o* __this, const MethodInfo* method);"
37531092,System.Net.WebSockets.ClientWebSocketOptions$$get_RequestedSubProtocols,"System_Collections_Generic_List_string__o* System_Net_WebSockets_ClientWebSocketOptions__get_RequestedSubProtocols (System_Net_WebSockets_ClientWebSocketOptions_o* __this, const MethodInfo* method);"
37531100,System.Net.WebSockets.ClientWebSocketOptions$$ThrowIfReadOnly,"void System_Net_WebSockets_ClientWebSocketOptions__ThrowIfReadOnly (System_Net_WebSockets_ClientWebSocketOptions_o* __this, const MethodInfo* method);"
37531196,System.Net.WebSockets.ClientWebSocketOptions$$get_ClientCertificates,"System_Security_Cryptography_X509Certificates_X509CertificateCollection_o* System_Net_WebSockets_ClientWebSocketOptions__get_ClientCertificates (System_Net_WebSockets_ClientWebSocketOptions_o* __this, const MethodInfo* method);"
37531304,System.Net.WebSockets.ClientWebSocketOptions$$get_Cookies,"System_Net_CookieContainer_o* System_Net_WebSockets_ClientWebSocketOptions__get_Cookies (System_Net_WebSockets_ClientWebSocketOptions_o* __this, const MethodInfo* method);"
37531312,System.Net.WebSockets.ClientWebSocketOptions$$AddSubProtocol,"void System_Net_WebSockets_ClientWebSocketOptions__AddSubProtocol (System_Net_WebSockets_ClientWebSocketOptions_o* __this, System_String_o* subProtocol, const MethodInfo* method);"
37531916,System.Net.WebSockets.ClientWebSocketOptions$$get_KeepAliveInterval,"System_TimeSpan_o System_Net_WebSockets_ClientWebSocketOptions__get_KeepAliveInterval (System_Net_WebSockets_ClientWebSocketOptions_o* __this, const MethodInfo* method);"
37531924,System.Net.WebSockets.ClientWebSocketOptions$$get_ReceiveBufferSize,"int32_t System_Net_WebSockets_ClientWebSocketOptions__get_ReceiveBufferSize (System_Net_WebSockets_ClientWebSocketOptions_o* __this, const MethodInfo* method);"
37531932,System.Net.WebSockets.ClientWebSocketOptions$$get_SendBufferSize,"int32_t System_Net_WebSockets_ClientWebSocketOptions__get_SendBufferSize (System_Net_WebSockets_ClientWebSocketOptions_o* __this, const MethodInfo* method);"
37531940,System.Net.WebSockets.ClientWebSocketOptions$$get_Buffer,"System_Nullable_ArraySegment_byte___o System_Net_WebSockets_ClientWebSocketOptions__get_Buffer (System_Net_WebSockets_ClientWebSocketOptions_o* __this, const MethodInfo* method);"
37531960,System.Net.WebSockets.WebSocketHandle$$.ctor,"void System_Net_WebSockets_WebSocketHandle___ctor (System_Net_WebSockets_WebSocketHandle_o* __this, const MethodInfo* method);"
37532072,System.Net.WebSockets.WebSocketHandle$$ConnectSocketAsync,"System_Threading_Tasks_Task_Socket__o* System_Net_WebSockets_WebSocketHandle__ConnectSocketAsync (System_Net_WebSockets_WebSocketHandle_o* __this, System_String_o* host, int32_t port, System_Threading_CancellationToken_o cancellationToken, const MethodInfo* method);"
37532364,System.Net.WebSockets.WebSocketHandle$$BuildRequestHeader,"System_Byte_array* System_Net_WebSockets_WebSocketHandle__BuildRequestHeader (System_Uri_o* uri, System_Net_WebSockets_ClientWebSocketOptions_o* options, System_String_o* secKey, const MethodInfo* method);"
37534308,System.Net.WebSockets.WebSocketHandle$$CreateSecKeyAndSecWebSocketAccept,System_Collections_Generic_KeyValuePair_string__string__o System_Net_WebSockets_WebSocketHandle__CreateSecKeyAndSecWebSocketAccept (const MethodInfo* method);
37534972,System.Net.WebSockets.WebSocketHandle$$ParseAndValidateConnectResponseAsync,"System_Threading_Tasks_Task_string__o* System_Net_WebSockets_WebSocketHandle__ParseAndValidateConnectResponseAsync (System_Net_WebSockets_WebSocketHandle_o* __this, System_IO_Stream_o* stream, System_Net_WebSockets_ClientWebSocketOptions_o* options, System_String_o* expectedSecWebSocketAccept, System_Threading_CancellationToken_o cancellationToken, const MethodInfo* method);"
37535244,System.Net.WebSockets.WebSocketHandle$$ValidateAndTrackHeader,"void System_Net_WebSockets_WebSocketHandle__ValidateAndTrackHeader (System_String_o* targetHeaderName, System_String_o* targetHeaderValue, System_String_o* foundHeaderName, System_String_o* foundHeaderValue, bool* foundHeader, const MethodInfo* method);"
37535496,System.Net.WebSockets.WebSocketException$$.ctor,"void System_Net_WebSockets_WebSocketException___ctor (System_Net_WebSockets_WebSocketException_o* __this, System_String_o* message, const MethodInfo* method);"
37535504,System.Net.WebSockets.WebSocketHandle$$ReadResponseHeaderLineAsync,"System_Threading_Tasks_Task_string__o* System_Net_WebSockets_WebSocketHandle__ReadResponseHeaderLineAsync (System_IO_Stream_o* stream, System_Threading_CancellationToken_o cancellationToken, const MethodInfo* method);"
37535760,System.Net.WebSockets.WebSocketHandle$$.cctor,void System_Net_WebSockets_WebSocketHandle___cctor (const MethodInfo* method);
37535844,System.Net.WebSockets.WebSocketHandle.<>c$$.cctor,void System_Net_WebSockets_WebSocketHandle___c___cctor (const MethodInfo* method);
37535944,System.Net.WebSockets.WebSocketHandle.<>c$$.ctor,"void System_Net_WebSockets_WebSocketHandle___c___ctor (System_Net_WebSockets_WebSocketHandle___c_o* __this, const MethodInfo* method);"
37535952,System.Net.WebSockets.WebSocketHandle.<>c$$<ConnectAsyncCore>b__26_0,"void System_Net_WebSockets_WebSocketHandle___c___ConnectAsyncCore_b__26_0 (System_Net_WebSockets_WebSocketHandle___c_o* __this, Il2CppObject* s, const MethodInfo* method);"
37536048,System.Net.WebSockets.WebSocketHandle.<>c$$<ConnectSocketAsync>b__27_0,"void System_Net_WebSockets_WebSocketHandle___c___ConnectSocketAsync_b__27_0 (System_Net_WebSockets_WebSocketHandle___c_o* __this, Il2CppObject* s, const MethodInfo* method);"
37536180,System.Net.WebSockets.WebSocketHandle.<>c$$<ConnectSocketAsync>b__27_1,"void System_Net_WebSockets_WebSocketHandle___c___ConnectSocketAsync_b__27_1 (System_Net_WebSockets_WebSocketHandle___c_o* __this, Il2CppObject* s, const MethodInfo* method);"
37536312,System.Net.WebSockets.WebSocketHandle.<ConnectAsyncCore>d__26$$MoveNext,"void System_Net_WebSockets_WebSocketHandle__ConnectAsyncCore_d__26__MoveNext (System_Net_WebSockets_WebSocketHandle__ConnectAsyncCore_d__26_o __this, const MethodInfo* method);"
37539032,System.Net.WebSockets.WebSocket$$CreateClientWebSocket,"System_Net_WebSockets_WebSocket_o* System_Net_WebSockets_WebSocket__CreateClientWebSocket (System_IO_Stream_o* innerStream, System_String_o* subProtocol, int32_t receiveBufferSize, int32_t sendBufferSize, System_TimeSpan_o keepAliveInterval, bool useZeroMaskingKey, System_ArraySegment_byte__o internalBuffer, const MethodInfo* method);"
37539956,System.Net.WebSockets.WebSocketException$$.ctor,"void System_Net_WebSockets_WebSocketException___ctor (System_Net_WebSockets_WebSocketException_o* __this, System_String_o* message, System_Exception_o* innerException, const MethodInfo* method);"
37539964,System.Net.WebSockets.WebSocketHandle.<ConnectAsyncCore>d__26$$SetStateMachine,"void System_Net_WebSockets_WebSocketHandle__ConnectAsyncCore_d__26__SetStateMachine (System_Net_WebSockets_WebSocketHandle__ConnectAsyncCore_d__26_o __this, System_Runtime_CompilerServices_IAsyncStateMachine_o* stateMachine, const MethodInfo* method);"
37540072,System.Net.WebSockets.WebSocketHandle.<ConnectSocketAsync>d__27$$MoveNext,"void System_Net_WebSockets_WebSocketHandle__ConnectSocketAsync_d__27__MoveNext (System_Net_WebSockets_WebSocketHandle__ConnectSocketAsync_d__27_o __this, const MethodInfo* method);"
37542776,System.Net.WebSockets.WebSocketHandle.<ConnectSocketAsync>d__27$$SetStateMachine,"void System_Net_WebSockets_WebSocketHandle__ConnectSocketAsync_d__27__SetStateMachine (System_Net_WebSockets_WebSocketHandle__ConnectSocketAsync_d__27_o __this, System_Runtime_CompilerServices_IAsyncStateMachine_o* stateMachine, const MethodInfo* method);"
37542904,System.Net.WebSockets.WebSocketHandle.<>c__DisplayClass30_0$$.ctor,"void System_Net_WebSockets_WebSocketHandle___c__DisplayClass30_0___ctor (System_Net_WebSockets_WebSocketHandle___c__DisplayClass30_0_o* __this, const MethodInfo* method);"
37542912,System.Net.WebSockets.WebSocketHandle.<>c__DisplayClass30_0$$<ParseAndValidateConnectResponseAsync>b__0,"bool System_Net_WebSockets_WebSocketHandle___c__DisplayClass30_0___ParseAndValidateConnectResponseAsync_b__0 (System_Net_WebSockets_WebSocketHandle___c__DisplayClass30_0_o* __this, System_String_o* requested, const MethodInfo* method);"
37542936,System.Net.WebSockets.WebSocketHandle.<ParseAndValidateConnectResponseAsync>d__30$$MoveNext,"void System_Net_WebSockets_WebSocketHandle__ParseAndValidateConnectResponseAsync_d__30__MoveNext (System_Net_WebSockets_WebSocketHandle__ParseAndValidateConnectResponseAsync_d__30_o __this, const MethodInfo* method);"
37545408,System.Net.WebSockets.WebSocketHandle.<ParseAndValidateConnectResponseAsync>d__30$$SetStateMachine,"void System_Net_WebSockets_WebSocketHandle__ParseAndValidateConnectResponseAsync_d__30__SetStateMachine (System_Net_WebSockets_WebSocketHandle__ParseAndValidateConnectResponseAsync_d__30_o __this, System_Runtime_CompilerServices_IAsyncStateMachine_o* stateMachine, const MethodInfo* method);"
37545536,System.Net.WebSockets.WebSocketHandle.<ReadResponseHeaderLineAsync>d__32$$MoveNext,"void System_Net_WebSockets_WebSocketHandle__ReadResponseHeaderLineAsync_d__32__MoveNext (System_Net_WebSockets_WebSocketHandle__ReadResponseHeaderLineAsync_d__32_o __this, const MethodInfo* method);"
37546972,System.Net.WebSockets.WebSocketHandle.<ReadResponseHeaderLineAsync>d__32$$SetStateMachine,"void System_Net_WebSockets_WebSocketHandle__ReadResponseHeaderLineAsync_d__32__SetStateMachine (System_Net_WebSockets_WebSocketHandle__ReadResponseHeaderLineAsync_d__32_o __this, System_Runtime_CompilerServices_IAsyncStateMachine_o* stateMachine, const MethodInfo* method);"
37547100,System.Net.WebSockets.WebSocketException$$.ctor,"void System_Net_WebSockets_WebSocketException___ctor (System_Net_WebSockets_WebSocketException_o* __this, const MethodInfo* method);"
37547196,System.Net.WebSockets.WebSocketException$$.ctor,"void System_Net_WebSockets_WebSocketException___ctor (System_Net_WebSockets_WebSocketException_o* __this, int32_t nativeError, const MethodInfo* method);"
37547264,System.Net.WebSockets.WebSocketException$$GetErrorMessage,"System_String_o* System_Net_WebSockets_WebSocketException__GetErrorMessage (int32_t error, const MethodInfo* method);"
37547624,System.Net.WebSockets.WebSocketException$$.ctor,"void System_Net_WebSockets_WebSocketException___ctor (System_Net_WebSockets_WebSocketException_o* __this, int32_t error, System_String_o* message, System_Exception_o* innerException, const MethodInfo* method);"
37547672,System.Net.WebSockets.WebSocketException$$Succeeded,"bool System_Net_WebSockets_WebSocketException__Succeeded (int32_t hr, const MethodInfo* method);"
37547684,System.Net.WebSockets.WebSocketException$$SetErrorCodeOnError,"void System_Net_WebSockets_WebSocketException__SetErrorCodeOnError (System_Net_WebSockets_WebSocketException_o* __this, int32_t nativeError, const MethodInfo* method);"
37547700,System.Net.WebSockets.WebSocketException$$.ctor,"void System_Net_WebSockets_WebSocketException___ctor (System_Net_WebSockets_WebSocketException_o* __this, System_Runtime_Serialization_SerializationInfo_o* serializationInfo, System_Runtime_Serialization_StreamingContext_o streamingContext, const MethodInfo* method);"
37547708,System.Net.WebSockets.WebSocketException$$GetObjectData,"void System_Net_WebSockets_WebSocketException__GetObjectData (System_Net_WebSockets_WebSocketException_o* __this, System_Runtime_Serialization_SerializationInfo_o* info, System_Runtime_Serialization_StreamingContext_o context, const MethodInfo* method);"
37547892,System.Net.WebSockets.WebSocketReceiveResult$$get_Count,"int32_t System_Net_WebSockets_WebSocketReceiveResult__get_Count (System_Net_WebSockets_WebSocketReceiveResult_o* __this, const MethodInfo* method);"
37547900,System.Net.WebSockets.WebSocketReceiveResult$$get_EndOfMessage,"bool System_Net_WebSockets_WebSocketReceiveResult__get_EndOfMessage (System_Net_WebSockets_WebSocketReceiveResult_o* __this, const MethodInfo* method);"
37547908,System.Net.WebSockets.WebSocketReceiveResult$$get_MessageType,"int32_t System_Net_WebSockets_WebSocketReceiveResult__get_MessageType (System_Net_WebSockets_WebSocketReceiveResult_o* __this, const MethodInfo* method);"
37547916,System.Net.WebSockets.WebSocketReceiveResult$$get_CloseStatus,"System_Nullable_WebSocketCloseStatus__o System_Net_WebSockets_WebSocketReceiveResult__get_CloseStatus (System_Net_WebSockets_WebSocketReceiveResult_o* __this, const MethodInfo* method);"
37547924,System.Net.WebSockets.WebSocketReceiveResult$$get_CloseStatusDescription,"System_String_o* System_Net_WebSockets_WebSocketReceiveResult__get_CloseStatusDescription (System_Net_WebSockets_WebSocketReceiveResult_o* __this, const MethodInfo* method);"
37548284,System.Net.Security.SslClientAuthenticationOptions$$get_EnabledSslProtocols,"int32_t System_Net_Security_SslClientAuthenticationOptions__get_EnabledSslProtocols (System_Net_Security_SslClientAuthenticationOptions_o* __this, const MethodInfo* method);"
37548292,System.Net.Security.SslClientAuthenticationOptions$$set_EnabledSslProtocols,"void System_Net_Security_SslClientAuthenticationOptions__set_EnabledSslProtocols (System_Net_Security_SslClientAuthenticationOptions_o* __this, int32_t value, const MethodInfo* method);"
37554716,System.Net.Configuration.SocketElement$$.ctor,"void System_Net_Configuration_SocketElement___ctor (System_Net_Configuration_SocketElement_o* __this, const MethodInfo* method);"
37554772,System.Net.Configuration.SocketElement$$get_Properties,"System_Configuration_ConfigurationPropertyCollection_o* System_Net_Configuration_SocketElement__get_Properties (System_Net_Configuration_SocketElement_o* __this, const MethodInfo* method);"
38068396,System.Net.SocketAddress$$.ctor,"void System_Net_SocketAddress___ctor (System_Net_SocketAddress_o* __this, System_Net_IPAddress_o* ipaddress, int32_t port, const MethodInfo* method);"
38068976,System.Net.SocketAddress$$get_Family,"int32_t System_Net_SocketAddress__get_Family (System_Net_SocketAddress_o* __this, const MethodInfo* method);"
38069032,System.Net.SocketAddress$$GetIPEndPoint,"System_Net_IPEndPoint_o* System_Net_SocketAddress__GetIPEndPoint (System_Net_SocketAddress_o* __this, const MethodInfo* method);"
38069784,System.Net.NetworkStreamWrapper$$.ctor,"void System_Net_NetworkStreamWrapper___ctor (System_Net_NetworkStreamWrapper_o* __this, System_Net_Sockets_TcpClient_o* client, const MethodInfo* method);"
38070428,System.Net.NetworkStreamWrapper$$Close,"void System_Net_NetworkStreamWrapper__Close (System_Net_NetworkStreamWrapper_o* __this, int32_t timeout, const MethodInfo* method);"
38075272,System.Net.NetworkStreamWrapper$$CloseSocket,"void System_Net_NetworkStreamWrapper__CloseSocket (System_Net_NetworkStreamWrapper_o* __this, const MethodInfo* method);"
38079592,System.Net.NetworkStreamWrapper$$get_ServerAddress,"System_Net_IPAddress_o* System_Net_NetworkStreamWrapper__get_ServerAddress (System_Net_NetworkStreamWrapper_o* __this, const MethodInfo* method);"
38081692,System.Net.NetworkStreamWrapper$$get_UsingSecureStream,"bool System_Net_NetworkStreamWrapper__get_UsingSecureStream (System_Net_NetworkStreamWrapper_o* __this, const MethodInfo* method);"
38087092,System.Net.NetworkStreamWrapper$$get_Socket,"System_Net_Sockets_Socket_o* System_Net_NetworkStreamWrapper__get_Socket (System_Net_NetworkStreamWrapper_o* __this, const MethodInfo* method);"
38092316,System.Net.NetworkCredential$$get_UserName,"System_String_o* System_Net_NetworkCredential__get_UserName (System_Net_NetworkCredential_o* __this, const MethodInfo* method);"
38092324,System.Net.NetworkCredential$$get_Domain,"System_String_o* System_Net_NetworkCredential__get_Domain (System_Net_NetworkCredential_o* __this, const MethodInfo* method);"
38092332,System.Net.NetworkCredential$$get_Password,"System_String_o* System_Net_NetworkCredential__get_Password (System_Net_NetworkCredential_o* __this, const MethodInfo* method);"
38092780,System.Net.FtpControlStream$$CreateFtpListenerSocket,"void System_Net_FtpControlStream__CreateFtpListenerSocket (System_Net_FtpControlStream_o* __this, System_Net_FtpWebRequest_o* request, const MethodInfo* method);"
38094628,System.Net.FtpControlStream$$CreateFtpDataSocket,"System_Net_Sockets_Socket_o* System_Net_FtpControlStream__CreateFtpDataSocket (System_Net_FtpControlStream_o* __this, System_Net_FtpWebRequest_o* request, System_Net_Sockets_Socket_o* templateSocket, const MethodInfo* method);"
38101840,System.Net.FtpDataStream$$SetSocketTimeoutOption,"void System_Net_FtpDataStream__SetSocketTimeoutOption (System_Net_FtpDataStream_o* __this, int32_t timeout, const MethodInfo* method);"
38105904,System.Net.NetworkCredential$$.ctor,"void System_Net_NetworkCredential___ctor (System_Net_NetworkCredential_o* __this, System_String_o* userName, System_String_o* password, const MethodInfo* method);"
38117224,System.Net.ProtocolViolationException$$.ctor,"void System_Net_ProtocolViolationException___ctor (System_Net_ProtocolViolationException_o* __this, System_String_o* message, const MethodInfo* method);"
38120296,System.Net.NetworkStreamWrapper$$SetSocketTimeoutOption,"void System_Net_NetworkStreamWrapper__SetSocketTimeoutOption (System_Net_NetworkStreamWrapper_o* __this, int32_t timeout, const MethodInfo* method);"
38129240,System.Net.NetworkCredential$$.ctor,"void System_Net_NetworkCredential___ctor (System_Net_NetworkCredential_o* __this, System_String_o* userName, System_String_o* password, System_String_o* domain, const MethodInfo* method);"
38131336,System.Net.NetworkStreamWrapper$$get_NetworkStream,"System_Net_Sockets_NetworkStream_o* System_Net_NetworkStreamWrapper__get_NetworkStream (System_Net_NetworkStreamWrapper_o* __this, const MethodInfo* method);"
38131344,System.Net.NetworkStreamWrapper$$set_NetworkStream,"void System_Net_NetworkStreamWrapper__set_NetworkStream (System_Net_NetworkStreamWrapper_o* __this, System_Net_Sockets_NetworkStream_o* value, const MethodInfo* method);"
38131352,System.Net.NetworkStreamWrapper$$get_CanRead,"bool System_Net_NetworkStreamWrapper__get_CanRead (System_Net_NetworkStreamWrapper_o* __this, const MethodInfo* method);"
38131384,System.Net.NetworkStreamWrapper$$get_CanSeek,"bool System_Net_NetworkStreamWrapper__get_CanSeek (System_Net_NetworkStreamWrapper_o* __this, const MethodInfo* method);"
38131416,System.Net.NetworkStreamWrapper$$get_CanWrite,"bool System_Net_NetworkStreamWrapper__get_CanWrite (System_Net_NetworkStreamWrapper_o* __this, const MethodInfo* method);"
38131448,System.Net.NetworkStreamWrapper$$get_CanTimeout,"bool System_Net_NetworkStreamWrapper__get_CanTimeout (System_Net_NetworkStreamWrapper_o* __this, const MethodInfo* method);"
38131480,System.Net.NetworkStreamWrapper$$get_ReadTimeout,"int32_t System_Net_NetworkStreamWrapper__get_ReadTimeout (System_Net_NetworkStreamWrapper_o* __this, const MethodInfo* method);"
38131516,System.Net.NetworkStreamWrapper$$set_ReadTimeout,"void System_Net_NetworkStreamWrapper__set_ReadTimeout (System_Net_NetworkStreamWrapper_o* __this, int32_t value, const MethodInfo* method);"
38131552,System.Net.NetworkStreamWrapper$$get_WriteTimeout,"int32_t System_Net_NetworkStreamWrapper__get_WriteTimeout (System_Net_NetworkStreamWrapper_o* __this, const MethodInfo* method);"
38131588,System.Net.NetworkStreamWrapper$$set_WriteTimeout,"void System_Net_NetworkStreamWrapper__set_WriteTimeout (System_Net_NetworkStreamWrapper_o* __this, int32_t value, const MethodInfo* method);"
38131624,System.Net.NetworkStreamWrapper$$get_Length,"int64_t System_Net_NetworkStreamWrapper__get_Length (System_Net_NetworkStreamWrapper_o* __this, const MethodInfo* method);"
38131656,System.Net.NetworkStreamWrapper$$get_Position,"int64_t System_Net_NetworkStreamWrapper__get_Position (System_Net_NetworkStreamWrapper_o* __this, const MethodInfo* method);"
38131692,System.Net.NetworkStreamWrapper$$set_Position,"void System_Net_NetworkStreamWrapper__set_Position (System_Net_NetworkStreamWrapper_o* __this, int64_t value, const MethodInfo* method);"
38131728,System.Net.NetworkStreamWrapper$$Seek,"int64_t System_Net_NetworkStreamWrapper__Seek (System_Net_NetworkStreamWrapper_o* __this, int64_t offset, int32_t origin, const MethodInfo* method);"
38131764,System.Net.NetworkStreamWrapper$$Read,"int32_t System_Net_NetworkStreamWrapper__Read (System_Net_NetworkStreamWrapper_o* __this, System_Byte_array* buffer, int32_t offset, int32_t size, const MethodInfo* method);"
38131800,System.Net.NetworkStreamWrapper$$Write,"void System_Net_NetworkStreamWrapper__Write (System_Net_NetworkStreamWrapper_o* __this, System_Byte_array* buffer, int32_t offset, int32_t size, const MethodInfo* method);"
38131836,System.Net.NetworkStreamWrapper$$Dispose,"void System_Net_NetworkStreamWrapper__Dispose (System_Net_NetworkStreamWrapper_o* __this, bool disposing, const MethodInfo* method);"
38132008,System.Net.NetworkStreamWrapper$$BeginRead,"System_IAsyncResult_o* System_Net_NetworkStreamWrapper__BeginRead (System_Net_NetworkStreamWrapper_o* __this, System_Byte_array* buffer, int32_t offset, int32_t size, System_AsyncCallback_o* callback, Il2CppObject* state, const MethodInfo* method);"
38132044,System.Net.NetworkStreamWrapper$$EndRead,"int32_t System_Net_NetworkStreamWrapper__EndRead (System_Net_NetworkStreamWrapper_o* __this, System_IAsyncResult_o* asyncResult, const MethodInfo* method);"
38132080,System.Net.NetworkStreamWrapper$$ReadAsync,"System_Threading_Tasks_Task_int__o* System_Net_NetworkStreamWrapper__ReadAsync (System_Net_NetworkStreamWrapper_o* __this, System_Byte_array* buffer, int32_t offset, int32_t count, System_Threading_CancellationToken_o cancellationToken, const MethodInfo* method);"
38132116,System.Net.NetworkStreamWrapper$$BeginWrite,"System_IAsyncResult_o* System_Net_NetworkStreamWrapper__BeginWrite (System_Net_NetworkStreamWrapper_o* __this, System_Byte_array* buffer, int32_t offset, int32_t size, System_AsyncCallback_o* callback, Il2CppObject* state, const MethodInfo* method);"
38132152,System.Net.NetworkStreamWrapper$$EndWrite,"void System_Net_NetworkStreamWrapper__EndWrite (System_Net_NetworkStreamWrapper_o* __this, System_IAsyncResult_o* asyncResult, const MethodInfo* method);"
38132188,System.Net.NetworkStreamWrapper$$WriteAsync,"System_Threading_Tasks_Task_o* System_Net_NetworkStreamWrapper__WriteAsync (System_Net_NetworkStreamWrapper_o* __this, System_Byte_array* buffer, int32_t offset, int32_t count, System_Threading_CancellationToken_o cancellationToken, const MethodInfo* method);"
38132224,System.Net.NetworkStreamWrapper$$Flush,"void System_Net_NetworkStreamWrapper__Flush (System_Net_NetworkStreamWrapper_o* __this, const MethodInfo* method);"
38132260,System.Net.NetworkStreamWrapper$$FlushAsync,"System_Threading_Tasks_Task_o* System_Net_NetworkStreamWrapper__FlushAsync (System_Net_NetworkStreamWrapper_o* __this, System_Threading_CancellationToken_o cancellationToken, const MethodInfo* method);"
38132296,System.Net.NetworkStreamWrapper$$SetLength,"void System_Net_NetworkStreamWrapper__SetLength (System_Net_NetworkStreamWrapper_o* __this, int64_t value, const MethodInfo* method);"
38132748,System.Net.CredentialCache$$get_DefaultNetworkCredentials,System_Net_NetworkCredential_o* System_Net_CredentialCache__get_DefaultNetworkCredentials (const MethodInfo* method);
38132836,System.Net.SystemNetworkCredential$$.ctor,"void System_Net_SystemNetworkCredential___ctor (System_Net_SystemNetworkCredential_o* __this, const MethodInfo* method);"
38132924,System.Net.SystemNetworkCredential$$.cctor,void System_Net_SystemNetworkCredential___cctor (const MethodInfo* method);
38137344,System.Net.NetworkCredential$$set_UserName,"void System_Net_NetworkCredential__set_UserName (System_Net_NetworkCredential_o* __this, System_String_o* value, const MethodInfo* method);"
38137440,System.Net.NetworkCredential$$set_Password,"void System_Net_NetworkCredential__set_Password (System_Net_NetworkCredential_o* __this, System_String_o* value, const MethodInfo* method);"
38137472,System.Net.NetworkCredential$$set_Domain,"void System_Net_NetworkCredential__set_Domain (System_Net_NetworkCredential_o* __this, System_String_o* value, const MethodInfo* method);"
38137568,System.Net.NetworkCredential$$InternalGetPassword,"System_String_o* System_Net_NetworkCredential__InternalGetPassword (System_Net_NetworkCredential_o* __this, const MethodInfo* method);"
38137580,System.Net.NetworkCredential$$InternalGetUserName,"System_String_o* System_Net_NetworkCredential__InternalGetUserName (System_Net_NetworkCredential_o* __this, const MethodInfo* method);"
38137588,System.Net.NetworkCredential$$InternalGetDomain,"System_String_o* System_Net_NetworkCredential__InternalGetDomain (System_Net_NetworkCredential_o* __this, const MethodInfo* method);"
38137596,System.Net.NetworkCredential$$GetCredential,"System_Net_NetworkCredential_o* System_Net_NetworkCredential__GetCredential (System_Net_NetworkCredential_o* __this, System_Uri_o* uri, System_String_o* authType, const MethodInfo* method);"
38137600,System.Net.ProtocolViolationException$$.ctor,"void System_Net_ProtocolViolationException___ctor (System_Net_ProtocolViolationException_o* __this, const MethodInfo* method);"
38137608,System.Net.ProtocolViolationException$$.ctor,"void System_Net_ProtocolViolationException___ctor (System_Net_ProtocolViolationException_o* __this, System_Runtime_Serialization_SerializationInfo_o* serializationInfo, System_Runtime_Serialization_StreamingContext_o streamingContext, const MethodInfo* method);"
38137616,System.Net.ProtocolViolationException$$System.Runtime.Serialization.ISerializable.GetObjectData,"void System_Net_ProtocolViolationException__System_Runtime_Serialization_ISerializable_GetObjectData (System_Net_ProtocolViolationException_o* __this, System_Runtime_Serialization_SerializationInfo_o* serializationInfo, System_Runtime_Serialization_StreamingContext_o streamingContext, const MethodInfo* method);"
38137624,System.Net.ProtocolViolationException$$GetObjectData,"void System_Net_ProtocolViolationException__GetObjectData (System_Net_ProtocolViolationException_o* __this, System_Runtime_Serialization_SerializationInfo_o* serializationInfo, System_Runtime_Serialization_StreamingContext_o streamingContext, const MethodInfo* method);"
38137632,System.Net.SocketAddress$$get_Size,"int32_t System_Net_SocketAddress__get_Size (System_Net_SocketAddress_o* __this, const MethodInfo* method);"
38137640,System.Net.SocketAddress$$get_Item,"uint8_t System_Net_SocketAddress__get_Item (System_Net_SocketAddress_o* __this, int32_t offset, const MethodInfo* method);"
38137764,System.Net.SocketAddress$$.ctor,"void System_Net_SocketAddress___ctor (System_Net_SocketAddress_o* __this, int32_t family, int32_t size, const MethodInfo* method);"
38138052,System.Net.SocketAddress$$.ctor,"void System_Net_SocketAddress___ctor (System_Net_SocketAddress_o* __this, System_Net_IPAddress_o* ipAddress, const MethodInfo* method);"
38138700,System.Net.SocketAddress$$GetIPAddress,"System_Net_IPAddress_o* System_Net_SocketAddress__GetIPAddress (System_Net_SocketAddress_o* __this, const MethodInfo* method);"
38139200,System.Net.SocketAddress$$Equals,"bool System_Net_SocketAddress__Equals (System_Net_SocketAddress_o* __this, Il2CppObject* comparand, const MethodInfo* method);"
38139436,System.Net.SocketAddress$$GetHashCode,"int32_t System_Net_SocketAddress__GetHashCode (System_Net_SocketAddress_o* __this, const MethodInfo* method);"
38139740,System.Net.SocketAddress$$ToString,"System_String_o* System_Net_SocketAddress__ToString (System_Net_SocketAddress_o* __this, const MethodInfo* method);"
38158176,System.Net.WebRequest$$get_CacheProtocol,"System_Net_Cache_RequestCacheProtocol_o* System_Net_WebRequest__get_CacheProtocol (System_Net_WebRequest_o* __this, const MethodInfo* method);"
38158184,System.Net.WebRequest$$set_CacheProtocol,"void System_Net_WebRequest__set_CacheProtocol (System_Net_WebRequest_o* __this, System_Net_Cache_RequestCacheProtocol_o* value, const MethodInfo* method);"
38267496,System.Net.HttpWebRequest$$get_ProtocolVersion,"System_Version_o* System_Net_HttpWebRequest__get_ProtocolVersion (System_Net_HttpWebRequest_o* __this, const MethodInfo* method);"
38297088,System.Net.MonoChunkParser$$ThrowProtocolViolation,"void System_Net_MonoChunkParser__ThrowProtocolViolation (System_String_o* message, const MethodInfo* method);"
38301860,System.Net.ServicePoint$$get_ProtocolVersion,"System_Version_o* System_Net_ServicePoint__get_ProtocolVersion (System_Net_ServicePoint_o* __this, const MethodInfo* method);"
38305600,System.Net.ServicePointManager$$get_SecurityProtocol,int32_t System_Net_ServicePointManager__get_SecurityProtocol (const MethodInfo* method);
38324768,System.Net.WebConnection$$CloseSocket,"void System_Net_WebConnection__CloseSocket (System_Net_WebConnection_o* __this, const MethodInfo* method);"
39334708,UnityEngine.Networking.PlayerConnection.MessageEventArgs$$.ctor,"void UnityEngine_Networking_PlayerConnection_MessageEventArgs___ctor (UnityEngine_Networking_PlayerConnection_MessageEventArgs_o* __this, const MethodInfo* method);"
39334716,UnityEngine.Networking.PlayerConnection.PlayerEditorConnectionEvents$$InvokeMessageIdSubscribers,"void UnityEngine_Networking_PlayerConnection_PlayerEditorConnectionEvents__InvokeMessageIdSubscribers (UnityEngine_Networking_PlayerConnection_PlayerEditorConnectionEvents_o* __this, System_Guid_o messageId, System_Byte_array* data, int32_t playerId, const MethodInfo* method);"
39335904,UnityEngine.Networking.PlayerConnection.PlayerEditorConnectionEvents.<>c__DisplayClass6_0$$.ctor,"void UnityEngine_Networking_PlayerConnection_PlayerEditorConnectionEvents___c__DisplayClass6_0___ctor (UnityEngine_Networking_PlayerConnection_PlayerEditorConnectionEvents___c__DisplayClass6_0_o* __this, const MethodInfo* method);"
39335912,UnityEngine.Networking.PlayerConnection.PlayerEditorConnectionEvents$$AddAndCreate,"UnityEngine_Events_UnityEvent_MessageEventArgs__o* UnityEngine_Networking_PlayerConnection_PlayerEditorConnectionEvents__AddAndCreate (UnityEngine_Networking_PlayerConnection_PlayerEditorConnectionEvents_o* __this, System_Guid_o messageId, const MethodInfo* method);"
39336392,UnityEngine.Networking.PlayerConnection.PlayerEditorConnectionEvents.<>c__DisplayClass7_0$$.ctor,"void UnityEngine_Networking_PlayerConnection_PlayerEditorConnectionEvents___c__DisplayClass7_0___ctor (UnityEngine_Networking_PlayerConnection_PlayerEditorConnectionEvents___c__DisplayClass7_0_o* __this, const MethodInfo* method);"
39336400,UnityEngine.Networking.PlayerConnection.PlayerEditorConnectionEvents.MessageTypeSubscribers$$.ctor,"void UnityEngine_Networking_PlayerConnection_PlayerEditorConnectionEvents_MessageTypeSubscribers___ctor (UnityEngine_Networking_PlayerConnection_PlayerEditorConnectionEvents_MessageTypeSubscribers_o* __this, const MethodInfo* method);"
39336504,UnityEngine.Networking.PlayerConnection.PlayerEditorConnectionEvents.MessageTypeSubscribers$$set_MessageTypeId,"void UnityEngine_Networking_PlayerConnection_PlayerEditorConnectionEvents_MessageTypeSubscribers__set_MessageTypeId (UnityEngine_Networking_PlayerConnection_PlayerEditorConnectionEvents_MessageTypeSubscribers_o* __this, System_Guid_o value, const MethodInfo* method);"
39336548,UnityEngine.Networking.PlayerConnection.PlayerEditorConnectionEvents.MessageEvent$$.ctor,"void UnityEngine_Networking_PlayerConnection_PlayerEditorConnectionEvents_MessageEvent___ctor (UnityEngine_Networking_PlayerConnection_PlayerEditorConnectionEvents_MessageEvent_o* __this, const MethodInfo* method);"
39336620,UnityEngine.Networking.PlayerConnection.PlayerEditorConnectionEvents$$UnregisterManagedCallback,"void UnityEngine_Networking_PlayerConnection_PlayerEditorConnectionEvents__UnregisterManagedCallback (UnityEngine_Networking_PlayerConnection_PlayerEditorConnectionEvents_o* __this, System_Guid_o messageId, UnityEngine_Events_UnityAction_MessageEventArgs__o* callback, const MethodInfo* method);"
39336984,UnityEngine.Networking.PlayerConnection.PlayerEditorConnectionEvents.<>c__DisplayClass8_0$$.ctor,"void UnityEngine_Networking_PlayerConnection_PlayerEditorConnectionEvents___c__DisplayClass8_0___ctor (UnityEngine_Networking_PlayerConnection_PlayerEditorConnectionEvents___c__DisplayClass8_0_o* __this, const MethodInfo* method);"
39336992,UnityEngine.Networking.PlayerConnection.PlayerEditorConnectionEvents$$.ctor,"void UnityEngine_Networking_PlayerConnection_PlayerEditorConnectionEvents___ctor (UnityEngine_Networking_PlayerConnection_PlayerEditorConnectionEvents_o* __this, const MethodInfo* method);"
39337184,UnityEngine.Networking.PlayerConnection.PlayerEditorConnectionEvents.ConnectionChangeEvent$$.ctor,"void UnityEngine_Networking_PlayerConnection_PlayerEditorConnectionEvents_ConnectionChangeEvent___ctor (UnityEngine_Networking_PlayerConnection_PlayerEditorConnectionEvents_ConnectionChangeEvent_o* __this, const MethodInfo* method);"
39337256,UnityEngine.Networking.PlayerConnection.PlayerEditorConnectionEvents.MessageTypeSubscribers$$get_MessageTypeId,"System_Guid_o UnityEngine_Networking_PlayerConnection_PlayerEditorConnectionEvents_MessageTypeSubscribers__get_MessageTypeId (UnityEngine_Networking_PlayerConnection_PlayerEditorConnectionEvents_MessageTypeSubscribers_o* __this, const MethodInfo* method);"
39337300,UnityEngine.Networking.PlayerConnection.PlayerEditorConnectionEvents.<>c__DisplayClass6_0$$<InvokeMessageIdSubscribers>b__0,"bool UnityEngine_Networking_PlayerConnection_PlayerEditorConnectionEvents___c__DisplayClass6_0___InvokeMessageIdSubscribers_b__0 (UnityEngine_Networking_PlayerConnection_PlayerEditorConnectionEvents___c__DisplayClass6_0_o* __this, UnityEngine_Networking_PlayerConnection_PlayerEditorConnectionEvents_MessageTypeSubscribers_o* x, const MethodInfo* method);"
39337372,UnityEngine.Networking.PlayerConnection.PlayerEditorConnectionEvents.<>c__DisplayClass7_0$$<AddAndCreate>b__0,"bool UnityEngine_Networking_PlayerConnection_PlayerEditorConnectionEvents___c__DisplayClass7_0___AddAndCreate_b__0 (UnityEngine_Networking_PlayerConnection_PlayerEditorConnectionEvents___c__DisplayClass7_0_o* __this, UnityEngine_Networking_PlayerConnection_PlayerEditorConnectionEvents_MessageTypeSubscribers_o* x, const MethodInfo* method);"
39337444,UnityEngine.Networking.PlayerConnection.PlayerEditorConnectionEvents.<>c__DisplayClass8_0$$<UnregisterManagedCallback>b__0,"bool UnityEngine_Networking_PlayerConnection_PlayerEditorConnectionEvents___c__DisplayClass8_0___UnregisterManagedCallback_b__0 (UnityEngine_Networking_PlayerConnection_PlayerEditorConnectionEvents___c__DisplayClass8_0_o* __this, UnityEngine_Networking_PlayerConnection_PlayerEditorConnectionEvents_MessageTypeSubscribers_o* x, const MethodInfo* method);"
39337516,UnityEngine.Networking.PlayerConnection.PlayerConnection$$get_instance,UnityEngine_Networking_PlayerConnection_PlayerConnection_o* UnityEngine_Networking_PlayerConnection_PlayerConnection__get_instance (const MethodInfo* method);
39337664,UnityEngine.Networking.PlayerConnection.PlayerConnection$$CreateInstance,UnityEngine_Networking_PlayerConnection_PlayerConnection_o* UnityEngine_Networking_PlayerConnection_PlayerConnection__CreateInstance (const MethodInfo* method);
39337832,UnityEngine.Networking.PlayerConnection.PlayerConnection$$get_isConnected,"bool UnityEngine_Networking_PlayerConnection_PlayerConnection__get_isConnected (UnityEngine_Networking_PlayerConnection_PlayerConnection_o* __this, const MethodInfo* method);"
39337988,UnityEngine.Networking.PlayerConnection.PlayerConnection$$GetConnectionNativeApi,"UnityEngine_IPlayerEditorConnectionNative_o* UnityEngine_Networking_PlayerConnection_PlayerConnection__GetConnectionNativeApi (UnityEngine_Networking_PlayerConnection_PlayerConnection_o* __this, const MethodInfo* method);"
39338116,UnityEngine.Networking.PlayerConnection.PlayerConnection$$OnEnable,"void UnityEngine_Networking_PlayerConnection_PlayerConnection__OnEnable (UnityEngine_Networking_PlayerConnection_PlayerConnection_o* __this, const MethodInfo* method);"
39338308,UnityEngine.Networking.PlayerConnection.PlayerConnection$$Register,"void UnityEngine_Networking_PlayerConnection_PlayerConnection__Register (UnityEngine_Networking_PlayerConnection_PlayerConnection_o* __this, System_Guid_o messageId, UnityEngine_Events_UnityAction_MessageEventArgs__o* callback, const MethodInfo* method);"
39338888,UnityEngine.Networking.PlayerConnection.PlayerConnection.<>c__DisplayClass12_0$$.ctor,"void UnityEngine_Networking_PlayerConnection_PlayerConnection___c__DisplayClass12_0___ctor (UnityEngine_Networking_PlayerConnection_PlayerConnection___c__DisplayClass12_0_o* __this, const MethodInfo* method);"
39338896,UnityEngine.Networking.PlayerConnection.PlayerConnection$$Unregister,"void UnityEngine_Networking_PlayerConnection_PlayerConnection__Unregister (UnityEngine_Networking_PlayerConnection_PlayerConnection_o* __this, System_Guid_o messageId, UnityEngine_Events_UnityAction_MessageEventArgs__o* callback, const MethodInfo* method);"
39339320,UnityEngine.Networking.PlayerConnection.PlayerConnection.<>c__DisplayClass13_0$$.ctor,"void UnityEngine_Networking_PlayerConnection_PlayerConnection___c__DisplayClass13_0___ctor (UnityEngine_Networking_PlayerConnection_PlayerConnection___c__DisplayClass13_0_o* __this, const MethodInfo* method);"
39339328,UnityEngine.Networking.PlayerConnection.PlayerConnection$$RegisterConnection,"void UnityEngine_Networking_PlayerConnection_PlayerConnection__RegisterConnection (UnityEngine_Networking_PlayerConnection_PlayerConnection_o* __this, UnityEngine_Events_UnityAction_int__o* callback, const MethodInfo* method);"
39339744,UnityEngine.Networking.PlayerConnection.PlayerConnection$$RegisterDisconnection,"void UnityEngine_Networking_PlayerConnection_PlayerConnection__RegisterDisconnection (UnityEngine_Networking_PlayerConnection_PlayerConnection_o* __this, UnityEngine_Events_UnityAction_int__o* callback, const MethodInfo* method);"
39339840,UnityEngine.Networking.PlayerConnection.PlayerConnection$$UnregisterConnection,"void UnityEngine_Networking_PlayerConnection_PlayerConnection__UnregisterConnection (UnityEngine_Networking_PlayerConnection_PlayerConnection_o* __this, UnityEngine_Events_UnityAction_int__o* callback, const MethodInfo* method);"
39339936,UnityEngine.Networking.PlayerConnection.PlayerConnection$$UnregisterDisconnection,"void UnityEngine_Networking_PlayerConnection_PlayerConnection__UnregisterDisconnection (UnityEngine_Networking_PlayerConnection_PlayerConnection_o* __this, UnityEngine_Events_UnityAction_int__o* callback, const MethodInfo* method);"
39340032,UnityEngine.Networking.PlayerConnection.PlayerConnection$$Send,"void UnityEngine_Networking_PlayerConnection_PlayerConnection__Send (UnityEngine_Networking_PlayerConnection_PlayerConnection_o* __this, System_Guid_o messageId, System_Byte_array* data, const MethodInfo* method);"
39340380,UnityEngine.Networking.PlayerConnection.PlayerConnection$$TrySend,"bool UnityEngine_Networking_PlayerConnection_PlayerConnection__TrySend (UnityEngine_Networking_PlayerConnection_PlayerConnection_o* __this, System_Guid_o messageId, System_Byte_array* data, const MethodInfo* method);"
39340728,UnityEngine.Networking.PlayerConnection.PlayerConnection$$BlockUntilRecvMsg,"bool UnityEngine_Networking_PlayerConnection_PlayerConnection__BlockUntilRecvMsg (UnityEngine_Networking_PlayerConnection_PlayerConnection_o* __this, System_Guid_o messageId, int32_t timeout, const MethodInfo* method);"
39341296,UnityEngine.Networking.PlayerConnection.PlayerConnection.<>c__DisplayClass20_0$$.ctor,"void UnityEngine_Networking_PlayerConnection_PlayerConnection___c__DisplayClass20_0___ctor (UnityEngine_Networking_PlayerConnection_PlayerConnection___c__DisplayClass20_0_o* __this, const MethodInfo* method);"
39341304,UnityEngine.Networking.PlayerConnection.PlayerConnection$$DisconnectAll,"void UnityEngine_Networking_PlayerConnection_PlayerConnection__DisconnectAll (UnityEngine_Networking_PlayerConnection_PlayerConnection_o* __this, const MethodInfo* method);"
39341460,UnityEngine.Networking.PlayerConnection.PlayerConnection$$MessageCallbackInternal,"void UnityEngine_Networking_PlayerConnection_PlayerConnection__MessageCallbackInternal (intptr_t data, uint64_t size, uint64_t guid, System_String_o* messageId, const MethodInfo* method);"
39341740,UnityEngine.Networking.PlayerConnection.PlayerConnection$$ConnectedCallbackInternal,"void UnityEngine_Networking_PlayerConnection_PlayerConnection__ConnectedCallbackInternal (int32_t playerId, const MethodInfo* method);"
39341960,UnityEngine.Networking.PlayerConnection.PlayerConnection$$DisconnectedCallback,"void UnityEngine_Networking_PlayerConnection_PlayerConnection__DisconnectedCallback (int32_t playerId, const MethodInfo* method);"
39342108,UnityEngine.Networking.PlayerConnection.PlayerConnection$$.ctor,"void UnityEngine_Networking_PlayerConnection_PlayerConnection___ctor (UnityEngine_Networking_PlayerConnection_PlayerConnection_o* __this, const MethodInfo* method);"
39342272,UnityEngine.Networking.PlayerConnection.PlayerConnection.<>c__DisplayClass12_0$$<Register>b__0,"bool UnityEngine_Networking_PlayerConnection_PlayerConnection___c__DisplayClass12_0___Register_b__0 (UnityEngine_Networking_PlayerConnection_PlayerConnection___c__DisplayClass12_0_o* __this, UnityEngine_Networking_PlayerConnection_PlayerEditorConnectionEvents_MessageTypeSubscribers_o* x, const MethodInfo* method);"
39342344,UnityEngine.Networking.PlayerConnection.PlayerConnection.<>c__DisplayClass13_0$$<Unregister>b__0,"bool UnityEngine_Networking_PlayerConnection_PlayerConnection___c__DisplayClass13_0___Unregister_b__0 (UnityEngine_Networking_PlayerConnection_PlayerConnection___c__DisplayClass13_0_o* __this, UnityEngine_Networking_PlayerConnection_PlayerEditorConnectionEvents_MessageTypeSubscribers_o* x, const MethodInfo* method);"
39342416,UnityEngine.Networking.PlayerConnection.PlayerConnection.<>c__DisplayClass20_0$$<BlockUntilRecvMsg>b__0,"void UnityEngine_Networking_PlayerConnection_PlayerConnection___c__DisplayClass20_0___BlockUntilRecvMsg_b__0 (UnityEngine_Networking_PlayerConnection_PlayerConnection___c__DisplayClass20_0_o* __this, UnityEngine_Networking_PlayerConnection_MessageEventArgs_o* args, const MethodInfo* method);"
41301264,UnityEngine.Networking.UnityWebRequestAssetBundle$$GetAssetBundle,"UnityEngine_Networking_UnityWebRequest_o* UnityEngine_Networking_UnityWebRequestAssetBundle__GetAssetBundle (System_String_o* uri, const MethodInfo* method);"
41301272,UnityEngine.Networking.UnityWebRequestAssetBundle$$GetAssetBundle,"UnityEngine_Networking_UnityWebRequest_o* UnityEngine_Networking_UnityWebRequestAssetBundle__GetAssetBundle (System_String_o* uri, uint32_t crc, const MethodInfo* method);"
41301464,UnityEngine.Networking.DownloadHandlerAssetBundle$$.ctor,"void UnityEngine_Networking_DownloadHandlerAssetBundle___ctor (UnityEngine_Networking_DownloadHandlerAssetBundle_o* __this, System_String_o* url, uint32_t crc, const MethodInfo* method);"
41301564,UnityEngine.Networking.DownloadHandlerAssetBundle$$Create,"intptr_t UnityEngine_Networking_DownloadHandlerAssetBundle__Create (UnityEngine_Networking_DownloadHandlerAssetBundle_o* obj, System_String_o* url, uint32_t crc, const MethodInfo* method);"
41301648,UnityEngine.Networking.DownloadHandlerAssetBundle$$InternalCreateAssetBundle,"void UnityEngine_Networking_DownloadHandlerAssetBundle__InternalCreateAssetBundle (UnityEngine_Networking_DownloadHandlerAssetBundle_o* __this, System_String_o* url, uint32_t crc, const MethodInfo* method);"
41301740,UnityEngine.Networking.DownloadHandlerAssetBundle$$GetData,"System_Byte_array* UnityEngine_Networking_DownloadHandlerAssetBundle__GetData (UnityEngine_Networking_DownloadHandlerAssetBundle_o* __this, const MethodInfo* method);"
41301820,UnityEngine.Networking.DownloadHandlerAssetBundle$$GetText,"System_String_o* UnityEngine_Networking_DownloadHandlerAssetBundle__GetText (UnityEngine_Networking_DownloadHandlerAssetBundle_o* __this, const MethodInfo* method);"
41301900,UnityEngine.Networking.DownloadHandlerAssetBundle$$get_assetBundle,"UnityEngine_AssetBundle_o* UnityEngine_Networking_DownloadHandlerAssetBundle__get_assetBundle (UnityEngine_Networking_DownloadHandlerAssetBundle_o* __this, const MethodInfo* method);"
41301960,UnityEngine.Networking.DownloadHandlerAssetBundle$$GetContent,"UnityEngine_AssetBundle_o* UnityEngine_Networking_DownloadHandlerAssetBundle__GetContent (UnityEngine_Networking_UnityWebRequest_o* www, const MethodInfo* method);"
41314380,UnityEngine.Networking.UnityWebRequestAsyncOperation$$set_webRequest,"void UnityEngine_Networking_UnityWebRequestAsyncOperation__set_webRequest (UnityEngine_Networking_UnityWebRequestAsyncOperation_o* __this, UnityEngine_Networking_UnityWebRequest_o* value, const MethodInfo* method);"
41314388,UnityEngine.Networking.UnityWebRequestAsyncOperation$$.ctor,"void UnityEngine_Networking_UnityWebRequestAsyncOperation___ctor (UnityEngine_Networking_UnityWebRequestAsyncOperation_o* __this, const MethodInfo* method);"
41314396,UnityEngine.Networking.UnityWebRequest$$GetWebErrorString,"System_String_o* UnityEngine_Networking_UnityWebRequest__GetWebErrorString (int32_t err, const MethodInfo* method);"
41314456,UnityEngine.Networking.UnityWebRequest$$GetHTTPStatusString,"System_String_o* UnityEngine_Networking_UnityWebRequest__GetHTTPStatusString (int64_t responseCode, const MethodInfo* method);"
41314516,UnityEngine.Networking.UnityWebRequest$$get_disposeCertificateHandlerOnDispose,"bool UnityEngine_Networking_UnityWebRequest__get_disposeCertificateHandlerOnDispose (UnityEngine_Networking_UnityWebRequest_o* __this, const MethodInfo* method);"
41314524,UnityEngine.Networking.UnityWebRequest$$set_disposeCertificateHandlerOnDispose,"void UnityEngine_Networking_UnityWebRequest__set_disposeCertificateHandlerOnDispose (UnityEngine_Networking_UnityWebRequest_o* __this, bool value, const MethodInfo* method);"
41314536,UnityEngine.Networking.UnityWebRequest$$get_disposeDownloadHandlerOnDispose,"bool UnityEngine_Networking_UnityWebRequest__get_disposeDownloadHandlerOnDispose (UnityEngine_Networking_UnityWebRequest_o* __this, const MethodInfo* method);"
41314544,UnityEngine.Networking.UnityWebRequest$$set_disposeDownloadHandlerOnDispose,"void UnityEngine_Networking_UnityWebRequest__set_disposeDownloadHandlerOnDispose (UnityEngine_Networking_UnityWebRequest_o* __this, bool value, const MethodInfo* method);"
41314556,UnityEngine.Networking.UnityWebRequest$$get_disposeUploadHandlerOnDispose,"bool UnityEngine_Networking_UnityWebRequest__get_disposeUploadHandlerOnDispose (UnityEngine_Networking_UnityWebRequest_o* __this, const MethodInfo* method);"
41314564,UnityEngine.Networking.UnityWebRequest$$set_disposeUploadHandlerOnDispose,"void UnityEngine_Networking_UnityWebRequest__set_disposeUploadHandlerOnDispose (UnityEngine_Networking_UnityWebRequest_o* __this, bool value, const MethodInfo* method);"
41314576,UnityEngine.Networking.UnityWebRequest$$Create,intptr_t UnityEngine_Networking_UnityWebRequest__Create (const MethodInfo* method);
41314616,UnityEngine.Networking.UnityWebRequest$$Release,"void UnityEngine_Networking_UnityWebRequest__Release (UnityEngine_Networking_UnityWebRequest_o* __this, const MethodInfo* method);"
41314676,UnityEngine.Networking.UnityWebRequest$$InternalDestroy,"void UnityEngine_Networking_UnityWebRequest__InternalDestroy (UnityEngine_Networking_UnityWebRequest_o* __this, const MethodInfo* method);"
41314864,UnityEngine.Networking.UnityWebRequest$$Abort,"void UnityEngine_Networking_UnityWebRequest__Abort (UnityEngine_Networking_UnityWebRequest_o* __this, const MethodInfo* method);"
41314924,UnityEngine.Networking.UnityWebRequest$$InternalSetDefaults,"void UnityEngine_Networking_UnityWebRequest__InternalSetDefaults (UnityEngine_Networking_UnityWebRequest_o* __this, const MethodInfo* method);"
41314944,UnityEngine.Networking.UnityWebRequest$$.ctor,"void UnityEngine_Networking_UnityWebRequest___ctor (UnityEngine_Networking_UnityWebRequest_o* __this, const MethodInfo* method);"
41315032,UnityEngine.Networking.UnityWebRequest$$.ctor,"void UnityEngine_Networking_UnityWebRequest___ctor (UnityEngine_Networking_UnityWebRequest_o* __this, System_String_o* url, System_String_o* method, const MethodInfo* method);"
41315156,UnityEngine.Networking.UnityWebRequest$$set_url,"void UnityEngine_Networking_UnityWebRequest__set_url (UnityEngine_Networking_UnityWebRequest_o* __this, System_String_o* value, const MethodInfo* method);"
41315292,UnityEngine.Networking.UnityWebRequest$$set_method,"void UnityEngine_Networking_UnityWebRequest__set_method (UnityEngine_Networking_UnityWebRequest_o* __this, System_String_o* value, const MethodInfo* method);"
41315680,UnityEngine.Networking.UnityWebRequest$$.ctor,"void UnityEngine_Networking_UnityWebRequest___ctor (UnityEngine_Networking_UnityWebRequest_o* __this, System_String_o* url, System_String_o* method, UnityEngine_Networking_DownloadHandler_o* downloadHandler, UnityEngine_Networking_UploadHandler_o* uploadHandler, const MethodInfo* method);"
41315844,UnityEngine.Networking.UnityWebRequest$$set_downloadHandler,"void UnityEngine_Networking_UnityWebRequest__set_downloadHandler (UnityEngine_Networking_UnityWebRequest_o* __this, UnityEngine_Networking_DownloadHandler_o* value, const MethodInfo* method);"
41316116,UnityEngine.Networking.UnityWebRequest$$set_uploadHandler,"void UnityEngine_Networking_UnityWebRequest__set_uploadHandler (UnityEngine_Networking_UnityWebRequest_o* __this, UnityEngine_Networking_UploadHandler_o* value, const MethodInfo* method);"
41316388,UnityEngine.Networking.UnityWebRequest$$Finalize,"void UnityEngine_Networking_UnityWebRequest__Finalize (UnityEngine_Networking_UnityWebRequest_o* __this, const MethodInfo* method);"
41316544,UnityEngine.Networking.UnityWebRequest$$DisposeHandlers,"void UnityEngine_Networking_UnityWebRequest__DisposeHandlers (UnityEngine_Networking_UnityWebRequest_o* __this, const MethodInfo* method);"
41316640,UnityEngine.Networking.UnityWebRequest$$Dispose,"void UnityEngine_Networking_UnityWebRequest__Dispose (UnityEngine_Networking_UnityWebRequest_o* __this, const MethodInfo* method);"
41316744,UnityEngine.Networking.UnityWebRequest$$get_downloadHandler,"UnityEngine_Networking_DownloadHandler_o* UnityEngine_Networking_UnityWebRequest__get_downloadHandler (UnityEngine_Networking_UnityWebRequest_o* __this, const MethodInfo* method);"
41316752,UnityEngine.Networking.UnityWebRequest$$get_uploadHandler,"UnityEngine_Networking_UploadHandler_o* UnityEngine_Networking_UnityWebRequest__get_uploadHandler (UnityEngine_Networking_UnityWebRequest_o* __this, const MethodInfo* method);"
41316760,UnityEngine.Networking.UnityWebRequest$$get_certificateHandler,"UnityEngine_Networking_CertificateHandler_o* UnityEngine_Networking_UnityWebRequest__get_certificateHandler (UnityEngine_Networking_UnityWebRequest_o* __this, const MethodInfo* method);"
41316768,UnityEngine.Networking.CertificateHandler$$Dispose,"void UnityEngine_Networking_CertificateHandler__Dispose (UnityEngine_Networking_CertificateHandler_o* __this, const MethodInfo* method);"
41316916,UnityEngine.Networking.UnityWebRequest$$BeginWebRequest,"UnityEngine_Networking_UnityWebRequestAsyncOperation_o* UnityEngine_Networking_UnityWebRequest__BeginWebRequest (UnityEngine_Networking_UnityWebRequest_o* __this, const MethodInfo* method);"
41316976,UnityEngine.Networking.UnityWebRequest$$SendWebRequest,"UnityEngine_Networking_UnityWebRequestAsyncOperation_o* UnityEngine_Networking_UnityWebRequest__SendWebRequest (UnityEngine_Networking_UnityWebRequest_o* __this, const MethodInfo* method);"
41317048,UnityEngine.Networking.UnityWebRequest$$SetMethod,"int32_t UnityEngine_Networking_UnityWebRequest__SetMethod (UnityEngine_Networking_UnityWebRequest_o* __this, int32_t methodType, const MethodInfo* method);"
41317116,UnityEngine.Networking.UnityWebRequest$$InternalSetMethod,"void UnityEngine_Networking_UnityWebRequest__InternalSetMethod (UnityEngine_Networking_UnityWebRequest_o* __this, int32_t methodType, const MethodInfo* method);"
41317384,UnityEngine.Networking.UnityWebRequest$$get_isModifiable,"bool UnityEngine_Networking_UnityWebRequest__get_isModifiable (UnityEngine_Networking_UnityWebRequest_o* __this, const MethodInfo* method);"
41317444,UnityEngine.Networking.UnityWebRequest$$SetCustomMethod,"int32_t UnityEngine_Networking_UnityWebRequest__SetCustomMethod (UnityEngine_Networking_UnityWebRequest_o* __this, System_String_o* customMethodName, const MethodInfo* method);"
41317512,UnityEngine.Networking.UnityWebRequest$$InternalSetCustomMethod,"void UnityEngine_Networking_UnityWebRequest__InternalSetCustomMethod (UnityEngine_Networking_UnityWebRequest_o* __this, System_String_o* customMethodName, const MethodInfo* method);"
41317780,UnityEngine.Networking.UnityWebRequest$$GetError,"int32_t UnityEngine_Networking_UnityWebRequest__GetError (UnityEngine_Networking_UnityWebRequest_o* __this, const MethodInfo* method);"
41317840,UnityEngine.Networking.UnityWebRequest$$get_error,"System_String_o* UnityEngine_Networking_UnityWebRequest__get_error (UnityEngine_Networking_UnityWebRequest_o* __this, const MethodInfo* method);"
41318260,UnityEngine.Networking.UnityWebRequest$$get_result,"int32_t UnityEngine_Networking_UnityWebRequest__get_result (UnityEngine_Networking_UnityWebRequest_o* __this, const MethodInfo* method);"
41318320,UnityEngine.Networking.UnityWebRequest$$get_responseCode,"int64_t UnityEngine_Networking_UnityWebRequest__get_responseCode (UnityEngine_Networking_UnityWebRequest_o* __this, const MethodInfo* method);"
41318380,UnityEngine.Networking.UnityWebRequest$$get_url,"System_String_o* UnityEngine_Networking_UnityWebRequest__get_url (UnityEngine_Networking_UnityWebRequest_o* __this, const MethodInfo* method);"
41318440,UnityEngine.Networking.UnityWebRequest$$GetUrl,"System_String_o* UnityEngine_Networking_UnityWebRequest__GetUrl (UnityEngine_Networking_UnityWebRequest_o* __this, const MethodInfo* method);"
41318500,UnityEngine.Networking.UnityWebRequest$$InternalSetUrl,"void UnityEngine_Networking_UnityWebRequest__InternalSetUrl (UnityEngine_Networking_UnityWebRequest_o* __this, System_String_o* url, const MethodInfo* method);"
41318768,UnityEngine.Networking.UnityWebRequest$$SetUrl,"int32_t UnityEngine_Networking_UnityWebRequest__SetUrl (UnityEngine_Networking_UnityWebRequest_o* __this, System_String_o* url, const MethodInfo* method);"
41318836,UnityEngine.Networking.UnityWebRequest$$IsExecuting,"bool UnityEngine_Networking_UnityWebRequest__IsExecuting (UnityEngine_Networking_UnityWebRequest_o* __this, const MethodInfo* method);"
41318896,UnityEngine.Networking.UnityWebRequest$$get_isDone,"bool UnityEngine_Networking_UnityWebRequest__get_isDone (UnityEngine_Networking_UnityWebRequest_o* __this, const MethodInfo* method);"
41318968,UnityEngine.Networking.UnityWebRequest$$GetDownloadProgress,"float UnityEngine_Networking_UnityWebRequest__GetDownloadProgress (UnityEngine_Networking_UnityWebRequest_o* __this, const MethodInfo* method);"
41319028,UnityEngine.Networking.UnityWebRequest$$get_downloadProgress,"float UnityEngine_Networking_UnityWebRequest__get_downloadProgress (UnityEngine_Networking_UnityWebRequest_o* __this, const MethodInfo* method);"
41319192,UnityEngine.Networking.UnityWebRequest$$InternalSetRequestHeader,"int32_t UnityEngine_Networking_UnityWebRequest__InternalSetRequestHeader (UnityEngine_Networking_UnityWebRequest_o* __this, System_String_o* name, System_String_o* value, const MethodInfo* method);"
41319276,UnityEngine.Networking.UnityWebRequest$$SetRequestHeader,"void UnityEngine_Networking_UnityWebRequest__SetRequestHeader (UnityEngine_Networking_UnityWebRequest_o* __this, System_String_o* name, System_String_o* value, const MethodInfo* method);"
41319672,UnityEngine.Networking.UnityWebRequest$$SetUploadHandler,"int32_t UnityEngine_Networking_UnityWebRequest__SetUploadHandler (UnityEngine_Networking_UnityWebRequest_o* __this, UnityEngine_Networking_UploadHandler_o* uh, const MethodInfo* method);"
41319740,UnityEngine.Networking.UnityWebRequest$$SetDownloadHandler,"int32_t UnityEngine_Networking_UnityWebRequest__SetDownloadHandler (UnityEngine_Networking_UnityWebRequest_o* __this, UnityEngine_Networking_DownloadHandler_o* dh, const MethodInfo* method);"
41319808,UnityEngine.Networking.UnityWebRequest$$SetTimeoutMsec,"int32_t UnityEngine_Networking_UnityWebRequest__SetTimeoutMsec (UnityEngine_Networking_UnityWebRequest_o* __this, int32_t timeout, const MethodInfo* method);"
41319876,UnityEngine.Networking.UnityWebRequest$$set_timeout,"void UnityEngine_Networking_UnityWebRequest__set_timeout (UnityEngine_Networking_UnityWebRequest_o* __this, int32_t value, const MethodInfo* method);"
41320224,UnityEngine.Networking.UnityWebRequest$$Get,"UnityEngine_Networking_UnityWebRequest_o* UnityEngine_Networking_UnityWebRequest__Get (System_String_o* uri, const MethodInfo* method);"
41320392,UnityEngine.Networking.DownloadHandlerBuffer$$.ctor,"void UnityEngine_Networking_DownloadHandlerBuffer___ctor (UnityEngine_Networking_DownloadHandlerBuffer_o* __this, const MethodInfo* method);"
41320468,UnityEngine.Networking.UnityWebRequest$$Post,"UnityEngine_Networking_UnityWebRequest_o* UnityEngine_Networking_UnityWebRequest__Post (System_String_o* uri, System_String_o* postData, const MethodInfo* method);"
41320612,UnityEngine.Networking.UnityWebRequest$$SetupPost,"void UnityEngine_Networking_UnityWebRequest__SetupPost (UnityEngine_Networking_UnityWebRequest_o* request, System_String_o* postData, const MethodInfo* method);"
41320964,UnityEngine.Networking.UploadHandlerRaw$$.ctor,"void UnityEngine_Networking_UploadHandlerRaw___ctor (UnityEngine_Networking_UploadHandlerRaw_o* __this, System_Byte_array* data, const MethodInfo* method);"
41321104,UnityEngine.Networking.UploadHandler$$set_contentType,"void UnityEngine_Networking_UploadHandler__set_contentType (UnityEngine_Networking_UploadHandler_o* __this, System_String_o* value, const MethodInfo* method);"
41321116,UnityEngine.Networking.UnityWebRequest$$Post,"UnityEngine_Networking_UnityWebRequest_o* UnityEngine_Networking_UnityWebRequest__Post (System_String_o* uri, UnityEngine_WWWForm_o* formData, const MethodInfo* method);"
41321260,UnityEngine.Networking.UnityWebRequest$$SetupPost,"void UnityEngine_Networking_UnityWebRequest__SetupPost (UnityEngine_Networking_UnityWebRequest_o* request, UnityEngine_WWWForm_o* formData, const MethodInfo* method);"
41321752,UnityEngine.Networking.UnityWebRequest$$GenerateBoundary,System_Byte_array* UnityEngine_Networking_UnityWebRequest__GenerateBoundary (const MethodInfo* method);
41321920,UnityEngine.Networking.CertificateHandler$$Create,"intptr_t UnityEngine_Networking_CertificateHandler__Create (UnityEngine_Networking_CertificateHandler_o* obj, const MethodInfo* method);"
41321980,UnityEngine.Networking.CertificateHandler$$Release,"void UnityEngine_Networking_CertificateHandler__Release (UnityEngine_Networking_CertificateHandler_o* __this, const MethodInfo* method);"
41322040,UnityEngine.Networking.CertificateHandler$$.ctor,"void UnityEngine_Networking_CertificateHandler___ctor (UnityEngine_Networking_CertificateHandler_o* __this, const MethodInfo* method);"
41322116,UnityEngine.Networking.CertificateHandler$$Finalize,"void UnityEngine_Networking_CertificateHandler__Finalize (UnityEngine_Networking_CertificateHandler_o* __this, const MethodInfo* method);"
41322264,UnityEngine.Networking.CertificateHandler$$ValidateCertificate,"bool UnityEngine_Networking_CertificateHandler__ValidateCertificate (UnityEngine_Networking_CertificateHandler_o* __this, System_Byte_array* certificateData, const MethodInfo* method);"
41322272,UnityEngine.Networking.CertificateHandler$$ValidateCertificateNative,"bool UnityEngine_Networking_CertificateHandler__ValidateCertificateNative (UnityEngine_Networking_CertificateHandler_o* __this, System_Byte_array* certificateData, const MethodInfo* method);"
41322284,UnityEngine.Networking.UploadHandler$$Release,"void UnityEngine_Networking_UploadHandler__Release (UnityEngine_Networking_UploadHandler_o* __this, const MethodInfo* method);"
41322344,UnityEngine.Networking.UploadHandler$$.ctor,"void UnityEngine_Networking_UploadHandler___ctor (UnityEngine_Networking_UploadHandler_o* __this, const MethodInfo* method);"
41322352,UnityEngine.Networking.UploadHandler$$Finalize,"void UnityEngine_Networking_UploadHandler__Finalize (UnityEngine_Networking_UploadHandler_o* __this, const MethodInfo* method);"
41322508,UnityEngine.Networking.UploadHandler$$Dispose,"void UnityEngine_Networking_UploadHandler__Dispose (UnityEngine_Networking_UploadHandler_o* __this, const MethodInfo* method);"
41322656,UnityEngine.Networking.UploadHandler$$SetContentType,"void UnityEngine_Networking_UploadHandler__SetContentType (UnityEngine_Networking_UploadHandler_o* __this, System_String_o* newContentType, const MethodInfo* method);"
41322724,UnityEngine.Networking.UploadHandler$$InternalSetContentType,"void UnityEngine_Networking_UploadHandler__InternalSetContentType (UnityEngine_Networking_UploadHandler_o* __this, System_String_o* newContentType, const MethodInfo* method);"
41322792,UnityEngine.Networking.UploadHandlerRaw$$Create,"intptr_t UnityEngine_Networking_UploadHandlerRaw__Create (UnityEngine_Networking_UploadHandlerRaw_o* self, uint8_t* data, int32_t dataLength, const MethodInfo* method);"
41322876,UnityEngine.Networking.UploadHandlerRaw$$.ctor,"void UnityEngine_Networking_UploadHandlerRaw___ctor (UnityEngine_Networking_UploadHandlerRaw_o* __this, Unity_Collections_NativeArray_byte__o data, bool transferOwnership, const MethodInfo* method);"
41323120,UnityEngine.Networking.UploadHandlerRaw$$Dispose,"void UnityEngine_Networking_UploadHandlerRaw__Dispose (UnityEngine_Networking_UploadHandlerRaw_o* __this, const MethodInfo* method);"
41323220,UnityEngine.Networking.DownloadHandler$$Release,"void UnityEngine_Networking_DownloadHandler__Release (UnityEngine_Networking_DownloadHandler_o* __this, const MethodInfo* method);"
41323280,UnityEngine.Networking.DownloadHandler$$.ctor,"void UnityEngine_Networking_DownloadHandler___ctor (UnityEngine_Networking_DownloadHandler_o* __this, const MethodInfo* method);"
41323288,UnityEngine.Networking.DownloadHandler$$Finalize,"void UnityEngine_Networking_DownloadHandler__Finalize (UnityEngine_Networking_DownloadHandler_o* __this, const MethodInfo* method);"
41323444,UnityEngine.Networking.DownloadHandler$$Dispose,"void UnityEngine_Networking_DownloadHandler__Dispose (UnityEngine_Networking_DownloadHandler_o* __this, const MethodInfo* method);"
41323592,UnityEngine.Networking.DownloadHandler$$get_error,"System_String_o* UnityEngine_Networking_DownloadHandler__get_error (UnityEngine_Networking_DownloadHandler_o* __this, const MethodInfo* method);"
41323652,UnityEngine.Networking.DownloadHandler$$GetErrorMsg,"System_String_o* UnityEngine_Networking_DownloadHandler__GetErrorMsg (UnityEngine_Networking_DownloadHandler_o* __this, const MethodInfo* method);"
41323712,UnityEngine.Networking.DownloadHandler$$get_data,"System_Byte_array* UnityEngine_Networking_DownloadHandler__get_data (UnityEngine_Networking_DownloadHandler_o* __this, const MethodInfo* method);"
41323724,UnityEngine.Networking.DownloadHandler$$get_text,"System_String_o* UnityEngine_Networking_DownloadHandler__get_text (UnityEngine_Networking_DownloadHandler_o* __this, const MethodInfo* method);"
41323736,UnityEngine.Networking.DownloadHandler$$GetNativeData,"Unity_Collections_NativeArray_byte__o UnityEngine_Networking_DownloadHandler__GetNativeData (UnityEngine_Networking_DownloadHandler_o* __this, const MethodInfo* method);"
41323748,UnityEngine.Networking.DownloadHandler$$GetData,"System_Byte_array* UnityEngine_Networking_DownloadHandler__GetData (UnityEngine_Networking_DownloadHandler_o* __this, const MethodInfo* method);"
41323752,UnityEngine.Networking.DownloadHandler$$InternalGetByteArray,"System_Byte_array* UnityEngine_Networking_DownloadHandler__InternalGetByteArray (UnityEngine_Networking_DownloadHandler_o* dh, const MethodInfo* method);"
41323884,UnityEngine.Networking.DownloadHandler$$GetText,"System_String_o* UnityEngine_Networking_DownloadHandler__GetText (UnityEngine_Networking_DownloadHandler_o* __this, const MethodInfo* method);"
41324076,UnityEngine.Networking.DownloadHandler$$GetTextEncoder,"System_Text_Encoding_o* UnityEngine_Networking_DownloadHandler__GetTextEncoder (UnityEngine_Networking_DownloadHandler_o* __this, const MethodInfo* method);"
41324700,UnityEngine.Networking.DownloadHandler$$GetContentType,"System_String_o* UnityEngine_Networking_DownloadHandler__GetContentType (UnityEngine_Networking_DownloadHandler_o* __this, const MethodInfo* method);"
41324760,UnityEngine.Networking.DownloadHandler$$ReceiveData,"bool UnityEngine_Networking_DownloadHandler__ReceiveData (UnityEngine_Networking_DownloadHandler_o* __this, System_Byte_array* data, int32_t dataLength, const MethodInfo* method);"
41324768,UnityEngine.Networking.DownloadHandler$$ReceiveContentLengthHeader,"void UnityEngine_Networking_DownloadHandler__ReceiveContentLengthHeader (UnityEngine_Networking_DownloadHandler_o* __this, uint64_t contentLength, const MethodInfo* method);"
41324780,UnityEngine.Networking.DownloadHandler$$ReceiveContentLength,"void UnityEngine_Networking_DownloadHandler__ReceiveContentLength (UnityEngine_Networking_DownloadHandler_o* __this, int32_t contentLength, const MethodInfo* method);"
41324784,UnityEngine.Networking.DownloadHandler$$CompleteContent,"void UnityEngine_Networking_DownloadHandler__CompleteContent (UnityEngine_Networking_DownloadHandler_o* __this, const MethodInfo* method);"
41324788,UnityEngine.Networking.DownloadHandler$$GetProgress,"float UnityEngine_Networking_DownloadHandler__GetProgress (UnityEngine_Networking_DownloadHandler_o* __this, const MethodInfo* method);"
41324796,UnityEngine.Networking.DownloadHandler$$InternalGetByteArray,"uint8_t* UnityEngine_Networking_DownloadHandler__InternalGetByteArray (UnityEngine_Networking_DownloadHandler_o* dh, int32_t* length, const MethodInfo* method);"
41324864,UnityEngine.Networking.DownloadHandler$$InternalGetNativeArray,"Unity_Collections_NativeArray_byte__o UnityEngine_Networking_DownloadHandler__InternalGetNativeArray (UnityEngine_Networking_DownloadHandler_o* dh, Unity_Collections_NativeArray_byte__o* nativeArray, const MethodInfo* method);"
41325080,UnityEngine.Networking.DownloadHandler$$DisposeNativeArray,"void UnityEngine_Networking_DownloadHandler__DisposeNativeArray (Unity_Collections_NativeArray_byte__o* data, const MethodInfo* method);"
41325148,UnityEngine.Networking.DownloadHandler$$CreateNativeArrayForNativeData,"void UnityEngine_Networking_DownloadHandler__CreateNativeArrayForNativeData (Unity_Collections_NativeArray_byte__o* data, uint8_t* bytes, int32_t length, const MethodInfo* method);"
41325252,UnityEngine.Networking.DownloadHandlerBuffer$$Create,"intptr_t UnityEngine_Networking_DownloadHandlerBuffer__Create (UnityEngine_Networking_DownloadHandlerBuffer_o* obj, const MethodInfo* method);"
41325312,UnityEngine.Networking.DownloadHandlerBuffer$$InternalCreateBuffer,"void UnityEngine_Networking_DownloadHandlerBuffer__InternalCreateBuffer (UnityEngine_Networking_DownloadHandlerBuffer_o* __this, const MethodInfo* method);"
41325380,UnityEngine.Networking.DownloadHandlerBuffer$$GetNativeData,"Unity_Collections_NativeArray_byte__o UnityEngine_Networking_DownloadHandlerBuffer__GetNativeData (UnityEngine_Networking_DownloadHandlerBuffer_o* __this, const MethodInfo* method);"
41325388,UnityEngine.Networking.DownloadHandlerBuffer$$Dispose,"void UnityEngine_Networking_DownloadHandlerBuffer__Dispose (UnityEngine_Networking_DownloadHandlerBuffer_o* __this, const MethodInfo* method);"
41325464,UnityEngine.Networking.DownloadHandlerScript$$Create,"intptr_t UnityEngine_Networking_DownloadHandlerScript__Create (UnityEngine_Networking_DownloadHandlerScript_o* obj, const MethodInfo* method);"
41325524,UnityEngine.Networking.DownloadHandlerScript$$CreatePreallocated,"intptr_t UnityEngine_Networking_DownloadHandlerScript__CreatePreallocated (UnityEngine_Networking_DownloadHandlerScript_o* obj, System_Byte_array* preallocatedBuffer, const MethodInfo* method);"
41325592,UnityEngine.Networking.DownloadHandlerScript$$InternalCreateScript,"void UnityEngine_Networking_DownloadHandlerScript__InternalCreateScript (UnityEngine_Networking_DownloadHandlerScript_o* __this, const MethodInfo* method);"
41325660,UnityEngine.Networking.DownloadHandlerScript$$InternalCreateScript,"void UnityEngine_Networking_DownloadHandlerScript__InternalCreateScript (UnityEngine_Networking_DownloadHandlerScript_o* __this, System_Byte_array* preallocatedBuffer, const MethodInfo* method);"
41325736,UnityEngine.Networking.DownloadHandlerScript$$.ctor,"void UnityEngine_Networking_DownloadHandlerScript___ctor (UnityEngine_Networking_DownloadHandlerScript_o* __this, const MethodInfo* method);"
41325812,UnityEngine.Networking.DownloadHandlerScript$$.ctor,"void UnityEngine_Networking_DownloadHandlerScript___ctor (UnityEngine_Networking_DownloadHandlerScript_o* __this, System_Byte_array* preallocatedBuffer, const MethodInfo* method);"
41325988,UnityEngine.Networking.UnityWebRequestTexture$$GetTexture,"UnityEngine_Networking_UnityWebRequest_o* UnityEngine_Networking_UnityWebRequestTexture__GetTexture (System_String_o* uri, const MethodInfo* method);"
41325996,UnityEngine.Networking.UnityWebRequestTexture$$GetTexture,"UnityEngine_Networking_UnityWebRequest_o* UnityEngine_Networking_UnityWebRequestTexture__GetTexture (System_String_o* uri, bool nonReadable, const MethodInfo* method);"
41326188,UnityEngine.Networking.DownloadHandlerTexture$$.ctor,"void UnityEngine_Networking_DownloadHandlerTexture___ctor (UnityEngine_Networking_DownloadHandlerTexture_o* __this, bool readable, const MethodInfo* method);"
41326284,UnityEngine.Networking.DownloadHandlerTexture$$Create,"intptr_t UnityEngine_Networking_DownloadHandlerTexture__Create (UnityEngine_Networking_DownloadHandlerTexture_o* obj, bool readable, const MethodInfo* method);"
41326352,UnityEngine.Networking.DownloadHandlerTexture$$InternalCreateTexture,"void UnityEngine_Networking_DownloadHandlerTexture__InternalCreateTexture (UnityEngine_Networking_DownloadHandlerTexture_o* __this, bool readable, const MethodInfo* method);"
41326428,UnityEngine.Networking.DownloadHandlerTexture$$GetNativeData,"Unity_Collections_NativeArray_byte__o UnityEngine_Networking_DownloadHandlerTexture__GetNativeData (UnityEngine_Networking_DownloadHandlerTexture_o* __this, const MethodInfo* method);"
41326440,UnityEngine.Networking.DownloadHandlerTexture$$Dispose,"void UnityEngine_Networking_DownloadHandlerTexture__Dispose (UnityEngine_Networking_DownloadHandlerTexture_o* __this, const MethodInfo* method);"
41326476,UnityEngine.Networking.DownloadHandlerTexture$$get_texture,"UnityEngine_Texture2D_o* UnityEngine_Networking_DownloadHandlerTexture__get_texture (UnityEngine_Networking_DownloadHandlerTexture_o* __this, const MethodInfo* method);"
41326480,UnityEngine.Networking.DownloadHandlerTexture$$InternalGetTexture,"UnityEngine_Texture2D_o* UnityEngine_Networking_DownloadHandlerTexture__InternalGetTexture (UnityEngine_Networking_DownloadHandlerTexture_o* __this, const MethodInfo* method);"
41326944,UnityEngine.Networking.DownloadHandlerTexture$$InternalGetTextureNative,"UnityEngine_Texture2D_o* UnityEngine_Networking_DownloadHandlerTexture__InternalGetTextureNative (UnityEngine_Networking_DownloadHandlerTexture_o* __this, const MethodInfo* method);"
41327004,UnityEngine.Networking.DownloadHandlerTexture$$ClearNativeTexture,"void UnityEngine_Networking_DownloadHandlerTexture__ClearNativeTexture (UnityEngine_Networking_DownloadHandlerTexture_o* __this, const MethodInfo* method);"
41327064,UnityEngine.Networking.DownloadHandlerTexture$$GetContent,"UnityEngine_Texture2D_o* UnityEngine_Networking_DownloadHandlerTexture__GetContent (UnityEngine_Networking_UnityWebRequest_o* www, const MethodInfo* method);"
41340224,UnityWebSocket.CloseEventArgs$$.ctor,"void UnityWebSocket_CloseEventArgs___ctor (UnityWebSocket_CloseEventArgs_o* __this, const MethodInfo* method);"
41340312,UnityWebSocket.CloseEventArgs$$.ctor,"void UnityWebSocket_CloseEventArgs___ctor (UnityWebSocket_CloseEventArgs_o* __this, uint16_t code, const MethodInfo* method);"
41340320,UnityWebSocket.CloseEventArgs$$.ctor,"void UnityWebSocket_CloseEventArgs___ctor (UnityWebSocket_CloseEventArgs_o* __this, uint16_t code, System_String_o* reason, const MethodInfo* method);"
41340436,UnityWebSocket.CloseEventArgs$$.ctor,"void UnityWebSocket_CloseEventArgs___ctor (UnityWebSocket_CloseEventArgs_o* __this, uint16_t code, const MethodInfo* method);"
41340444,UnityWebSocket.CloseEventArgs$$.ctor,"void UnityWebSocket_CloseEventArgs___ctor (UnityWebSocket_CloseEventArgs_o* __this, uint16_t code, System_String_o* reason, const MethodInfo* method);"
41340448,UnityWebSocket.CloseEventArgs$$get_Code,"uint16_t UnityWebSocket_CloseEventArgs__get_Code (UnityWebSocket_CloseEventArgs_o* __this, const MethodInfo* method);"
41340456,UnityWebSocket.CloseEventArgs$$set_Code,"void UnityWebSocket_CloseEventArgs__set_Code (UnityWebSocket_CloseEventArgs_o* __this, uint16_t value, const MethodInfo* method);"
41340464,UnityWebSocket.CloseEventArgs$$get_Reason,"System_String_o* UnityWebSocket_CloseEventArgs__get_Reason (UnityWebSocket_CloseEventArgs_o* __this, const MethodInfo* method);"
41340472,UnityWebSocket.CloseEventArgs$$set_Reason,"void UnityWebSocket_CloseEventArgs__set_Reason (UnityWebSocket_CloseEventArgs_o* __this, System_String_o* value, const MethodInfo* method);"
41340480,UnityWebSocket.CloseEventArgs$$get_WasClean,"bool UnityWebSocket_CloseEventArgs__get_WasClean (UnityWebSocket_CloseEventArgs_o* __this, const MethodInfo* method);"
41340488,UnityWebSocket.CloseEventArgs$$set_WasClean,"void UnityWebSocket_CloseEventArgs__set_WasClean (UnityWebSocket_CloseEventArgs_o* __this, bool value, const MethodInfo* method);"
41340500,UnityWebSocket.CloseEventArgs$$get_StatusCode,"uint16_t UnityWebSocket_CloseEventArgs__get_StatusCode (UnityWebSocket_CloseEventArgs_o* __this, const MethodInfo* method);"
41340744,UnityWebSocket.ErrorEventArgs$$.ctor,"void UnityWebSocket_ErrorEventArgs___ctor (UnityWebSocket_ErrorEventArgs_o* __this, System_String_o* message, const MethodInfo* method);"
41340752,UnityWebSocket.ErrorEventArgs$$.ctor,"void UnityWebSocket_ErrorEventArgs___ctor (UnityWebSocket_ErrorEventArgs_o* __this, System_String_o* message, System_Exception_o* exception, const MethodInfo* method);"
41340864,UnityWebSocket.ErrorEventArgs$$get_Exception,"System_Exception_o* UnityWebSocket_ErrorEventArgs__get_Exception (UnityWebSocket_ErrorEventArgs_o* __this, const MethodInfo* method);"
41340872,UnityWebSocket.ErrorEventArgs$$set_Exception,"void UnityWebSocket_ErrorEventArgs__set_Exception (UnityWebSocket_ErrorEventArgs_o* __this, System_Exception_o* value, const MethodInfo* method);"
41340880,UnityWebSocket.ErrorEventArgs$$get_Message,"System_String_o* UnityWebSocket_ErrorEventArgs__get_Message (UnityWebSocket_ErrorEventArgs_o* __this, const MethodInfo* method);"
41340888,UnityWebSocket.ErrorEventArgs$$set_Message,"void UnityWebSocket_ErrorEventArgs__set_Message (UnityWebSocket_ErrorEventArgs_o* __this, System_String_o* value, const MethodInfo* method);"
41340896,UnityWebSocket.MessageEventArgs$$.ctor,"void UnityWebSocket_MessageEventArgs___ctor (UnityWebSocket_MessageEventArgs_o* __this, uint8_t opcode, System_Byte_array* rawData, const MethodInfo* method);"
41341012,UnityWebSocket.MessageEventArgs$$.ctor,"void UnityWebSocket_MessageEventArgs___ctor (UnityWebSocket_MessageEventArgs_o* __this, uint8_t opcode, System_String_o* data, const MethodInfo* method);"
41341128,UnityWebSocket.MessageEventArgs$$get_Opcode,"uint8_t UnityWebSocket_MessageEventArgs__get_Opcode (UnityWebSocket_MessageEventArgs_o* __this, const MethodInfo* method);"
41341136,UnityWebSocket.MessageEventArgs$$set_Opcode,"void UnityWebSocket_MessageEventArgs__set_Opcode (UnityWebSocket_MessageEventArgs_o* __this, uint8_t value, const MethodInfo* method);"
41341144,UnityWebSocket.MessageEventArgs$$get_Data,"System_String_o* UnityWebSocket_MessageEventArgs__get_Data (UnityWebSocket_MessageEventArgs_o* __this, const MethodInfo* method);"
41341168,UnityWebSocket.MessageEventArgs$$SetData,"void UnityWebSocket_MessageEventArgs__SetData (UnityWebSocket_MessageEventArgs_o* __this, const MethodInfo* method);"
41341268,UnityWebSocket.MessageEventArgs$$get_RawData,"System_Byte_array* UnityWebSocket_MessageEventArgs__get_RawData (UnityWebSocket_MessageEventArgs_o* __this, const MethodInfo* method);"
41341292,UnityWebSocket.MessageEventArgs$$SetRawData,"void UnityWebSocket_MessageEventArgs__SetRawData (UnityWebSocket_MessageEventArgs_o* __this, const MethodInfo* method);"
41341364,UnityWebSocket.MessageEventArgs$$get_IsBinary,"bool UnityWebSocket_MessageEventArgs__get_IsBinary (UnityWebSocket_MessageEventArgs_o* __this, const MethodInfo* method);"
41341380,UnityWebSocket.MessageEventArgs$$get_IsText,"bool UnityWebSocket_MessageEventArgs__get_IsText (UnityWebSocket_MessageEventArgs_o* __this, const MethodInfo* method);"
41341396,UnityWebSocket.OpenEventArgs$$.ctor,"void UnityWebSocket_OpenEventArgs___ctor (UnityWebSocket_OpenEventArgs_o* __this, const MethodInfo* method);"
41341484,UnityWebSocket.WebSocket$$get_Address,"System_String_o* UnityWebSocket_WebSocket__get_Address (UnityWebSocket_WebSocket_o* __this, const MethodInfo* method);"
41341492,UnityWebSocket.WebSocket$$set_Address,"void UnityWebSocket_WebSocket__set_Address (UnityWebSocket_WebSocket_o* __this, System_String_o* value, const MethodInfo* method);"
41341500,UnityWebSocket.WebSocket$$get_SubProtocols,"System_String_array* UnityWebSocket_WebSocket__get_SubProtocols (UnityWebSocket_WebSocket_o* __this, const MethodInfo* method);"
41341508,UnityWebSocket.WebSocket$$set_SubProtocols,"void UnityWebSocket_WebSocket__set_SubProtocols (UnityWebSocket_WebSocket_o* __this, System_String_array* value, const MethodInfo* method);"
41341516,UnityWebSocket.WebSocket$$get_ReadyState,"uint16_t UnityWebSocket_WebSocket__get_ReadyState (UnityWebSocket_WebSocket_o* __this, const MethodInfo* method);"
41341592,UnityWebSocket.WebSocket$$get_BinaryType,"System_String_o* UnityWebSocket_WebSocket__get_BinaryType (UnityWebSocket_WebSocket_o* __this, const MethodInfo* method);"
41341600,UnityWebSocket.WebSocket$$set_BinaryType,"void UnityWebSocket_WebSocket__set_BinaryType (UnityWebSocket_WebSocket_o* __this, System_String_o* value, const MethodInfo* method);"
41341608,UnityWebSocket.WebSocket$$add_OnOpen,"void UnityWebSocket_WebSocket__add_OnOpen (UnityWebSocket_WebSocket_o* __this, System_EventHandler_OpenEventArgs__o* value, const MethodInfo* method);"
41341784,UnityWebSocket.WebSocket$$remove_OnOpen,"void UnityWebSocket_WebSocket__remove_OnOpen (UnityWebSocket_WebSocket_o* __this, System_EventHandler_OpenEventArgs__o* value, const MethodInfo* method);"
41341960,UnityWebSocket.WebSocket$$add_OnClose,"void UnityWebSocket_WebSocket__add_OnClose (UnityWebSocket_WebSocket_o* __this, System_EventHandler_CloseEventArgs__o* value, const MethodInfo* method);"
41342136,UnityWebSocket.WebSocket$$remove_OnClose,"void UnityWebSocket_WebSocket__remove_OnClose (UnityWebSocket_WebSocket_o* __this, System_EventHandler_CloseEventArgs__o* value, const MethodInfo* method);"
41342312,UnityWebSocket.WebSocket$$add_OnError,"void UnityWebSocket_WebSocket__add_OnError (UnityWebSocket_WebSocket_o* __this, System_EventHandler_ErrorEventArgs__o* value, const MethodInfo* method);"
41342488,UnityWebSocket.WebSocket$$remove_OnError,"void UnityWebSocket_WebSocket__remove_OnError (UnityWebSocket_WebSocket_o* __this, System_EventHandler_ErrorEventArgs__o* value, const MethodInfo* method);"
41342664,UnityWebSocket.WebSocket$$add_OnMessage,"void UnityWebSocket_WebSocket__add_OnMessage (UnityWebSocket_WebSocket_o* __this, System_EventHandler_MessageEventArgs__o* value, const MethodInfo* method);"
41342840,UnityWebSocket.WebSocket$$remove_OnMessage,"void UnityWebSocket_WebSocket__remove_OnMessage (UnityWebSocket_WebSocket_o* __this, System_EventHandler_MessageEventArgs__o* value, const MethodInfo* method);"
41343016,UnityWebSocket.WebSocket$$get_isOpening,"bool UnityWebSocket_WebSocket__get_isOpening (UnityWebSocket_WebSocket_o* __this, const MethodInfo* method);"
41343056,UnityWebSocket.WebSocket$$.ctor,"void UnityWebSocket_WebSocket___ctor (UnityWebSocket_WebSocket_o* __this, System_String_o* address, const MethodInfo* method);"
41343372,UnityWebSocket.WebSocket$$.ctor,"void UnityWebSocket_WebSocket___ctor (UnityWebSocket_WebSocket_o* __this, System_String_o* address, System_String_o* subProtocol, const MethodInfo* method);"
41343796,UnityWebSocket.WebSocket$$.ctor,"void UnityWebSocket_WebSocket___ctor (UnityWebSocket_WebSocket_o* __this, System_String_o* address, System_String_array* subProtocols, const MethodInfo* method);"
41344124,UnityWebSocket.WebSocket$$ConnectAsync,"void UnityWebSocket_WebSocket__ConnectAsync (UnityWebSocket_WebSocket_o* __this, const MethodInfo* method);"
41344568,UnityWebSocket.WebSocketManager$$get_Instance,UnityWebSocket_WebSocketManager_o* UnityWebSocket_WebSocketManager__get_Instance (const MethodInfo* method);
41344708,UnityWebSocket.WebSocketManager$$Add,"void UnityWebSocket_WebSocketManager__Add (UnityWebSocket_WebSocketManager_o* __this, UnityWebSocket_WebSocket_o* socket, const MethodInfo* method);"
41344920,UnityWebSocket.WebSocket$$HandleError,"void UnityWebSocket_WebSocket__HandleError (UnityWebSocket_WebSocket_o* __this, System_Exception_o* exception, const MethodInfo* method);"
41345056,UnityWebSocket.WebSocket$$CloseAsync,"void UnityWebSocket_WebSocket__CloseAsync (UnityWebSocket_WebSocket_o* __this, const MethodInfo* method);"
41345208,UnityWebSocket.WebSocket.SendBuffer$$.ctor,"void UnityWebSocket_WebSocket_SendBuffer___ctor (UnityWebSocket_WebSocket_SendBuffer_o* __this, System_Byte_array* data, int32_t type, const MethodInfo* method);"
41345256,UnityWebSocket.WebSocket$$SendBufferAsync,"void UnityWebSocket_WebSocket__SendBufferAsync (UnityWebSocket_WebSocket_o* __this, UnityWebSocket_WebSocket_SendBuffer_o* buffer, const MethodInfo* method);"
41345760,UnityWebSocket.WebSocket$$SendAsync,"void UnityWebSocket_WebSocket__SendAsync (UnityWebSocket_WebSocket_o* __this, System_Byte_array* data, const MethodInfo* method);"
41345916,UnityWebSocket.WebSocket$$SendAsync,"void UnityWebSocket_WebSocket__SendAsync (UnityWebSocket_WebSocket_o* __this, System_String_o* text, const MethodInfo* method);"
41346108,UnityWebSocket.WebSocket$$ConnectTask,"System_Threading_Tasks_Task_o* UnityWebSocket_WebSocket__ConnectTask (UnityWebSocket_WebSocket_o* __this, const MethodInfo* method);"
41346308,UnityWebSocket.WebSocket$$SendTask,"System_Threading_Tasks_Task_o* UnityWebSocket_WebSocket__SendTask (UnityWebSocket_WebSocket_o* __this, const MethodInfo* method);"
41346508,UnityWebSocket.WebSocket$$ReceiveTask,"System_Threading_Tasks_Task_o* UnityWebSocket_WebSocket__ReceiveTask (UnityWebSocket_WebSocket_o* __this, const MethodInfo* method);"
41346716,UnityWebSocket.WebSocket$$SocketDispose,"void UnityWebSocket_WebSocket__SocketDispose (UnityWebSocket_WebSocket_o* __this, const MethodInfo* method);"
41346824,UnityWebSocket.WebSocket$$HandleOpen,"void UnityWebSocket_WebSocket__HandleOpen (UnityWebSocket_WebSocket_o* __this, const MethodInfo* method);"
41346920,UnityWebSocket.WebSocket$$HandleEventSync,"void UnityWebSocket_WebSocket__HandleEventSync (UnityWebSocket_WebSocket_o* __this, System_EventArgs_o* eventArgs, const MethodInfo* method);"
41347172,UnityWebSocket.WebSocket$$HandleMessage,"void UnityWebSocket_WebSocket__HandleMessage (UnityWebSocket_WebSocket_o* __this, uint8_t opcode, System_Byte_array* rawData, const MethodInfo* method);"
41347292,UnityWebSocket.WebSocket$$HandleClose,"void UnityWebSocket_WebSocket__HandleClose (UnityWebSocket_WebSocket_o* __this, uint16_t code, System_String_o* reason, const MethodInfo* method);"
41347412,UnityWebSocket.WebSocket$$Update,"void UnityWebSocket_WebSocket__Update (UnityWebSocket_WebSocket_o* __this, const MethodInfo* method);"
41348236,UnityWebSocket.WebSocketManager$$Remove,"void UnityWebSocket_WebSocketManager__Remove (UnityWebSocket_WebSocketManager_o* __this, UnityWebSocket_WebSocket_o* socket, const MethodInfo* method);"
41348380,UnityWebSocket.WebSocket$$Log,"void UnityWebSocket_WebSocket__Log (System_String_o* msg, const MethodInfo* method);"
41349064,UnityWebSocket.WebSocket.<ConnectTask>d__36$$MoveNext,"void UnityWebSocket_WebSocket__ConnectTask_d__36__MoveNext (UnityWebSocket_WebSocket__ConnectTask_d__36_o __this, const MethodInfo* method);"
41350076,UnityWebSocket.WebSocket.<ConnectTask>d__36$$SetStateMachine,"void UnityWebSocket_WebSocket__ConnectTask_d__36__SetStateMachine (UnityWebSocket_WebSocket__ConnectTask_d__36_o __this, System_Runtime_CompilerServices_IAsyncStateMachine_o* stateMachine, const MethodInfo* method);"
41350184,UnityWebSocket.WebSocket.<SendTask>d__42$$MoveNext,"void UnityWebSocket_WebSocket__SendTask_d__42__MoveNext (UnityWebSocket_WebSocket__SendTask_d__42_o __this, const MethodInfo* method);"
41351768,UnityWebSocket.WebSocket.<SendTask>d__42$$SetStateMachine,"void UnityWebSocket_WebSocket__SendTask_d__42__SetStateMachine (UnityWebSocket_WebSocket__SendTask_d__42_o __this, System_Runtime_CompilerServices_IAsyncStateMachine_o* stateMachine, const MethodInfo* method);"
41351876,UnityWebSocket.WebSocket.<ReceiveTask>d__43$$MoveNext,"void UnityWebSocket_WebSocket__ReceiveTask_d__43__MoveNext (UnityWebSocket_WebSocket__ReceiveTask_d__43_o __this, const MethodInfo* method);"
41353504,UnityWebSocket.WebSocket.<ReceiveTask>d__43$$SetStateMachine,"void UnityWebSocket_WebSocket__ReceiveTask_d__43__SetStateMachine (UnityWebSocket_WebSocket__ReceiveTask_d__43_o __this, System_Runtime_CompilerServices_IAsyncStateMachine_o* stateMachine, const MethodInfo* method);"
41353612,UnityWebSocket.WebSocketManager$$CreateInstance,void UnityWebSocket_WebSocketManager__CreateInstance (const MethodInfo* method);
41353972,UnityWebSocket.WebSocketManager$$Awake,"void UnityWebSocket_WebSocketManager__Awake (UnityWebSocket_WebSocketManager_o* __this, const MethodInfo* method);"
41354080,UnityWebSocket.WebSocketManager$$Update,"void UnityWebSocket_WebSocketManager__Update (UnityWebSocket_WebSocketManager_o* __this, const MethodInfo* method);"
41354216,UnityWebSocket.WebSocketManager$$.ctor,"void UnityWebSocket_WebSocketManager___ctor (UnityWebSocket_WebSocketManager_o* __this, const MethodInfo* method);"
