protocel_key,func_id,in_protocol,in_lua,lua_files
0,2,table_A,Y,gamecore.player.playercontroller.lua;gamecore.player.playercontroller.lua
0,1,table_B,Y,gamecore.player.playercontroller.lua;gamecore.player.playercontroller.lua
0,2,table_B,Y,gamecore.player.playercontroller.lua;gamecore.player.playercontroller.lua
0,3,table_B,N,
1,1,table_A,N,
1,3,table_A,N,
1,6,table_A,N,
1,11,table_A,N,
1,12,table_A,N,
1,13,table_A,N,
1,14,table_A,N,
1,15,table_A,Y,gamesys.bagsystem.bagprotocolcontrol.lua;gamesys.bagsystem.bagprotocolcontrol.lua
1,16,table_A,N,
1,17,table_A,Y,gamesys.bagsystem.bagprotocolcontrol.lua;gamesys.bagsystem.bagprotocolcontrol.lua
1,18,table_A,N,
1,19,table_A,N,
1,20,table_A,N,
1,21,table_A,N,
1,22,table_A,N,
1,24,table_A,N,
1,25,table_A,N,
1,26,table_A,N,
1,27,table_A,N,
1,28,table_A,N,
1,1,table_B,N,
1,2,table_B,N,
1,4,table_B,N,
1,5,table_B,N,
1,6,table_B,N,
1,11,table_B,N,
1,13,table_B,N,
1,14,table_B,N,
1,15,table_B,Y,gamesys.bagsystem.bagprotocolcontrol.lua;gamesys.bagsystem.bagprotocolcontrol.lua
1,16,table_B,N,
1,17,table_B,Y,gamesys.bagsystem.bagprotocolcontrol.lua;gamesys.bagsystem.bagprotocolcontrol.lua
1,18,table_B,N,
1,19,table_B,N,
1,20,table_B,N,
1,21,table_B,N,
1,22,table_B,N,
1,23,table_B,N,
1,28,table_B,N,
1,29,table_B,N,
2,3,table_A,N,
2,16,table_A,N,
2,20,table_A,Y,gui.windows.disciple.uidisciplecontroller.lua;gui.windows.disciple.uidisciplecontroller.lua;gui.windows.disciple.uidisciplecontroller.lua;gui.windows.disciple.uidisciplecontroller.lua
2,21,table_A,Y,gui.windows.disciple.uidisciplecontroller.lua;gui.windows.disciple.uidisciplecontroller.lua
2,22,table_A,Y,gui.windows.disciple.uidisciplecontroller.lua;gui.windows.disciple.uidisciplecontroller.lua;gui.windows.disciple.uidisciplecontroller.lua
2,23,table_A,N,
2,24,table_A,Y,gui.windows.disciple.uidisciplecontroller.lua;gui.windows.disciple.uidisciplecontroller.lua
2,25,table_A,Y,gui.windows.disciple.uidisciplecontroller.lua;gui.windows.disciple.uidisciplecontroller.lua
2,26,table_A,N,
2,27,table_A,Y,gui.windows.disciple.uidisciplecontroller.lua;gui.windows.disciple.uidisciplecontroller.lua
2,31,table_A,N,
2,32,table_A,N,
2,33,table_A,N,
2,34,table_A,N,
2,35,table_A,N,
2,41,table_A,Y,gui.windows.disciple.uidisciplecontroller.lua;gui.windows.disciple.uidisciplecontroller.lua
2,43,table_A,N,
2,44,table_A,N,
2,45,table_A,N,
2,47,table_A,N,
2,48,table_A,N,
2,50,table_A,N,
2,51,table_A,N,
2,52,table_A,N,
2,53,table_A,N,
2,54,table_A,N,
2,55,table_A,N,
2,56,table_A,N,
2,57,table_A,N,
2,58,table_A,N,
2,59,table_A,N,
2,60,table_A,N,
2,61,table_A,N,
2,62,table_A,N,
2,63,table_A,N,
2,64,table_A,N,
2,69,table_A,Y,gui.windows.disciple.uidisciplecontroller.lua;gui.windows.disciple.uidisciplecontroller.lua
2,70,table_A,Y,gui.windows.disciple.uidisciplecontroller.lua;gui.windows.disciple.uidisciplecontroller.lua
2,71,table_A,Y,gui.windows.disciple.uidisciplecontroller.lua;gui.windows.disciple.uidisciplecontroller.lua
2,72,table_A,Y,gui.windows.disciple.uidisciplecontroller.lua;gui.windows.disciple.uidisciplecontroller.lua
2,76,table_A,Y,gui.windows.disciple.uidisciplecontroller_tianming.lua;gui.windows.disciple.uidisciplecontroller_tianming.lua
2,77,table_A,Y,gui.windows.disciple.uidisciplecontroller_tianming.lua;gui.windows.disciple.uidisciplecontroller_tianming.lua
2,80,table_A,N,
2,81,table_A,Y,gui.windows.disciple.uidisciplecontroller_tianming.lua;gui.windows.disciple.uidisciplecontroller_tianming.lua
2,83,table_A,Y,gui.windows.disciple.uidisciplecontroller_tianming.lua;gui.windows.disciple.uidisciplecontroller_tianming.lua
2,84,table_A,N,
2,85,table_A,N,
2,86,table_A,Y,gui.windows.disciple.uidisciplecontroller_qizhen.lua;gui.windows.disciple.uidisciplecontroller_qizhen.lua
2,88,table_A,Y,gui.windows.disciple.uidisciplecontroller_cuiti.lua;gui.windows.disciple.uidisciplecontroller_cuiti.lua
2,89,table_A,Y,gui.windows.disciple.uidisciplecontroller_cuiti.lua;gui.windows.disciple.uidisciplecontroller_cuiti.lua
2,91,table_A,N,
2,92,table_A,N,
2,93,table_A,N,
2,94,table_A,N,
2,95,table_A,N,
2,96,table_A,N,
2,97,table_A,N,
2,98,table_A,N,
2,99,table_A,N,
2,101,table_A,N,
2,102,table_A,N,
2,103,table_A,N,
2,104,table_A,N,
2,105,table_A,N,
2,106,table_A,Y,gui.windows.disciple.uidisciplecontroller.lua;gui.windows.disciple.uidisciplecontroller.lua
2,107,table_A,N,
2,108,table_A,N,
2,109,table_A,N,
2,110,table_A,N,
2,111,table_A,N,
2,112,table_A,N,
2,113,table_A,N,
2,114,table_A,N,
2,115,table_A,N,
2,116,table_A,N,
2,118,table_A,N,
2,119,table_A,N,
2,120,table_A,N,
2,121,table_A,N,
2,122,table_A,N,
2,123,table_A,N,
2,124,table_A,N,
2,125,table_A,Y,gui.windows.disciple.uidisciplecontroller_shuwu.lua;gui.windows.disciple.uidisciplecontroller_shuwu.lua
2,126,table_A,Y,gui.windows.disciple.uidisciplecontroller_shuwu.lua;gui.windows.disciple.uidisciplecontroller_shuwu.lua
2,127,table_A,Y,gui.windows.disciple.uidisciplecontroller_shuwu.lua;gui.windows.disciple.uidisciplecontroller_shuwu.lua
2,131,table_A,Y,gui.windows.disciple.uidisciplecontroller_linggen.lua;gui.windows.disciple.uidisciplecontroller_linggen.lua
2,132,table_A,Y,gui.windows.disciple.uidisciplecontroller_linggen.lua;gui.windows.disciple.uidisciplecontroller_linggen.lua
2,133,table_A,Y,gui.windows.disciple.uidisciplecontroller_linggen.lua;gui.windows.disciple.uidisciplecontroller_linggen.lua
2,134,table_A,Y,gui.windows.disciple.uidisciplecontroller_linggen.lua;gui.windows.disciple.uidisciplecontroller_linggen.lua
2,135,table_A,Y,gui.windows.disciple.uidisciplecontroller_linggen.lua;gui.windows.disciple.uidisciplecontroller_linggen.lua
2,136,table_A,Y,gui.windows.disciple.uidisciplecontroller_linggen.lua;gui.windows.disciple.uidisciplecontroller_linggen.lua
2,137,table_A,Y,gui.windows.disciple.uidisciplecontroller_linggen.lua;gui.windows.disciple.uidisciplecontroller_linggen.lua
2,138,table_A,N,
2,139,table_A,N,
2,140,table_A,Y,gui.windows.disciple.uidisciplecontroller_linggen.lua;gui.windows.disciple.uidisciplecontroller_linggen.lua
2,141,table_A,N,
2,142,table_A,N,
2,143,table_A,N,
2,144,table_A,N,
2,145,table_A,N,
2,146,table_A,N,
2,147,table_A,N,
2,149,table_A,N,
2,150,table_A,N,
2,151,table_A,N,
2,153,table_A,Y,gui.windows.disciple.uidisciplecontroller_xianmo.lua;gui.windows.disciple.uidisciplecontroller_xianmo.lua
2,154,table_A,Y,gui.windows.disciple.uidisciplecontroller_xianmo.lua;gui.windows.disciple.uidisciplecontroller_xianmo.lua
2,155,table_A,Y,gui.windows.disciple.uidisciplecontroller_xianmo.lua;gui.windows.disciple.uidisciplecontroller_xianmo.lua
2,156,table_A,Y,gui.windows.disciple.uidisciplecontroller_xianmo.lua;gui.windows.disciple.uidisciplecontroller_xianmo.lua
2,157,table_A,Y,gui.windows.chuangongge.uichuangonggecontrol.lua;gui.windows.disciple.uidisciplecontroller_xianmo.lua;gui.windows.disciple.uidisciplecontroller_xianmo.lua
2,158,table_A,Y,gui.windows.disciple.uidisciplecontroller_xianmo.lua;gui.windows.disciple.uidisciplecontroller_xianmo.lua
2,159,table_A,Y,gui.windows.disciple.uidisciplecontroller_xianmo.lua;gui.windows.disciple.uidisciplecontroller_xianmo.lua
2,161,table_A,N,
2,162,table_A,N,
2,163,table_A,N,
2,164,table_A,N,
2,171,table_A,N,
2,172,table_A,N,
2,176,table_A,Y,gui.windows.disciple.uidisciplecontroller.lua;gui.windows.disciple.uidisciplecontroller.lua
2,181,table_A,N,
2,182,table_A,N,
2,183,table_A,N,
2,184,table_A,N,
2,185,table_A,N,
2,186,table_A,N,
2,191,table_A,Y,gui.windows.disciple.uidisciplecontroller_spdisciple.lua;gui.windows.disciple.uidisciplecontroller_spdisciple.lua
2,192,table_A,Y,gui.windows.disciple.uidisciplecontroller_spdisciple.lua;gui.windows.disciple.uidisciplecontroller_spdisciple.lua
2,193,table_A,Y,gui.windows.disciple.uidisciplecontroller_spdisciple.lua;gui.windows.disciple.uidisciplecontroller_spdisciple.lua
2,194,table_A,Y,gui.windows.disciple.uidisciplecontroller_daoyan.lua;gui.windows.disciple.uidisciplecontroller_daoyan.lua
2,195,table_A,Y,gui.windows.disciple.uidisciplecontroller_daoyan.lua;gui.windows.disciple.uidisciplecontroller_daoyan.lua
2,197,table_A,N,
2,198,table_A,N,
2,199,table_A,N,
2,200,table_A,N,
2,201,table_A,N,
2,203,table_A,N,
2,1,table_B,Y,gui.windows.disciple.uidisciplecontroller.lua;gui.windows.disciple.uidisciplecontroller.lua
2,2,table_B,Y,gui.windows.disciple.uidisciplecontroller.lua;gui.windows.disciple.uidisciplecontroller.lua;gui.windows.disciple.uidisciplecontroller.lua
2,4,table_B,Y,gui.windows.disciple.uidisciplecontroller.lua;gui.windows.disciple.uidisciplecontroller.lua
2,5,table_B,Y,gui.windows.disciple.uidisciplecontroller.lua;gui.windows.disciple.uidisciplecontroller.lua
2,6,table_B,Y,gui.windows.disciple.uidisciplecontroller.lua;gui.windows.disciple.uidisciplecontroller.lua
2,7,table_B,Y,gamesys.systemzongmen.systemzongmencontroller_protocol.lua;gui.windows.disciple.uidisciplecontroller.lua;gui.windows.disciple.uidisciplecontroller.lua
2,8,table_B,Y,gui.windows.disciple.uidisciplecontroller.lua;gui.windows.disciple.uidisciplecontroller.lua
2,9,table_B,Y,gui.windows.disciple.uidisciplecontroller.lua;gui.windows.disciple.uidisciplecontroller.lua
2,10,table_B,Y,gui.windows.disciple.uidisciplecontroller.lua;gui.windows.disciple.uidisciplecontroller.lua
2,11,table_B,Y,gui.windows.disciple.uidisciplecontroller.lua;gui.windows.disciple.uidisciplecontroller.lua
2,12,table_B,Y,gui.windows.disciple.uidisciplecontroller.lua;gui.windows.disciple.uidisciplecontroller.lua
2,13,table_B,Y,gui.windows.disciple.uidisciplecontroller.lua;gui.windows.disciple.uidisciplecontroller.lua;gui.windows.disciple.uidisciplecontroller_update.lua
2,14,table_B,Y,gui.windows.disciple.uidisciplecontroller.lua;gui.windows.disciple.uidisciplecontroller.lua
2,15,table_B,Y,gui.windows.disciple.uidisciplecontroller.lua;gui.windows.disciple.uidisciplecontroller.lua
2,17,table_B,Y,gui.windows.disciple.uidisciplecontroller.lua;gui.windows.disciple.uidisciplecontroller.lua
2,18,table_B,N,
2,19,table_B,N,
2,20,table_B,Y,gui.windows.disciple.uidisciplecontroller.lua;gui.windows.disciple.uidisciplecontroller.lua;gui.windows.disciple.uidisciplecontroller.lua;gui.windows.disciple.uidisciplecontroller.lua
2,21,table_B,Y,gui.windows.disciple.uidisciplecontroller.lua;gui.windows.disciple.uidisciplecontroller.lua
2,22,table_B,Y,gui.windows.disciple.uidisciplecontroller.lua;gui.windows.disciple.uidisciplecontroller.lua;gui.windows.disciple.uidisciplecontroller.lua
2,23,table_B,N,
2,24,table_B,Y,gui.windows.disciple.uidisciplecontroller.lua;gui.windows.disciple.uidisciplecontroller.lua
2,25,table_B,Y,gui.windows.disciple.uidisciplecontroller.lua;gui.windows.disciple.uidisciplecontroller.lua
2,26,table_B,N,
2,27,table_B,Y,gui.windows.disciple.uidisciplecontroller.lua;gui.windows.disciple.uidisciplecontroller.lua
2,31,table_B,N,
2,32,table_B,N,
2,33,table_B,N,
2,34,table_B,N,
2,35,table_B,N,
2,41,table_B,Y,gui.windows.disciple.uidisciplecontroller.lua;gui.windows.disciple.uidisciplecontroller.lua
2,42,table_B,Y,gui.windows.disciple.uidisciplecontroller.lua;gui.windows.disciple.uidisciplecontroller.lua
2,45,table_B,N,
2,46,table_B,N,
2,47,table_B,N,
2,48,table_B,N,
2,49,table_B,N,
2,50,table_B,N,
2,51,table_B,N,
2,52,table_B,N,
2,53,table_B,N,
2,54,table_B,N,
2,55,table_B,N,
2,56,table_B,N,
2,57,table_B,N,
2,58,table_B,N,
2,59,table_B,N,
2,60,table_B,N,
2,61,table_B,N,
2,62,table_B,N,
2,63,table_B,N,
2,64,table_B,N,
2,69,table_B,Y,gui.windows.disciple.uidisciplecontroller.lua;gui.windows.disciple.uidisciplecontroller.lua
2,70,table_B,Y,gui.windows.disciple.uidisciplecontroller.lua;gui.windows.disciple.uidisciplecontroller.lua
2,71,table_B,Y,gui.windows.disciple.uidisciplecontroller.lua;gui.windows.disciple.uidisciplecontroller.lua
2,72,table_B,Y,gui.windows.disciple.uidisciplecontroller.lua;gui.windows.disciple.uidisciplecontroller.lua
2,76,table_B,Y,gui.windows.disciple.uidisciplecontroller_tianming.lua;gui.windows.disciple.uidisciplecontroller_tianming.lua
2,77,table_B,Y,gui.windows.disciple.uidisciplecontroller_tianming.lua;gui.windows.disciple.uidisciplecontroller_tianming.lua
2,80,table_B,N,
2,81,table_B,Y,gui.windows.disciple.uidisciplecontroller_tianming.lua;gui.windows.disciple.uidisciplecontroller_tianming.lua
2,82,table_B,Y,gui.windows.disciple.uidisciplecontroller_tianming.lua;gui.windows.disciple.uidisciplecontroller_tianming.lua
2,83,table_B,Y,gui.windows.disciple.uidisciplecontroller_tianming.lua;gui.windows.disciple.uidisciplecontroller_tianming.lua
2,84,table_B,N,
2,85,table_B,N,
2,86,table_B,Y,gui.windows.disciple.uidisciplecontroller_qizhen.lua;gui.windows.disciple.uidisciplecontroller_qizhen.lua
2,87,table_B,Y,gui.windows.disciple.uidisciplecontroller_qizhen.lua;gui.windows.disciple.uidisciplecontroller_qizhen.lua
2,88,table_B,Y,gui.windows.disciple.uidisciplecontroller_cuiti.lua;gui.windows.disciple.uidisciplecontroller_cuiti.lua
2,89,table_B,Y,gui.windows.disciple.uidisciplecontroller_cuiti.lua;gui.windows.disciple.uidisciplecontroller_cuiti.lua
2,91,table_B,N,
2,92,table_B,N,
2,93,table_B,N,
2,94,table_B,N,
2,95,table_B,N,
2,96,table_B,N,
2,97,table_B,N,
2,98,table_B,N,
2,99,table_B,N,
2,100,table_B,Y,gui.windows.disciple.uidisciplecontroller.lua;gui.windows.disciple.uidisciplecontroller.lua
2,101,table_B,N,
2,102,table_B,N,
2,103,table_B,N,
2,104,table_B,N,
2,105,table_B,N,
2,106,table_B,Y,gui.windows.disciple.uidisciplecontroller.lua;gui.windows.disciple.uidisciplecontroller.lua
2,107,table_B,N,
2,108,table_B,N,
2,109,table_B,N,
2,110,table_B,N,
2,111,table_B,N,
2,112,table_B,N,
2,113,table_B,N,
2,114,table_B,N,
2,115,table_B,N,
2,116,table_B,N,
2,117,table_B,N,
2,118,table_B,N,
2,119,table_B,N,
2,120,table_B,N,
2,121,table_B,N,
2,122,table_B,N,
2,123,table_B,N,
2,124,table_B,N,
2,125,table_B,Y,gui.windows.disciple.uidisciplecontroller_shuwu.lua;gui.windows.disciple.uidisciplecontroller_shuwu.lua
2,126,table_B,Y,gui.windows.disciple.uidisciplecontroller_shuwu.lua;gui.windows.disciple.uidisciplecontroller_shuwu.lua
2,127,table_B,Y,gui.windows.disciple.uidisciplecontroller_shuwu.lua;gui.windows.disciple.uidisciplecontroller_shuwu.lua
2,128,table_B,Y,gui.windows.disciple.uidisciplecontroller_shuwu.lua;gui.windows.disciple.uidisciplecontroller_shuwu.lua
2,131,table_B,Y,gui.windows.disciple.uidisciplecontroller_linggen.lua;gui.windows.disciple.uidisciplecontroller_linggen.lua
2,132,table_B,Y,gui.windows.disciple.uidisciplecontroller_linggen.lua;gui.windows.disciple.uidisciplecontroller_linggen.lua
2,133,table_B,Y,gui.windows.disciple.uidisciplecontroller_linggen.lua;gui.windows.disciple.uidisciplecontroller_linggen.lua
2,134,table_B,Y,gui.windows.disciple.uidisciplecontroller_linggen.lua;gui.windows.disciple.uidisciplecontroller_linggen.lua
2,135,table_B,Y,gui.windows.disciple.uidisciplecontroller_linggen.lua;gui.windows.disciple.uidisciplecontroller_linggen.lua
2,136,table_B,Y,gui.windows.disciple.uidisciplecontroller_linggen.lua;gui.windows.disciple.uidisciplecontroller_linggen.lua
2,137,table_B,Y,gui.windows.disciple.uidisciplecontroller_linggen.lua;gui.windows.disciple.uidisciplecontroller_linggen.lua
2,138,table_B,N,
2,139,table_B,N,
2,140,table_B,Y,gui.windows.disciple.uidisciplecontroller_linggen.lua;gui.windows.disciple.uidisciplecontroller_linggen.lua
2,141,table_B,N,
2,142,table_B,N,
2,143,table_B,N,
2,144,table_B,N,
2,145,table_B,N,
2,146,table_B,N,
2,147,table_B,N,
2,148,table_B,N,
2,149,table_B,N,
2,150,table_B,N,
2,151,table_B,N,
2,152,table_B,Y,gui.windows.disciple.uidisciplecontroller_xianmo.lua;gui.windows.disciple.uidisciplecontroller_xianmo.lua
2,153,table_B,Y,gui.windows.disciple.uidisciplecontroller_xianmo.lua;gui.windows.disciple.uidisciplecontroller_xianmo.lua
2,154,table_B,Y,gui.windows.disciple.uidisciplecontroller_xianmo.lua;gui.windows.disciple.uidisciplecontroller_xianmo.lua
2,155,table_B,Y,gui.windows.disciple.uidisciplecontroller_xianmo.lua;gui.windows.disciple.uidisciplecontroller_xianmo.lua
2,156,table_B,Y,gui.windows.disciple.uidisciplecontroller_xianmo.lua;gui.windows.disciple.uidisciplecontroller_xianmo.lua
2,157,table_B,Y,gui.windows.chuangongge.uichuangonggecontrol.lua;gui.windows.disciple.uidisciplecontroller_xianmo.lua;gui.windows.disciple.uidisciplecontroller_xianmo.lua
2,158,table_B,Y,gui.windows.disciple.uidisciplecontroller_xianmo.lua;gui.windows.disciple.uidisciplecontroller_xianmo.lua
2,159,table_B,Y,gui.windows.disciple.uidisciplecontroller_xianmo.lua;gui.windows.disciple.uidisciplecontroller_xianmo.lua
2,160,table_B,Y,gui.windows.disciple.uidisciplecontroller_xianmo.lua;gui.windows.disciple.uidisciplecontroller_xianmo.lua
2,162,table_B,N,
2,163,table_B,N,
2,164,table_B,N,
2,171,table_B,N,
2,172,table_B,N,
2,173,table_B,N,
2,176,table_B,Y,gui.windows.disciple.uidisciplecontroller.lua;gui.windows.disciple.uidisciplecontroller.lua
2,181,table_B,N,
2,182,table_B,N,
2,183,table_B,N,
2,184,table_B,N,
2,185,table_B,N,
2,186,table_B,N,
2,187,table_B,N,
2,191,table_B,Y,gui.windows.disciple.uidisciplecontroller_spdisciple.lua;gui.windows.disciple.uidisciplecontroller_spdisciple.lua
2,192,table_B,Y,gui.windows.disciple.uidisciplecontroller_spdisciple.lua;gui.windows.disciple.uidisciplecontroller_spdisciple.lua
2,193,table_B,Y,gui.windows.disciple.uidisciplecontroller_spdisciple.lua;gui.windows.disciple.uidisciplecontroller_spdisciple.lua
2,194,table_B,Y,gui.windows.disciple.uidisciplecontroller_daoyan.lua;gui.windows.disciple.uidisciplecontroller_daoyan.lua
2,195,table_B,Y,gui.windows.disciple.uidisciplecontroller_daoyan.lua;gui.windows.disciple.uidisciplecontroller_daoyan.lua
2,196,table_B,Y,gui.windows.disciple.uidisciplecontroller_daoyan.lua;gui.windows.disciple.uidisciplecontroller_daoyan.lua
2,197,table_B,N,
2,198,table_B,N,
2,199,table_B,N,
2,200,table_B,N,
2,201,table_B,N,
2,202,table_B,Y,gui.windows.disciple.uidisciplecontroller_daoyan.lua;gui.windows.disciple.uidisciplecontroller_daoyan.lua
2,203,table_B,N,
2,204,table_B,N,
3,1,table_A,N,
3,2,table_A,N,
3,4,table_A,N,
3,5,table_A,N,
3,6,table_A,N,
3,8,table_A,N,
3,10,table_A,N,
3,11,table_A,N,
3,14,table_A,N,
3,15,table_A,N,
3,18,table_A,N,
3,21,table_A,N,
3,22,table_A,N,
3,23,table_A,N,
3,24,table_A,N,
3,31,table_A,N,
3,32,table_A,N,
3,33,table_A,N,
3,34,table_A,N,
3,35,table_A,N,
3,36,table_A,N,
3,37,table_A,N,
3,38,table_A,N,
3,39,table_A,N,
3,40,table_A,N,
3,41,table_A,N,
3,42,table_A,N,
3,43,table_A,N,
3,44,table_A,N,
3,45,table_A,N,
3,46,table_A,N,
3,47,table_A,N,
3,48,table_A,N,
3,49,table_A,N,
3,50,table_A,N,
3,51,table_A,N,
3,53,table_A,N,
3,54,table_A,N,
3,56,table_A,N,
3,58,table_A,N,
3,60,table_A,N,
3,61,table_A,N,
3,62,table_A,N,
3,63,table_A,N,
3,64,table_A,N,
3,68,table_A,N,
3,69,table_A,N,
3,71,table_A,N,
3,72,table_A,N,
3,75,table_A,N,
3,76,table_A,N,
3,77,table_A,N,
3,78,table_A,N,
3,79,table_A,N,
3,80,table_A,N,
3,81,table_A,N,
3,82,table_A,N,
3,83,table_A,N,
3,84,table_A,N,
3,85,table_A,N,
3,86,table_A,N,
3,87,table_A,N,
3,88,table_A,N,
3,99,table_A,N,
3,100,table_A,N,
3,101,table_A,Y,gui.windows.gongfa.uigongfacontroller.lua;gui.windows.gongfa.uigongfacontroller.lua
3,102,table_A,Y,gui.windows.gongfa.uigongfacontroller.lua;gui.windows.gongfa.uigongfacontroller.lua
3,103,table_A,Y,gui.windows.gongfa.uigongfacontroller.lua;gui.windows.gongfa.uigongfacontroller.lua
3,104,table_A,Y,gui.windows.gongfa.uigongfacontroller.lua;gui.windows.gongfa.uigongfacontroller.lua
3,105,table_A,Y,gui.windows.gongfa.uigongfacontroller.lua;gui.windows.gongfa.uigongfacontroller.lua
3,106,table_A,Y,gui.windows.gongfa.uigongfacontroller.lua;gui.windows.gongfa.uigongfacontroller.lua
3,107,table_A,Y,gui.windows.gongfa.uigongfacontroller.lua;gui.windows.gongfa.uigongfacontroller.lua
3,108,table_A,Y,gui.windows.gongfa.uigongfacontroller.lua;gui.windows.gongfa.uigongfacontroller.lua
3,109,table_A,Y,gui.windows.gongfa.uigongfacontroller.lua;gui.windows.gongfa.uigongfacontroller.lua
3,110,table_A,Y,gui.windows.gongfa.uigongfacontroller.lua;gui.windows.gongfa.uigongfacontroller.lua
3,111,table_A,N,
3,112,table_A,N,
3,113,table_A,N,
3,116,table_A,N,
3,117,table_A,N,
3,118,table_A,N,
3,119,table_A,N,
3,121,table_A,N,
3,122,table_A,N,
3,123,table_A,N,
3,124,table_A,N,
3,125,table_A,N,
3,126,table_A,N,
3,127,table_A,N,
3,131,table_A,N,
3,132,table_A,N,
3,133,table_A,N,
3,134,table_A,N,
3,138,table_A,N,
3,139,table_A,N,
3,141,table_A,N,
3,142,table_A,N,
3,143,table_A,N,
3,144,table_A,N,
3,145,table_A,N,
3,146,table_A,N,
3,147,table_A,N,
3,148,table_A,N,
3,151,table_A,N,
3,161,table_A,N,
3,162,table_A,N,
3,166,table_A,N,
3,167,table_A,N,
3,168,table_A,N,
3,169,table_A,N,
3,170,table_A,N,
3,171,table_A,Y,gamesys.wudaotang.wudaotangcontroller.lua;gamesys.wudaotang.wudaotangcontroller.lua
3,172,table_A,Y,gamesys.wudaotang.wudaotangcontroller.lua;gamesys.wudaotang.wudaotangcontroller.lua
3,174,table_A,Y,gamesys.wudaotang.wudaotangcontroller.lua;gamesys.wudaotang.wudaotangcontroller.lua
3,175,table_A,Y,gamesys.wudaotang.wudaotangcontroller.lua;gamesys.wudaotang.wudaotangcontroller.lua
3,176,table_A,N,
3,177,table_A,Y,gamesys.wudaotang.wudaotangcontroller.lua;gamesys.wudaotang.wudaotangcontroller.lua
3,181,table_A,N,
3,182,table_A,N,
3,187,table_A,N,
3,188,table_A,N,
3,191,table_A,N,
3,192,table_A,N,
3,193,table_A,N,
3,194,table_A,N,
3,195,table_A,N,
3,196,table_A,N,
3,197,table_A,N,
3,201,table_A,N,
3,202,table_A,N,
3,203,table_A,N,
3,211,table_A,N,
3,212,table_A,N,
3,213,table_A,N,
3,214,table_A,N,
3,215,table_A,N,
3,216,table_A,N,
3,217,table_A,N,
3,218,table_A,N,
3,220,table_A,N,
3,224,table_A,N,
3,225,table_A,N,
3,226,table_A,N,
3,227,table_A,N,
3,230,table_A,N,
3,231,table_A,N,
3,232,table_A,N,
3,233,table_A,N,
3,234,table_A,N,
3,236,table_A,N,
3,237,table_A,N,
3,241,table_A,N,
3,247,table_A,Y,gamesys.guildorder.guildordercontroller.lua;gamesys.guildorder.guildordercontroller.lua
3,248,table_A,Y,gamesys.guildorder.guildordercontroller.lua;gamesys.guildorder.guildordercontroller.lua
3,250,table_A,N,
3,251,table_A,N,
3,253,table_A,N,
3,254,table_A,N,
3,1,table_B,N,
3,2,table_B,N,
3,3,table_B,N,
3,4,table_B,N,
3,5,table_B,N,
3,6,table_B,N,
3,8,table_B,N,
3,9,table_B,N,
3,10,table_B,N,
3,12,table_B,N,
3,13,table_B,N,
3,15,table_B,N,
3,16,table_B,N,
3,17,table_B,N,
3,18,table_B,N,
3,19,table_B,N,
3,21,table_B,N,
3,22,table_B,N,
3,23,table_B,N,
3,24,table_B,N,
3,31,table_B,N,
3,32,table_B,N,
3,33,table_B,N,
3,34,table_B,N,
3,35,table_B,N,
3,36,table_B,N,
3,37,table_B,N,
3,38,table_B,N,
3,39,table_B,N,
3,40,table_B,N,
3,41,table_B,N,
3,42,table_B,N,
3,43,table_B,N,
3,44,table_B,N,
3,45,table_B,N,
3,46,table_B,N,
3,47,table_B,N,
3,48,table_B,N,
3,49,table_B,N,
3,50,table_B,N,
3,51,table_B,N,
3,52,table_B,N,
3,53,table_B,N,
3,54,table_B,N,
3,55,table_B,N,
3,56,table_B,N,
3,57,table_B,N,
3,58,table_B,N,
3,59,table_B,N,
3,60,table_B,N,
3,61,table_B,N,
3,62,table_B,N,
3,63,table_B,N,
3,64,table_B,N,
3,65,table_B,N,
3,66,table_B,N,
3,67,table_B,N,
3,68,table_B,N,
3,69,table_B,N,
3,70,table_B,N,
3,71,table_B,N,
3,72,table_B,N,
3,75,table_B,N,
3,76,table_B,N,
3,77,table_B,N,
3,78,table_B,N,
3,79,table_B,N,
3,80,table_B,N,
3,81,table_B,N,
3,82,table_B,N,
3,84,table_B,N,
3,85,table_B,N,
3,86,table_B,N,
3,88,table_B,N,
3,99,table_B,N,
3,100,table_B,N,
3,101,table_B,Y,gui.windows.gongfa.uigongfacontroller.lua;gui.windows.gongfa.uigongfacontroller.lua
3,102,table_B,Y,gui.windows.gongfa.uigongfacontroller.lua;gui.windows.gongfa.uigongfacontroller.lua
3,103,table_B,Y,gui.windows.gongfa.uigongfacontroller.lua;gui.windows.gongfa.uigongfacontroller.lua
3,104,table_B,Y,gui.windows.gongfa.uigongfacontroller.lua;gui.windows.gongfa.uigongfacontroller.lua
3,105,table_B,Y,gui.windows.gongfa.uigongfacontroller.lua;gui.windows.gongfa.uigongfacontroller.lua
3,106,table_B,Y,gui.windows.gongfa.uigongfacontroller.lua;gui.windows.gongfa.uigongfacontroller.lua
3,107,table_B,Y,gui.windows.gongfa.uigongfacontroller.lua;gui.windows.gongfa.uigongfacontroller.lua
3,108,table_B,Y,gui.windows.gongfa.uigongfacontroller.lua;gui.windows.gongfa.uigongfacontroller.lua
3,109,table_B,Y,gui.windows.gongfa.uigongfacontroller.lua;gui.windows.gongfa.uigongfacontroller.lua
3,110,table_B,Y,gui.windows.gongfa.uigongfacontroller.lua;gui.windows.gongfa.uigongfacontroller.lua
3,111,table_B,N,
3,112,table_B,N,
3,113,table_B,N,
3,116,table_B,N,
3,117,table_B,N,
3,118,table_B,N,
3,119,table_B,N,
3,121,table_B,N,
3,122,table_B,N,
3,123,table_B,N,
3,124,table_B,N,
3,125,table_B,N,
3,127,table_B,N,
3,131,table_B,N,
3,132,table_B,N,
3,133,table_B,N,
3,134,table_B,N,
3,135,table_B,N,
3,136,table_B,N,
3,137,table_B,N,
3,138,table_B,N,
3,139,table_B,N,
3,141,table_B,N,
3,142,table_B,N,
3,143,table_B,N,
3,144,table_B,N,
3,145,table_B,N,
3,146,table_B,N,
3,147,table_B,N,
3,148,table_B,N,
3,151,table_B,N,
3,161,table_B,N,
3,162,table_B,N,
3,164,table_B,N,
3,165,table_B,N,
3,166,table_B,N,
3,167,table_B,N,
3,168,table_B,N,
3,169,table_B,N,
3,170,table_B,N,
3,171,table_B,Y,gamesys.wudaotang.wudaotangcontroller.lua;gamesys.wudaotang.wudaotangcontroller.lua
3,172,table_B,Y,gamesys.wudaotang.wudaotangcontroller.lua;gamesys.wudaotang.wudaotangcontroller.lua
3,174,table_B,Y,gamesys.wudaotang.wudaotangcontroller.lua;gamesys.wudaotang.wudaotangcontroller.lua
3,175,table_B,Y,gamesys.wudaotang.wudaotangcontroller.lua;gamesys.wudaotang.wudaotangcontroller.lua
3,176,table_B,N,
3,177,table_B,Y,gamesys.wudaotang.wudaotangcontroller.lua;gamesys.wudaotang.wudaotangcontroller.lua
3,181,table_B,N,
3,182,table_B,N,
3,186,table_B,N,
3,187,table_B,N,
3,188,table_B,N,
3,191,table_B,N,
3,192,table_B,N,
3,193,table_B,N,
3,194,table_B,N,
3,195,table_B,N,
3,196,table_B,N,
3,197,table_B,N,
3,201,table_B,N,
3,202,table_B,N,
3,203,table_B,N,
3,211,table_B,N,
3,212,table_B,N,
3,213,table_B,N,
3,214,table_B,N,
3,215,table_B,N,
3,216,table_B,N,
3,217,table_B,N,
3,218,table_B,N,
3,219,table_B,N,
3,220,table_B,N,
3,221,table_B,N,
3,222,table_B,N,
3,223,table_B,N,
3,224,table_B,N,
3,225,table_B,N,
3,226,table_B,N,
3,227,table_B,N,
3,229,table_B,N,
3,230,table_B,N,
3,231,table_B,N,
3,232,table_B,N,
3,233,table_B,N,
3,234,table_B,N,
3,236,table_B,N,
3,237,table_B,N,
3,241,table_B,N,
3,246,table_B,Y,gamesys.guildorder.guildordercontroller.lua;gamesys.guildorder.guildordercontroller.lua
3,247,table_B,Y,gamesys.guildorder.guildordercontroller.lua;gamesys.guildorder.guildordercontroller.lua
3,248,table_B,Y,gamesys.guildorder.guildordercontroller.lua;gamesys.guildorder.guildordercontroller.lua
3,249,table_B,N,
3,250,table_B,N,
3,252,table_B,N,
3,253,table_B,N,
3,254,table_B,N,
4,1,table_A,N,
4,2,table_A,N,
4,3,table_A,N,
4,4,table_A,N,
4,5,table_A,N,
4,6,table_A,N,
4,8,table_A,N,
4,9,table_A,N,
4,10,table_A,N,
4,12,table_A,N,
4,13,table_A,N,
4,14,table_A,N,
4,15,table_A,N,
4,16,table_A,N,
4,17,table_A,N,
4,18,table_A,N,
4,20,table_A,N,
4,21,table_A,N,
4,23,table_A,N,
4,24,table_A,N,
4,26,table_A,N,
4,27,table_A,N,
4,28,table_A,N,
4,31,table_A,N,
4,34,table_A,N,
4,35,table_A,N,
4,36,table_A,N,
4,37,table_A,N,
4,38,table_A,N,
4,40,table_A,N,
4,41,table_A,N,
4,42,table_A,N,
4,43,table_A,N,
4,44,table_A,N,
4,45,table_A,N,
4,46,table_A,N,
4,47,table_A,N,
4,49,table_A,N,
4,50,table_A,N,
4,53,table_A,N,
4,54,table_A,N,
4,55,table_A,N,
4,56,table_A,N,
4,57,table_A,N,
4,58,table_A,N,
4,59,table_A,N,
4,61,table_A,N,
4,63,table_A,N,
4,65,table_A,N,
4,66,table_A,N,
4,67,table_A,N,
4,68,table_A,N,
4,69,table_A,N,
4,70,table_A,N,
4,71,table_A,N,
4,72,table_A,N,
4,73,table_A,N,
4,74,table_A,N,
4,75,table_A,N,
4,76,table_A,N,
4,77,table_A,N,
4,78,table_A,N,
4,79,table_A,N,
4,80,table_A,N,
4,81,table_A,N,
4,82,table_A,N,
4,84,table_A,N,
4,85,table_A,N,
4,1,table_B,N,
4,2,table_B,N,
4,3,table_B,N,
4,4,table_B,N,
4,5,table_B,N,
4,6,table_B,N,
4,7,table_B,N,
4,8,table_B,N,
4,9,table_B,N,
4,10,table_B,N,
4,11,table_B,N,
4,12,table_B,N,
4,13,table_B,N,
4,14,table_B,N,
4,15,table_B,N,
4,16,table_B,N,
4,17,table_B,N,
4,18,table_B,N,
4,20,table_B,N,
4,21,table_B,N,
4,22,table_B,N,
4,23,table_B,N,
4,24,table_B,N,
4,25,table_B,N,
4,26,table_B,N,
4,27,table_B,N,
4,28,table_B,N,
4,29,table_B,N,
4,30,table_B,N,
4,31,table_B,N,
4,32,table_B,N,
4,33,table_B,N,
4,34,table_B,N,
4,35,table_B,N,
4,36,table_B,N,
4,37,table_B,N,
4,38,table_B,N,
4,40,table_B,N,
4,41,table_B,N,
4,42,table_B,N,
4,43,table_B,N,
4,44,table_B,N,
4,45,table_B,N,
4,46,table_B,N,
4,47,table_B,N,
4,48,table_B,N,
4,50,table_B,N,
4,51,table_B,N,
4,52,table_B,N,
4,53,table_B,N,
4,54,table_B,N,
4,55,table_B,N,
4,56,table_B,N,
4,57,table_B,N,
4,58,table_B,N,
4,59,table_B,N,
4,60,table_B,N,
4,61,table_B,N,
4,62,table_B,N,
4,63,table_B,N,
4,64,table_B,N,
4,65,table_B,N,
4,66,table_B,N,
4,67,table_B,N,
4,68,table_B,N,
4,69,table_B,N,
4,70,table_B,N,
4,71,table_B,N,
4,72,table_B,N,
4,75,table_B,N,
4,76,table_B,N,
4,77,table_B,N,
4,78,table_B,N,
4,79,table_B,N,
4,80,table_B,N,
4,81,table_B,N,
4,82,table_B,N,
4,83,table_B,N,
4,84,table_B,N,
4,85,table_B,N,
4,86,table_B,N,
5,1,table_A,N,
5,2,table_A,N,
5,7,table_A,N,
5,12,table_A,N,
5,21,table_A,N,
5,22,table_A,N,
5,24,table_A,N,
5,41,table_A,N,
5,43,table_A,N,
5,44,table_A,N,
5,45,table_A,N,
5,51,table_A,N,
5,52,table_A,N,
5,53,table_A,N,
5,54,table_A,N,
5,56,table_A,N,
5,57,table_A,N,
5,81,table_A,N,
5,82,table_A,N,
5,83,table_A,N,
5,84,table_A,N,
5,91,table_A,N,
5,92,table_A,N,
5,93,table_A,N,
5,94,table_A,N,
5,95,table_A,N,
5,96,table_A,N,
5,1,table_B,N,
5,2,table_B,N,
5,7,table_B,N,
5,8,table_B,N,
5,11,table_B,N,
5,12,table_B,N,
5,21,table_B,N,
5,22,table_B,N,
5,24,table_B,N,
5,25,table_B,N,
5,41,table_B,N,
5,42,table_B,N,
5,43,table_B,N,
5,44,table_B,N,
5,45,table_B,N,
5,46,table_B,N,
5,51,table_B,N,
5,52,table_B,N,
5,53,table_B,N,
5,54,table_B,N,
5,56,table_B,N,
5,57,table_B,N,
5,58,table_B,N,
5,59,table_B,N,
5,60,table_B,N,
5,81,table_B,N,
5,82,table_B,N,
5,83,table_B,N,
5,84,table_B,N,
5,91,table_B,N,
5,92,table_B,N,
5,93,table_B,N,
5,94,table_B,N,
5,95,table_B,N,
6,1,table_A,N,
6,2,table_A,N,
6,3,table_A,N,
6,4,table_A,N,
6,5,table_A,N,
6,6,table_A,N,
6,7,table_A,N,
6,8,table_A,N,
6,9,table_A,N,
6,10,table_A,N,
6,11,table_A,N,
6,12,table_A,N,
6,13,table_A,N,
6,14,table_A,N,
6,15,table_A,N,
6,16,table_A,N,
6,17,table_A,N,
6,18,table_A,N,
6,19,table_A,N,
6,20,table_A,N,
6,21,table_A,N,
6,22,table_A,N,
6,23,table_A,N,
6,24,table_A,N,
6,25,table_A,N,
6,28,table_A,N,
6,29,table_A,N,
6,30,table_A,N,
6,31,table_A,N,
6,32,table_A,N,
6,33,table_A,N,
6,34,table_A,N,
6,35,table_A,N,
6,36,table_A,N,
6,37,table_A,N,
6,38,table_A,N,
6,39,table_A,N,
6,40,table_A,N,
6,41,table_A,N,
6,42,table_A,N,
6,43,table_A,N,
6,44,table_A,N,
6,45,table_A,N,
6,46,table_A,N,
6,47,table_A,N,
6,49,table_A,N,
6,50,table_A,N,
6,51,table_A,N,
6,52,table_A,N,
6,53,table_A,N,
6,54,table_A,N,
6,55,table_A,N,
6,56,table_A,N,
6,59,table_A,N,
6,60,table_A,N,
6,61,table_A,N,
6,62,table_A,N,
6,65,table_A,N,
6,66,table_A,N,
6,67,table_A,N,
6,69,table_A,N,
6,70,table_A,N,
6,71,table_A,N,
6,72,table_A,N,
6,73,table_A,N,
6,74,table_A,N,
6,75,table_A,N,
6,76,table_A,N,
6,77,table_A,N,
6,78,table_A,N,
6,79,table_A,N,
6,80,table_A,N,
6,81,table_A,N,
6,82,table_A,N,
6,83,table_A,N,
6,84,table_A,N,
6,85,table_A,N,
6,86,table_A,N,
6,87,table_A,N,
6,89,table_A,N,
6,91,table_A,N,
6,92,table_A,N,
6,93,table_A,N,
6,94,table_A,N,
6,95,table_A,N,
6,96,table_A,N,
6,97,table_A,N,
6,98,table_A,N,
6,101,table_A,N,
6,102,table_A,N,
6,103,table_A,N,
6,105,table_A,N,
6,106,table_A,N,
6,107,table_A,N,
6,108,table_A,N,
6,109,table_A,N,
6,110,table_A,N,
6,111,table_A,N,
6,112,table_A,N,
6,113,table_A,N,
6,114,table_A,N,
6,115,table_A,N,
6,116,table_A,N,
6,117,table_A,N,
6,118,table_A,N,
6,119,table_A,N,
6,121,table_A,N,
6,122,table_A,N,
6,124,table_A,N,
6,125,table_A,N,
6,126,table_A,N,
6,132,table_A,N,
6,133,table_A,N,
6,134,table_A,N,
6,141,table_A,N,
6,142,table_A,N,
6,143,table_A,N,
6,146,table_A,N,
6,147,table_A,N,
6,148,table_A,N,
6,153,table_A,N,
6,157,table_A,N,
6,162,table_A,N,
6,163,table_A,N,
6,166,table_A,N,
6,167,table_A,N,
6,168,table_A,N,
6,169,table_A,N,
6,170,table_A,N,
6,171,table_A,N,
6,177,table_A,N,
6,178,table_A,N,
6,179,table_A,N,
6,181,table_A,N,
6,182,table_A,N,
6,183,table_A,N,
6,184,table_A,N,
6,185,table_A,N,
6,187,table_A,N,
6,188,table_A,N,
6,189,table_A,N,
6,190,table_A,N,
6,191,table_A,N,
6,192,table_A,N,
6,193,table_A,N,
6,195,table_A,N,
6,196,table_A,N,
6,197,table_A,N,
6,198,table_A,N,
6,200,table_A,N,
6,201,table_A,N,
6,202,table_A,N,
6,203,table_A,N,
6,205,table_A,N,
6,208,table_A,N,
6,209,table_A,N,
6,210,table_A,N,
6,211,table_A,N,
6,1,table_B,N,
6,2,table_B,N,
6,3,table_B,N,
6,4,table_B,N,
6,5,table_B,N,
6,6,table_B,N,
6,7,table_B,N,
6,8,table_B,N,
6,9,table_B,N,
6,10,table_B,N,
6,11,table_B,N,
6,12,table_B,N,
6,13,table_B,N,
6,14,table_B,N,
6,15,table_B,N,
6,16,table_B,N,
6,17,table_B,N,
6,18,table_B,N,
6,19,table_B,N,
6,20,table_B,N,
6,21,table_B,N,
6,22,table_B,N,
6,23,table_B,N,
6,24,table_B,N,
6,25,table_B,N,
6,26,table_B,N,
6,27,table_B,N,
6,28,table_B,N,
6,29,table_B,N,
6,30,table_B,N,
6,31,table_B,N,
6,32,table_B,N,
6,33,table_B,N,
6,34,table_B,N,
6,35,table_B,N,
6,36,table_B,N,
6,37,table_B,N,
6,38,table_B,N,
6,39,table_B,N,
6,40,table_B,N,
6,41,table_B,N,
6,42,table_B,N,
6,43,table_B,N,
6,44,table_B,N,
6,45,table_B,N,
6,46,table_B,N,
6,47,table_B,N,
6,48,table_B,N,
6,49,table_B,N,
6,50,table_B,N,
6,51,table_B,N,
6,52,table_B,N,
6,53,table_B,N,
6,54,table_B,N,
6,55,table_B,N,
6,56,table_B,N,
6,57,table_B,N,
6,58,table_B,N,
6,59,table_B,N,
6,60,table_B,N,
6,61,table_B,N,
6,62,table_B,N,
6,65,table_B,N,
6,66,table_B,N,
6,67,table_B,N,
6,68,table_B,N,
6,69,table_B,N,
6,70,table_B,N,
6,71,table_B,N,
6,72,table_B,N,
6,73,table_B,N,
6,74,table_B,N,
6,75,table_B,N,
6,76,table_B,N,
6,77,table_B,N,
6,78,table_B,N,
6,79,table_B,N,
6,80,table_B,N,
6,81,table_B,N,
6,82,table_B,N,
6,83,table_B,N,
6,84,table_B,N,
6,85,table_B,N,
6,86,table_B,N,
6,87,table_B,N,
6,88,table_B,N,
6,89,table_B,N,
6,90,table_B,N,
6,91,table_B,N,
6,92,table_B,N,
6,93,table_B,N,
6,94,table_B,N,
6,95,table_B,N,
6,96,table_B,N,
6,97,table_B,N,
6,99,table_B,N,
6,101,table_B,N,
6,102,table_B,N,
6,103,table_B,N,
6,104,table_B,N,
6,106,table_B,N,
6,107,table_B,N,
6,108,table_B,N,
6,109,table_B,N,
6,110,table_B,N,
6,111,table_B,N,
6,112,table_B,N,
6,113,table_B,N,
6,114,table_B,N,
6,115,table_B,N,
6,116,table_B,N,
6,117,table_B,N,
6,118,table_B,N,
6,119,table_B,N,
6,121,table_B,N,
6,122,table_B,N,
6,123,table_B,N,
6,131,table_B,N,
6,132,table_B,N,
6,133,table_B,N,
6,134,table_B,N,
6,135,table_B,N,
6,141,table_B,N,
6,143,table_B,N,
6,146,table_B,N,
6,147,table_B,N,
6,148,table_B,N,
6,151,table_B,N,
6,152,table_B,N,
6,153,table_B,N,
6,154,table_B,N,
6,155,table_B,N,
6,156,table_B,N,
6,157,table_B,N,
6,161,table_B,N,
6,162,table_B,N,
6,163,table_B,N,
6,166,table_B,N,
6,167,table_B,N,
6,168,table_B,N,
6,169,table_B,N,
6,170,table_B,N,
6,171,table_B,N,
6,176,table_B,N,
6,177,table_B,N,
6,178,table_B,N,
6,179,table_B,N,
6,180,table_B,N,
6,181,table_B,N,
6,182,table_B,N,
6,183,table_B,N,
6,184,table_B,N,
6,185,table_B,N,
6,186,table_B,N,
6,187,table_B,N,
6,188,table_B,N,
6,189,table_B,N,
6,190,table_B,N,
6,191,table_B,N,
6,192,table_B,N,
6,193,table_B,N,
6,195,table_B,N,
6,196,table_B,N,
6,197,table_B,N,
6,198,table_B,N,
6,200,table_B,N,
6,201,table_B,N,
6,202,table_B,N,
6,203,table_B,N,
6,204,table_B,N,
6,205,table_B,N,
6,208,table_B,N,
6,209,table_B,N,
6,210,table_B,N,
6,212,table_B,N,
7,1,table_A,Y,gamesys.tasksystem.taskcontroller.lua;gamesys.tasksystem.taskcontroller.lua
7,2,table_A,Y,gamesys.tasksystem.taskcontroller.lua;gamesys.tasksystem.taskcontroller.lua
7,3,table_A,Y,gamesys.tasksystem.taskcontroller.lua;gamesys.tasksystem.taskcontroller.lua
7,4,table_A,Y,gamesys.tasksystem.taskcontroller.lua;gamesys.tasksystem.taskcontroller.lua
7,21,table_A,Y,gamesys.tasksystem.taskcontroller.lua;gamesys.tasksystem.taskcontroller.lua
7,22,table_A,Y,gamesys.systemzongmen.systemzongmencontroller_protocol.lua;gamesys.tasksystem.taskcontroller.lua;gamesys.tasksystem.taskcontroller.lua;gamesys.tasksystem.taskcontroller.lua
7,23,table_A,Y,gamesys.systemzongmen.systemzongmencontroller_protocol.lua;gamesys.tasksystem.taskcontroller.lua;gamesys.tasksystem.taskcontroller.lua;gamesys.xjfactionnpcsystem.xjfactionnpccontroller.lua
7,27,table_A,Y,gamesys.tasksystem.taskcontroller.lua;gamesys.tasksystem.taskcontroller.lua
7,28,table_A,N,
7,50,table_A,N,
7,51,table_A,N,
7,52,table_A,N,
7,53,table_A,N,
7,54,table_A,N,
7,55,table_A,N,
7,56,table_A,N,
7,57,table_A,N,
7,58,table_A,N,
7,59,table_A,N,
7,60,table_A,N,
7,1,table_B,Y,gamesys.tasksystem.taskcontroller.lua;gamesys.tasksystem.taskcontroller.lua
7,2,table_B,Y,gamesys.tasksystem.taskcontroller.lua;gamesys.tasksystem.taskcontroller.lua
7,3,table_B,Y,gamesys.tasksystem.taskcontroller.lua;gamesys.tasksystem.taskcontroller.lua
7,4,table_B,Y,gamesys.tasksystem.taskcontroller.lua;gamesys.tasksystem.taskcontroller.lua
7,21,table_B,Y,gamesys.tasksystem.taskcontroller.lua;gamesys.tasksystem.taskcontroller.lua
7,22,table_B,Y,gamesys.systemzongmen.systemzongmencontroller_protocol.lua;gamesys.tasksystem.taskcontroller.lua;gamesys.tasksystem.taskcontroller.lua;gamesys.tasksystem.taskcontroller.lua
7,23,table_B,Y,gamesys.systemzongmen.systemzongmencontroller_protocol.lua;gamesys.tasksystem.taskcontroller.lua;gamesys.tasksystem.taskcontroller.lua;gamesys.xjfactionnpcsystem.xjfactionnpccontroller.lua
7,25,table_B,Y,gamesys.tasksystem.taskcontroller.lua;gamesys.tasksystem.taskcontroller.lua
7,26,table_B,Y,gamesys.tasksystem.taskcontroller.lua;gamesys.tasksystem.taskcontroller.lua
7,27,table_B,Y,gamesys.tasksystem.taskcontroller.lua;gamesys.tasksystem.taskcontroller.lua
7,50,table_B,N,
7,51,table_B,N,
7,52,table_B,N,
7,54,table_B,N,
7,55,table_B,N,
7,56,table_B,N,
7,57,table_B,N,
7,58,table_B,N,
7,59,table_B,N,
7,60,table_B,N,
7,61,table_B,N,
8,1,table_A,N,
8,2,table_A,N,
8,4,table_A,N,
8,5,table_A,N,
8,6,table_A,N,
8,7,table_A,N,
8,9,table_A,N,
8,10,table_A,N,
8,12,table_A,N,
8,13,table_A,N,
8,14,table_A,N,
8,15,table_A,N,
8,16,table_A,N,
8,1,table_B,N,
8,2,table_B,N,
8,3,table_B,N,
8,4,table_B,N,
8,5,table_B,N,
8,6,table_B,N,
8,7,table_B,N,
8,8,table_B,N,
8,9,table_B,N,
8,10,table_B,N,
8,11,table_B,N,
8,12,table_B,N,
8,13,table_B,N,
8,14,table_B,N,
8,15,table_B,N,
8,16,table_B,N,
9,1,table_A,N,
9,2,table_A,N,
9,3,table_A,N,
9,4,table_A,N,
9,5,table_A,N,
9,7,table_A,N,
9,8,table_A,N,
9,9,table_A,N,
9,10,table_A,N,
9,13,table_A,N,
9,14,table_A,N,
9,15,table_A,N,
9,16,table_A,N,
9,17,table_A,N,
9,18,table_A,N,
9,20,table_A,N,
9,21,table_A,N,
9,1,table_B,N,
9,2,table_B,N,
9,3,table_B,N,
9,4,table_B,N,
9,5,table_B,N,
9,6,table_B,N,
9,7,table_B,N,
9,8,table_B,N,
9,9,table_B,N,
9,10,table_B,N,
9,11,table_B,N,
9,12,table_B,N,
9,13,table_B,N,
9,14,table_B,N,
9,15,table_B,N,
9,16,table_B,N,
9,17,table_B,N,
9,18,table_B,N,
9,20,table_B,N,
10,1,table_A,N,
10,2,table_A,N,
10,3,table_A,N,
10,4,table_A,N,
10,5,table_A,N,
10,6,table_A,N,
10,7,table_A,N,
10,8,table_A,N,
10,9,table_A,N,
10,12,table_A,N,
10,15,table_A,N,
10,16,table_A,N,
10,1,table_B,N,
10,2,table_B,N,
10,3,table_B,N,
10,4,table_B,N,
10,5,table_B,N,
10,6,table_B,N,
10,7,table_B,N,
10,8,table_B,N,
10,9,table_B,N,
10,10,table_B,N,
10,11,table_B,N,
10,12,table_B,N,
10,13,table_B,N,
10,14,table_B,N,
10,15,table_B,N,
10,16,table_B,N,
11,1,table_A,N,
11,2,table_A,N,
11,3,table_A,N,
11,4,table_A,N,
11,5,table_A,N,
11,8,table_A,N,
11,21,table_A,N,
11,22,table_A,N,
11,23,table_A,N,
11,24,table_A,N,
11,25,table_A,N,
11,26,table_A,N,
11,1,table_B,N,
11,2,table_B,N,
11,3,table_B,N,
11,4,table_B,N,
11,5,table_B,N,
11,6,table_B,N,
11,7,table_B,N,
11,8,table_B,N,
11,20,table_B,N,
11,21,table_B,N,
11,22,table_B,N,
11,23,table_B,N,
11,24,table_B,N,
11,25,table_B,N,
11,26,table_B,N,
11,27,table_B,N,
12,1,table_A,Y,gui.windows.disciple.disciplenotecontroller.lua;gui.windows.disciple.disciplenotecontroller.lua
12,2,table_A,Y,gui.windows.disciple.disciplenotecontroller.lua;gui.windows.disciple.disciplenotecontroller.lua
12,1,table_B,Y,gui.windows.disciple.disciplenotecontroller.lua;gui.windows.disciple.disciplenotecontroller.lua
12,2,table_B,Y,gui.windows.disciple.disciplenotecontroller.lua;gui.windows.disciple.disciplenotecontroller.lua
13,1,table_A,N,
13,3,table_A,N,
13,4,table_A,N,
13,5,table_A,N,
13,6,table_A,N,
13,7,table_A,N,
13,8,table_A,N,
13,10,table_A,N,
13,11,table_A,N,
13,12,table_A,N,
13,13,table_A,N,
13,14,table_A,N,
13,21,table_A,N,
13,22,table_A,N,
13,23,table_A,N,
13,31,table_A,N,
13,32,table_A,N,
13,34,table_A,N,
13,35,table_A,N,
13,36,table_A,N,
13,1,table_B,N,
13,3,table_B,N,
13,4,table_B,N,
13,5,table_B,N,
13,6,table_B,N,
13,7,table_B,N,
13,8,table_B,N,
13,10,table_B,N,
13,11,table_B,N,
13,12,table_B,N,
13,13,table_B,N,
13,14,table_B,N,
13,15,table_B,N,
13,21,table_B,N,
13,22,table_B,N,
13,23,table_B,N,
13,31,table_B,N,
13,34,table_B,N,
13,35,table_B,N,
13,36,table_B,N,
14,1,table_A,N,
14,2,table_A,N,
14,4,table_A,N,
14,6,table_A,N,
14,9,table_A,N,
14,10,table_A,N,
14,11,table_A,N,
14,14,table_A,N,
14,16,table_A,N,
14,17,table_A,N,
14,18,table_A,N,
14,19,table_A,N,
14,21,table_A,N,
14,24,table_A,N,
14,30,table_A,N,
14,31,table_A,N,
14,1,table_B,N,
14,2,table_B,N,
14,3,table_B,N,
14,4,table_B,N,
14,5,table_B,N,
14,6,table_B,N,
14,7,table_B,N,
14,8,table_B,N,
14,10,table_B,N,
14,11,table_B,N,
14,12,table_B,N,
14,13,table_B,N,
14,14,table_B,N,
14,15,table_B,N,
14,16,table_B,N,
14,17,table_B,N,
14,18,table_B,N,
14,19,table_B,N,
14,20,table_B,N,
14,21,table_B,N,
14,22,table_B,N,
14,23,table_B,N,
14,24,table_B,N,
14,25,table_B,N,
14,30,table_B,N,
14,31,table_B,N,
14,32,table_B,N,
14,41,table_B,N,
15,1,table_A,N,
15,2,table_A,N,
15,3,table_A,N,
15,11,table_A,N,
15,12,table_A,N,
15,21,table_A,N,
15,22,table_A,N,
15,23,table_A,N,
15,31,table_A,N,
15,32,table_A,N,
15,33,table_A,N,
15,41,table_A,N,
15,42,table_A,N,
15,43,table_A,N,
15,51,table_A,N,
15,52,table_A,N,
15,53,table_A,N,
15,61,table_A,N,
15,62,table_A,N,
15,63,table_A,N,
15,72,table_A,N,
15,73,table_A,N,
15,76,table_A,N,
15,81,table_A,N,
15,82,table_A,N,
15,1,table_B,N,
15,2,table_B,N,
15,3,table_B,N,
15,11,table_B,N,
15,21,table_B,N,
15,22,table_B,N,
15,23,table_B,N,
15,31,table_B,N,
15,32,table_B,N,
15,33,table_B,N,
15,41,table_B,N,
15,42,table_B,N,
15,43,table_B,N,
15,51,table_B,N,
15,52,table_B,N,
15,53,table_B,N,
15,61,table_B,N,
15,62,table_B,N,
15,63,table_B,N,
15,71,table_B,N,
15,72,table_B,N,
15,73,table_B,N,
15,75,table_B,N,
15,76,table_B,N,
15,80,table_B,N,
15,81,table_B,N,
15,82,table_B,N,
16,1,table_A,Y,gamesys.gubao.gubaocontroller.lua;gamesys.gubao.gubaocontroller.lua
16,2,table_A,Y,gamesys.gubao.gubaocontroller.lua;gamesys.gubao.gubaocontroller.lua
16,3,table_A,Y,gamesys.gubao.gubaocontroller.lua;gamesys.gubao.gubaocontroller.lua
16,4,table_A,Y,gamesys.gubao.gubaocontroller.lua;gamesys.gubao.gubaocontroller.lua
16,5,table_A,Y,gamesys.gubao.gubaocontroller.lua;gamesys.gubao.gubaocontroller.lua
16,6,table_A,Y,gamesys.gubao.gubaocontroller.lua;gamesys.gubao.gubaocontroller.lua
16,7,table_A,Y,gamesys.gubao.gubaocontroller.lua;gamesys.gubao.gubaocontroller.lua
16,8,table_A,Y,gamesys.gubao.gubaocontroller.lua;gamesys.gubao.gubaocontroller.lua
16,11,table_A,Y,gamesys.gubao.gubaocontroller.lua;gamesys.gubao.gubaocontroller.lua
16,12,table_A,Y,gamesys.gubao.gubaocontroller.lua;gamesys.gubao.gubaocontroller.lua
16,21,table_A,Y,gamesys.gubao.gubaocontroller.lua;gamesys.gubao.gubaocontroller.lua
16,32,table_A,N,
16,33,table_A,N,
16,41,table_A,N,
16,42,table_A,N,
16,43,table_A,N,
16,44,table_A,N,
16,1,table_B,Y,gamesys.gubao.gubaocontroller.lua;gamesys.gubao.gubaocontroller.lua
16,2,table_B,Y,gamesys.gubao.gubaocontroller.lua;gamesys.gubao.gubaocontroller.lua
16,3,table_B,Y,gamesys.gubao.gubaocontroller.lua;gamesys.gubao.gubaocontroller.lua
16,4,table_B,Y,gamesys.gubao.gubaocontroller.lua;gamesys.gubao.gubaocontroller.lua
16,5,table_B,Y,gamesys.gubao.gubaocontroller.lua;gamesys.gubao.gubaocontroller.lua
16,6,table_B,Y,gamesys.gubao.gubaocontroller.lua;gamesys.gubao.gubaocontroller.lua
16,7,table_B,Y,gamesys.gubao.gubaocontroller.lua;gamesys.gubao.gubaocontroller.lua
16,8,table_B,Y,gamesys.gubao.gubaocontroller.lua;gamesys.gubao.gubaocontroller.lua
16,11,table_B,Y,gamesys.gubao.gubaocontroller.lua;gamesys.gubao.gubaocontroller.lua
16,12,table_B,Y,gamesys.gubao.gubaocontroller.lua;gamesys.gubao.gubaocontroller.lua
16,21,table_B,Y,gamesys.gubao.gubaocontroller.lua;gamesys.gubao.gubaocontroller.lua
16,31,table_B,N,
16,32,table_B,N,
16,33,table_B,N,
16,41,table_B,N,
16,42,table_B,N,
16,43,table_B,N,
16,44,table_B,N,
17,1,table_A,N,
17,2,table_A,N,
17,4,table_A,N,
17,6,table_A,N,
17,8,table_A,N,
17,10,table_A,N,
17,11,table_A,N,
17,12,table_A,N,
17,14,table_A,N,
17,20,table_A,N,
17,21,table_A,N,
17,22,table_A,N,
17,23,table_A,N,
17,24,table_A,N,
17,25,table_A,N,
17,26,table_A,N,
17,27,table_A,N,
17,28,table_A,N,
17,29,table_A,N,
17,30,table_A,N,
17,31,table_A,N,
17,32,table_A,N,
17,33,table_A,N,
17,34,table_A,N,
17,35,table_A,N,
17,39,table_A,N,
17,40,table_A,N,
17,52,table_A,N,
17,53,table_A,N,
17,54,table_A,N,
17,55,table_A,N,
17,56,table_A,N,
17,57,table_A,N,
17,58,table_A,N,
17,59,table_A,N,
17,60,table_A,N,
17,62,table_A,N,
17,1,table_B,N,
17,2,table_B,N,
17,4,table_B,N,
17,6,table_B,N,
17,8,table_B,N,
17,10,table_B,N,
17,11,table_B,N,
17,12,table_B,N,
17,13,table_B,N,
17,14,table_B,N,
17,20,table_B,N,
17,21,table_B,N,
17,22,table_B,N,
17,23,table_B,N,
17,24,table_B,N,
17,25,table_B,N,
17,26,table_B,N,
17,27,table_B,N,
17,28,table_B,N,
17,29,table_B,N,
17,30,table_B,N,
17,31,table_B,N,
17,32,table_B,N,
17,33,table_B,N,
17,34,table_B,N,
17,35,table_B,N,
17,36,table_B,N,
17,37,table_B,N,
17,38,table_B,N,
17,39,table_B,N,
17,40,table_B,N,
17,51,table_B,N,
17,52,table_B,N,
17,53,table_B,N,
17,54,table_B,N,
17,55,table_B,N,
17,56,table_B,N,
17,57,table_B,N,
17,58,table_B,N,
17,59,table_B,N,
17,60,table_B,N,
17,61,table_B,N,
17,62,table_B,N,
18,1,table_A,N,
18,4,table_A,N,
18,5,table_A,N,
18,6,table_A,N,
18,7,table_A,N,
18,8,table_A,N,
18,9,table_A,N,
18,10,table_A,N,
18,11,table_A,N,
18,12,table_A,N,
18,1,table_B,N,
18,3,table_B,N,
18,4,table_B,N,
18,5,table_B,N,
18,6,table_B,N,
18,7,table_B,N,
18,8,table_B,N,
18,9,table_B,N,
18,12,table_B,N,
19,1,table_A,Y,gamesys.lingshou.lingshoucontroller.lua;gamesys.lingshou.lingshoucontroller.lua
19,2,table_A,Y,gamesys.lingshou.lingshoucontroller.lua;gamesys.lingshou.lingshoucontroller.lua
19,3,table_A,Y,gamesys.lingshou.lingshoucontroller.lua;gamesys.lingshou.lingshoucontroller.lua
19,4,table_A,Y,gamesys.lingshou.lingshoucontroller.lua;gamesys.lingshou.lingshoucontroller.lua
19,5,table_A,Y,gamesys.lingshou.lingshoucontroller_xuemai.lua;gamesys.lingshou.lingshoucontroller_xuemai.lua
19,6,table_A,Y,gamesys.lingshou.lingshoucontroller_xuemai.lua;gamesys.lingshou.lingshoucontroller_xuemai.lua
19,14,table_A,Y,gamesys.lingshou.lingshoucontroller.lua;gamesys.lingshou.lingshoucontroller.lua
19,15,table_A,Y,gamesys.lingshou.lingshoucontroller.lua;gamesys.lingshou.lingshoucontroller.lua
19,100,table_A,N,
19,101,table_A,N,
19,102,table_A,N,
19,104,table_A,Y,gamesys.lingshou.lingshoucontroller_chuangong.lua;gamesys.lingshou.lingshoucontroller_chuangong.lua
19,105,table_A,Y,gamesys.lingshou.lingshoucontroller_chuangong.lua;gamesys.lingshou.lingshoucontroller_chuangong.lua
19,106,table_A,Y,gamesys.lingshou.lingshoucontroller_chuangong.lua;gamesys.lingshou.lingshoucontroller_chuangong.lua
19,107,table_A,Y,gamesys.lingshou.lingshoucontroller_kickout.lua;gamesys.lingshou.lingshoucontroller_kickout.lua
19,108,table_A,Y,gamesys.lingshou.lingshoucontroller.lua;gamesys.lingshou.lingshoucontroller.lua
19,1,table_B,Y,gamesys.lingshou.lingshoucontroller.lua;gamesys.lingshou.lingshoucontroller.lua
19,2,table_B,Y,gamesys.lingshou.lingshoucontroller.lua;gamesys.lingshou.lingshoucontroller.lua
19,3,table_B,Y,gamesys.lingshou.lingshoucontroller.lua;gamesys.lingshou.lingshoucontroller.lua
19,4,table_B,Y,gamesys.lingshou.lingshoucontroller.lua;gamesys.lingshou.lingshoucontroller.lua
19,5,table_B,Y,gamesys.lingshou.lingshoucontroller_xuemai.lua;gamesys.lingshou.lingshoucontroller_xuemai.lua
19,6,table_B,Y,gamesys.lingshou.lingshoucontroller_xuemai.lua;gamesys.lingshou.lingshoucontroller_xuemai.lua
19,8,table_B,Y,gamesys.lingshou.lingshoucontroller.lua;gamesys.lingshou.lingshoucontroller.lua
19,9,table_B,Y,gamesys.lingshou.lingshoucontroller.lua;gamesys.lingshou.lingshoucontroller.lua
19,10,table_B,Y,gamesys.lingshou.lingshoucontroller.lua;gamesys.lingshou.lingshoucontroller.lua
19,11,table_B,Y,gamesys.lingshou.lingshoucontroller.lua;gamesys.lingshou.lingshoucontroller.lua
19,12,table_B,Y,gamesys.lingshou.lingshoucontroller.lua;gamesys.lingshou.lingshoucontroller.lua
19,13,table_B,Y,gamesys.lingshou.lingshoucontroller.lua;gamesys.lingshou.lingshoucontroller.lua
19,14,table_B,Y,gamesys.lingshou.lingshoucontroller.lua;gamesys.lingshou.lingshoucontroller.lua
19,15,table_B,Y,gamesys.lingshou.lingshoucontroller.lua;gamesys.lingshou.lingshoucontroller.lua
19,100,table_B,N,
19,101,table_B,N,
19,102,table_B,N,
19,103,table_B,N,
19,104,table_B,Y,gamesys.lingshou.lingshoucontroller_chuangong.lua;gamesys.lingshou.lingshoucontroller_chuangong.lua
19,105,table_B,Y,gamesys.lingshou.lingshoucontroller_chuangong.lua;gamesys.lingshou.lingshoucontroller_chuangong.lua
19,106,table_B,Y,gamesys.lingshou.lingshoucontroller_chuangong.lua;gamesys.lingshou.lingshoucontroller_chuangong.lua
19,107,table_B,Y,gamesys.lingshou.lingshoucontroller_kickout.lua;gamesys.lingshou.lingshoucontroller_kickout.lua
19,108,table_B,Y,gamesys.lingshou.lingshoucontroller.lua;gamesys.lingshou.lingshoucontroller.lua
20,1,table_A,Y,gamesys.xianmeng.xianmengcontroller.lua;gamesys.xianmeng.xianmengcontroller.lua
20,2,table_A,Y,gamesys.xianmeng.xianmengcontroller.lua;gamesys.xianmeng.xianmengcontroller.lua
20,11,table_A,Y,gamesys.xianmeng.xianmengcontroller.lua;gamesys.xianmeng.xianmengcontroller.lua
20,12,table_A,Y,gamesys.xianmeng.xianmengcontroller.lua;gamesys.xianmeng.xianmengcontroller.lua
20,13,table_A,Y,gamesys.xianmeng.xianmengcontroller.lua;gamesys.xianmeng.xianmengcontroller.lua
20,14,table_A,Y,gamesys.xianmeng.xianmengcontroller.lua;gamesys.xianmeng.xianmengcontroller.lua
20,15,table_A,Y,gamesys.xianmeng.xianmengcontroller.lua;gamesys.xianmeng.xianmengcontroller.lua
20,16,table_A,Y,gamesys.xianmeng.xianmengcontroller.lua;gamesys.xianmeng.xianmengcontroller.lua
20,21,table_A,Y,gamesys.xianmeng.xianmengcontroller.lua;gamesys.xianmeng.xianmengcontroller.lua
20,22,table_A,Y,gamesys.xianmeng.xianmengcontroller.lua;gamesys.xianmeng.xianmengcontroller.lua
20,23,table_A,Y,gamesys.xianmeng.xianmengcontroller.lua;gamesys.xianmeng.xianmengcontroller.lua
20,24,table_A,Y,gamesys.xianmeng.xianmengcontroller.lua;gamesys.xianmeng.xianmengcontroller.lua
20,25,table_A,Y,gamesys.xianmeng.xianmengcontroller.lua;gamesys.xianmeng.xianmengcontroller.lua
20,26,table_A,Y,gamesys.xianmeng.xianmengcontroller.lua;gamesys.xianmeng.xianmengcontroller.lua
20,27,table_A,Y,gamesys.xianmeng.xianmengcontroller.lua;gamesys.xianmeng.xianmengcontroller.lua
20,28,table_A,Y,gamesys.xianmeng.xianmengcontroller.lua;gamesys.xianmeng.xianmengcontroller.lua
20,29,table_A,Y,gamesys.xianmeng.xianmengcontroller.lua;gamesys.xianmeng.xianmengcontroller.lua
20,31,table_A,Y,gamesys.xianmeng.xianmengcontroller.lua;gamesys.xianmeng.xianmengcontroller.lua
20,32,table_A,Y,gamesys.xianmeng.xianmengcontroller.lua;gamesys.xianmeng.xianmengcontroller.lua
20,33,table_A,Y,gamesys.xianmeng.xianmengcontroller.lua;gamesys.xianmeng.xianmengcontroller.lua
20,34,table_A,Y,gamesys.xianmeng.xianmengcontroller.lua;gamesys.xianmeng.xianmengcontroller.lua
20,35,table_A,Y,gamesys.xianmeng.xianmengcontroller_gongxunbang.lua;gamesys.xianmeng.xianmengcontroller_gongxunbang.lua
20,36,table_A,Y,gamesys.xianmeng.xianmengcontroller_gongxunbang.lua;gamesys.xianmeng.xianmengcontroller_gongxunbang.lua
20,37,table_A,Y,gamesys.xianmeng.xianmengcontroller.lua;gamesys.xianmeng.xianmengcontroller.lua
20,39,table_A,Y,gamesys.xianmeng.xianmengcontroller.lua;gamesys.xianmeng.xianmengcontroller.lua
20,41,table_A,Y,gamesys.xianmeng.xianmengcontroller.lua;gamesys.xianmeng.xianmengcontroller_fenxiangziyuan.lua;gamesys.xianmeng.xianmengcontroller_fenxiangziyuan.lua
20,42,table_A,Y,gamesys.xianmeng.xianmengcontroller_fenxiangziyuan.lua;gamesys.xianmeng.xianmengcontroller_fenxiangziyuan.lua
20,43,table_A,Y,gamesys.xianmeng.xianmengcontroller_fenxiangziyuan.lua;gamesys.xianmeng.xianmengcontroller_fenxiangziyuan.lua
20,44,table_A,Y,gamesys.xianmeng.xianmengcontroller_fenxiangziyuan.lua;gamesys.xianmeng.xianmengcontroller_fenxiangziyuan.lua
20,46,table_A,Y,gamesys.xianmeng.xianmengcontroller_fenxiangziyuan.lua;gamesys.xianmeng.xianmengcontroller_fenxiangziyuan.lua
20,47,table_A,Y,gamesys.xianmeng.xianmengcontroller_fenxiangziyuan.lua;gamesys.xianmeng.xianmengcontroller_fenxiangziyuan.lua;gamesys.xianmeng.xianmengcontroller_fenxiangziyuan.lua
20,51,table_A,Y,gamesys.xianmeng.xianmengcontroller_building.lua;gamesys.xianmeng.xianmengcontroller_building.lua
20,52,table_A,Y,gamesys.xianmeng.xianmengcontroller_building.lua;gamesys.xianmeng.xianmengcontroller_building.lua
20,53,table_A,Y,gamesys.xianmeng.xianmengcontroller_building.lua;gamesys.xianmeng.xianmengcontroller_building.lua
20,54,table_A,Y,gamesys.xianmeng.xianmengcontroller_building.lua;gamesys.xianmeng.xianmengcontroller_building.lua
20,55,table_A,Y,gamesys.xianmeng.xianmengcontroller_building.lua;gamesys.xianmeng.xianmengcontroller_building.lua
20,56,table_A,Y,gamesys.xianmeng.xianmengcontroller_building.lua;gamesys.xianmeng.xianmengcontroller_building.lua
20,57,table_A,Y,gamesys.xianmeng.xianmengcontroller_building.lua;gamesys.xianmeng.xianmengcontroller_building.lua
20,58,table_A,Y,gamesys.xianmeng.xianmengcontroller_building.lua;gamesys.xianmeng.xianmengcontroller_building.lua
20,59,table_A,Y,gamesys.xianmeng.xianmengcontroller_building.lua;gamesys.xianmeng.xianmengcontroller_building.lua
20,62,table_A,N,
20,63,table_A,N,
20,64,table_A,N,
20,65,table_A,N,
20,66,table_A,N,
20,67,table_A,N,
20,81,table_A,N,
20,82,table_A,N,
20,91,table_A,N,
20,92,table_A,N,
20,93,table_A,N,
20,95,table_A,N,
20,97,table_A,N,
20,98,table_A,N,
20,100,table_A,Y,gamesys.xianmeng.xianmengcontroller_xianwulou.lua;gamesys.xianmeng.xianmengcontroller_xianwulou.lua
20,101,table_A,Y,gamesys.xianmeng.xianmengcontroller_xianwulou.lua;gamesys.xianmeng.xianmengcontroller_xianwulou.lua;gamesys.xianmeng.xianmengcontroller_xianwulou.lua
20,102,table_A,Y,gamesys.xianmeng.xianmengcontroller_xianwulou.lua;gamesys.xianmeng.xianmengcontroller_xianwulou.lua
20,103,table_A,Y,gamesys.xianmeng.xianmengcontroller_xianwulou.lua;gamesys.xianmeng.xianmengcontroller_xianwulou.lua
20,105,table_A,Y,gamesys.xianmeng.act.xianmengdigong.xianmengdigongcontroller.lua;gamesys.xianmeng.act.xianmengdigong.xianmengdigongcontroller.lua
20,106,table_A,Y,gamesys.xianmeng.act.xianmengdigong.xianmengdigongcontroller.lua;gamesys.xianmeng.act.xianmengdigong.xianmengdigongcontroller.lua
20,107,table_A,Y,gamesys.xianmeng.act.xianmengdigong.xianmengdigongcontroller.lua;gamesys.xianmeng.act.xianmengdigong.xianmengdigongcontroller.lua
20,108,table_A,Y,gamesys.xianmeng.act.xianmengdigong.xianmengdigongcontroller.lua;gamesys.xianmeng.act.xianmengdigong.xianmengdigongcontroller.lua
20,111,table_A,Y,gamesys.xianmeng.act.xianmengdigong.xianmengdigongcontroller.lua;gamesys.xianmeng.act.xianmengdigong.xianmengdigongcontroller.lua
20,112,table_A,Y,gamesys.xianmeng.act.xianmengdigong.xianmengdigongcontroller.lua;gamesys.xianmeng.act.xianmengdigong.xianmengdigongcontroller.lua
20,113,table_A,Y,gamesys.xianmeng.act.xianmengdigong.xianmengdigongcontroller.lua;gamesys.xianmeng.act.xianmengdigong.xianmengdigongcontroller.lua
20,114,table_A,Y,gamesys.xianmeng.act.xianmengdigong.xianmengdigongcontroller.lua;gamesys.xianmeng.act.xianmengdigong.xianmengdigongcontroller.lua
20,116,table_A,Y,gamesys.xianmeng.act.xianmengdigong.xianmengdigongcontroller.lua;gamesys.xianmeng.act.xianmengdigong.xianmengdigongcontroller.lua
20,118,table_A,N,
20,120,table_A,N,
20,121,table_A,N,
20,122,table_A,N,
20,124,table_A,N,
20,125,table_A,N,
20,126,table_A,N,
20,127,table_A,N,
20,129,table_A,N,
20,130,table_A,Y,gamesys.xianmeng.xianmengcontroller_xianwulou.lua;gamesys.xianmeng.xianmengcontroller_xianwulou.lua
20,132,table_A,Y,gamesys.xianmeng.act.xianmengdigong.xianmengdigongcontroller.lua;gamesys.xianmeng.act.xianmengdigong.xianmengdigongcontroller.lua
20,133,table_A,Y,gamesys.xianmeng.act.xianmengdigong.xianmengdigongcontroller.lua;gamesys.xianmeng.act.xianmengdigong.xianmengdigongcontroller.lua
20,134,table_A,N,
20,135,table_A,Y,gamesys.xianmeng.act.xianmengdigong.xianmengdigongcontroller.lua;gamesys.xianmeng.act.xianmengdigong.xianmengdigongcontroller.lua
20,136,table_A,Y,gamesys.xianmeng.xianmengcontroller.lua;gamesys.xianmeng.xianmengcontroller.lua
20,137,table_A,Y,gamesys.xianmeng.xianmengcontroller.lua;gamesys.xianmeng.xianmengcontroller.lua
20,139,table_A,Y,gamesys.xianmeng.act.xianmengdigong.xianmengdigongcontroller.lua;gamesys.xianmeng.act.xianmengdigong.xianmengdigongcontroller.lua
20,140,table_A,Y,gamesys.xianmeng.xianmengcontroller_kufangzhfp.lua;gamesys.xianmeng.xianmengcontroller_kufangzhfp.lua
20,141,table_A,Y,gamesys.xianmeng.xianmengcontroller_kufangzhfp.lua;gamesys.xianmeng.xianmengcontroller_kufangzhfp.lua
20,142,table_A,Y,gamesys.xianmeng.xianmengcontroller_kufangzhfp.lua;gamesys.xianmeng.xianmengcontroller_kufangzhfp.lua
20,143,table_A,N,
20,144,table_A,N,
20,145,table_A,N,
20,147,table_A,N,
20,148,table_A,Y,gamesys.xianmeng.xianmengcontroller_donationstatistics.lua;gamesys.xianmeng.xianmengcontroller_donationstatistics.lua
20,151,table_A,N,
20,152,table_A,N,
20,153,table_A,N,
20,154,table_A,N,
20,155,table_A,N,
20,156,table_A,N,
20,157,table_A,N,
20,158,table_A,N,
20,159,table_A,N,
20,160,table_A,N,
20,164,table_A,N,
20,165,table_A,N,
20,166,table_A,N,
20,167,table_A,N,
20,171,table_A,N,
20,174,table_A,Y,gamesys.xianmeng.xianmengcontroller_moulue.lua;gamesys.xianmeng.xianmengcontroller_moulue.lua
20,181,table_A,N,
20,182,table_A,N,
20,183,table_A,N,
20,184,table_A,N,
20,187,table_A,N,
20,188,table_A,N,
20,189,table_A,N,
20,190,table_A,N,
20,191,table_A,N,
20,192,table_A,N,
20,193,table_A,N,
20,194,table_A,N,
20,195,table_A,N,
20,196,table_A,N,
20,197,table_A,N,
20,198,table_A,N,
20,200,table_A,N,
20,201,table_A,N,
20,202,table_A,N,
20,203,table_A,N,
20,204,table_A,N,
20,205,table_A,N,
20,207,table_A,N,
20,210,table_A,N,
20,211,table_A,N,
20,213,table_A,N,
20,214,table_A,N,
20,215,table_A,N,
20,218,table_A,N,
20,219,table_A,N,
20,220,table_A,N,
20,222,table_A,N,
20,223,table_A,N,
20,224,table_A,N,
20,225,table_A,N,
20,226,table_A,N,
20,227,table_A,N,
20,228,table_A,N,
20,229,table_A,N,
20,230,table_A,N,
20,231,table_A,N,
20,232,table_A,N,
20,233,table_A,N,
20,236,table_A,N,
20,237,table_A,N,
20,238,table_A,N,
20,239,table_A,N,
20,240,table_A,N,
20,243,table_A,N,
20,244,table_A,N,
20,245,table_A,N,
20,246,table_A,N,
20,247,table_A,N,
20,248,table_A,N,
20,249,table_A,N,
20,251,table_A,N,
20,252,table_A,N,
20,253,table_A,Y,gamesys.xianmeng.act.zhengzhanshanhai.zhengzhanshanhaicontroller_rank.lua;gamesys.xianmeng.act.zhengzhanshanhai.zhengzhanshanhaicontroller_rank.lua
20,254,table_A,N,
20,1,table_B,Y,gamesys.xianmeng.xianmengcontroller.lua;gamesys.xianmeng.xianmengcontroller.lua
20,2,table_B,Y,gamesys.xianmeng.xianmengcontroller.lua;gamesys.xianmeng.xianmengcontroller.lua
20,3,table_B,Y,gamesys.xianmeng.xianmengcontroller.lua;gamesys.xianmeng.xianmengcontroller.lua
20,4,table_B,Y,gamesys.xianmeng.xianmengcontroller.lua;gamesys.xianmeng.xianmengcontroller.lua
20,7,table_B,Y,gamesys.xianmeng.xianmengcontroller.lua;gamesys.xianmeng.xianmengcontroller.lua
20,8,table_B,Y,gamesys.xianmeng.xianmengcontroller.lua;gamesys.xianmeng.xianmengcontroller.lua
20,9,table_B,Y,gamesys.xianmeng.xianmengcontroller.lua;gamesys.xianmeng.xianmengcontroller.lua
20,11,table_B,Y,gamesys.xianmeng.xianmengcontroller.lua;gamesys.xianmeng.xianmengcontroller.lua
20,12,table_B,Y,gamesys.xianmeng.xianmengcontroller.lua;gamesys.xianmeng.xianmengcontroller.lua
20,13,table_B,Y,gamesys.xianmeng.xianmengcontroller.lua;gamesys.xianmeng.xianmengcontroller.lua
20,14,table_B,Y,gamesys.xianmeng.xianmengcontroller.lua;gamesys.xianmeng.xianmengcontroller.lua
20,15,table_B,Y,gamesys.xianmeng.xianmengcontroller.lua;gamesys.xianmeng.xianmengcontroller.lua
20,16,table_B,Y,gamesys.xianmeng.xianmengcontroller.lua;gamesys.xianmeng.xianmengcontroller.lua
20,21,table_B,Y,gamesys.xianmeng.xianmengcontroller.lua;gamesys.xianmeng.xianmengcontroller.lua
20,22,table_B,Y,gamesys.xianmeng.xianmengcontroller.lua;gamesys.xianmeng.xianmengcontroller.lua
20,23,table_B,Y,gamesys.xianmeng.xianmengcontroller.lua;gamesys.xianmeng.xianmengcontroller.lua
20,24,table_B,Y,gamesys.xianmeng.xianmengcontroller.lua;gamesys.xianmeng.xianmengcontroller.lua
20,25,table_B,Y,gamesys.xianmeng.xianmengcontroller.lua;gamesys.xianmeng.xianmengcontroller.lua
20,26,table_B,Y,gamesys.xianmeng.xianmengcontroller.lua;gamesys.xianmeng.xianmengcontroller.lua
20,27,table_B,Y,gamesys.xianmeng.xianmengcontroller.lua;gamesys.xianmeng.xianmengcontroller.lua
20,28,table_B,Y,gamesys.xianmeng.xianmengcontroller.lua;gamesys.xianmeng.xianmengcontroller.lua
20,29,table_B,Y,gamesys.xianmeng.xianmengcontroller.lua;gamesys.xianmeng.xianmengcontroller.lua
20,31,table_B,Y,gamesys.xianmeng.xianmengcontroller.lua;gamesys.xianmeng.xianmengcontroller.lua
20,32,table_B,Y,gamesys.xianmeng.xianmengcontroller.lua;gamesys.xianmeng.xianmengcontroller.lua
20,33,table_B,Y,gamesys.xianmeng.xianmengcontroller.lua;gamesys.xianmeng.xianmengcontroller.lua
20,34,table_B,Y,gamesys.xianmeng.xianmengcontroller.lua;gamesys.xianmeng.xianmengcontroller.lua
20,35,table_B,Y,gamesys.xianmeng.xianmengcontroller_gongxunbang.lua;gamesys.xianmeng.xianmengcontroller_gongxunbang.lua
20,36,table_B,Y,gamesys.xianmeng.xianmengcontroller_gongxunbang.lua;gamesys.xianmeng.xianmengcontroller_gongxunbang.lua
20,37,table_B,Y,gamesys.xianmeng.xianmengcontroller.lua;gamesys.xianmeng.xianmengcontroller.lua
20,38,table_B,Y,gamesys.xianmeng.xianmengcontroller_gongxunbang.lua;gamesys.xianmeng.xianmengcontroller_gongxunbang.lua
20,39,table_B,Y,gamesys.xianmeng.xianmengcontroller.lua;gamesys.xianmeng.xianmengcontroller.lua
20,41,table_B,Y,gamesys.xianmeng.xianmengcontroller.lua;gamesys.xianmeng.xianmengcontroller_fenxiangziyuan.lua;gamesys.xianmeng.xianmengcontroller_fenxiangziyuan.lua
20,42,table_B,Y,gamesys.xianmeng.xianmengcontroller_fenxiangziyuan.lua;gamesys.xianmeng.xianmengcontroller_fenxiangziyuan.lua
20,43,table_B,Y,gamesys.xianmeng.xianmengcontroller_fenxiangziyuan.lua;gamesys.xianmeng.xianmengcontroller_fenxiangziyuan.lua
20,44,table_B,Y,gamesys.xianmeng.xianmengcontroller_fenxiangziyuan.lua;gamesys.xianmeng.xianmengcontroller_fenxiangziyuan.lua
20,45,table_B,Y,gamesys.xianmeng.xianmengcontroller_fenxiangziyuan.lua;gamesys.xianmeng.xianmengcontroller_fenxiangziyuan.lua
20,46,table_B,Y,gamesys.xianmeng.xianmengcontroller_fenxiangziyuan.lua;gamesys.xianmeng.xianmengcontroller_fenxiangziyuan.lua
20,47,table_B,Y,gamesys.xianmeng.xianmengcontroller_fenxiangziyuan.lua;gamesys.xianmeng.xianmengcontroller_fenxiangziyuan.lua;gamesys.xianmeng.xianmengcontroller_fenxiangziyuan.lua
20,51,table_B,Y,gamesys.xianmeng.xianmengcontroller_building.lua;gamesys.xianmeng.xianmengcontroller_building.lua
20,52,table_B,Y,gamesys.xianmeng.xianmengcontroller_building.lua;gamesys.xianmeng.xianmengcontroller_building.lua
20,53,table_B,Y,gamesys.xianmeng.xianmengcontroller_building.lua;gamesys.xianmeng.xianmengcontroller_building.lua
20,54,table_B,Y,gamesys.xianmeng.xianmengcontroller_building.lua;gamesys.xianmeng.xianmengcontroller_building.lua
20,55,table_B,Y,gamesys.xianmeng.xianmengcontroller_building.lua;gamesys.xianmeng.xianmengcontroller_building.lua
20,56,table_B,Y,gamesys.xianmeng.xianmengcontroller_building.lua;gamesys.xianmeng.xianmengcontroller_building.lua
20,57,table_B,Y,gamesys.xianmeng.xianmengcontroller_building.lua;gamesys.xianmeng.xianmengcontroller_building.lua
20,58,table_B,Y,gamesys.xianmeng.xianmengcontroller_building.lua;gamesys.xianmeng.xianmengcontroller_building.lua
20,59,table_B,Y,gamesys.xianmeng.xianmengcontroller_building.lua;gamesys.xianmeng.xianmengcontroller_building.lua
20,60,table_B,Y,gamesys.xianmeng.xianmengcontroller_building.lua;gamesys.xianmeng.xianmengcontroller_building.lua
20,61,table_B,Y,gamesys.xianmeng.xianmengcontroller_building.lua;gamesys.xianmeng.xianmengcontroller_building.lua
20,62,table_B,N,
20,63,table_B,N,
20,64,table_B,N,
20,65,table_B,N,
20,66,table_B,N,
20,67,table_B,N,
20,68,table_B,N,
20,81,table_B,N,
20,91,table_B,N,
20,92,table_B,N,
20,93,table_B,N,
20,94,table_B,N,
20,95,table_B,N,
20,96,table_B,N,
20,97,table_B,N,
20,98,table_B,N,
20,99,table_B,N,
20,100,table_B,Y,gamesys.xianmeng.xianmengcontroller_xianwulou.lua;gamesys.xianmeng.xianmengcontroller_xianwulou.lua
20,101,table_B,Y,gamesys.xianmeng.xianmengcontroller_xianwulou.lua;gamesys.xianmeng.xianmengcontroller_xianwulou.lua;gamesys.xianmeng.xianmengcontroller_xianwulou.lua
20,102,table_B,Y,gamesys.xianmeng.xianmengcontroller_xianwulou.lua;gamesys.xianmeng.xianmengcontroller_xianwulou.lua
20,103,table_B,Y,gamesys.xianmeng.xianmengcontroller_xianwulou.lua;gamesys.xianmeng.xianmengcontroller_xianwulou.lua
20,104,table_B,Y,gamesys.xianmeng.xianmengcontroller_xianwulou.lua;gamesys.xianmeng.xianmengcontroller_xianwulou.lua
20,105,table_B,Y,gamesys.xianmeng.act.xianmengdigong.xianmengdigongcontroller.lua;gamesys.xianmeng.act.xianmengdigong.xianmengdigongcontroller.lua
20,106,table_B,Y,gamesys.xianmeng.act.xianmengdigong.xianmengdigongcontroller.lua;gamesys.xianmeng.act.xianmengdigong.xianmengdigongcontroller.lua
20,107,table_B,Y,gamesys.xianmeng.act.xianmengdigong.xianmengdigongcontroller.lua;gamesys.xianmeng.act.xianmengdigong.xianmengdigongcontroller.lua
20,108,table_B,Y,gamesys.xianmeng.act.xianmengdigong.xianmengdigongcontroller.lua;gamesys.xianmeng.act.xianmengdigong.xianmengdigongcontroller.lua
20,109,table_B,Y,gamesys.xianmeng.act.xianmengdigong.xianmengdigongcontroller.lua;gamesys.xianmeng.act.xianmengdigong.xianmengdigongcontroller.lua
20,110,table_B,Y,gamesys.xianmeng.act.xianmengdigong.xianmengdigongcontroller.lua;gamesys.xianmeng.act.xianmengdigong.xianmengdigongcontroller.lua
20,111,table_B,Y,gamesys.xianmeng.act.xianmengdigong.xianmengdigongcontroller.lua;gamesys.xianmeng.act.xianmengdigong.xianmengdigongcontroller.lua
20,112,table_B,Y,gamesys.xianmeng.act.xianmengdigong.xianmengdigongcontroller.lua;gamesys.xianmeng.act.xianmengdigong.xianmengdigongcontroller.lua
20,113,table_B,Y,gamesys.xianmeng.act.xianmengdigong.xianmengdigongcontroller.lua;gamesys.xianmeng.act.xianmengdigong.xianmengdigongcontroller.lua
20,114,table_B,Y,gamesys.xianmeng.act.xianmengdigong.xianmengdigongcontroller.lua;gamesys.xianmeng.act.xianmengdigong.xianmengdigongcontroller.lua
20,115,table_B,Y,gamesys.xianmeng.act.xianmengdigong.xianmengdigongcontroller.lua;gamesys.xianmeng.act.xianmengdigong.xianmengdigongcontroller.lua
20,116,table_B,Y,gamesys.xianmeng.act.xianmengdigong.xianmengdigongcontroller.lua;gamesys.xianmeng.act.xianmengdigong.xianmengdigongcontroller.lua
20,117,table_B,Y,gamesys.xianmeng.act.xianmengdigong.xianmengdigongcontroller.lua;gamesys.xianmeng.act.xianmengdigong.xianmengdigongcontroller.lua
20,118,table_B,N,
20,119,table_B,Y,gamesys.xianmeng.act.xianmengdigong.xianmengdigongcontroller.lua;gamesys.xianmeng.act.xianmengdigong.xianmengdigongcontroller.lua
20,120,table_B,N,
20,121,table_B,N,
20,122,table_B,N,
20,123,table_B,N,
20,124,table_B,N,
20,125,table_B,N,
20,126,table_B,N,
20,127,table_B,N,
20,128,table_B,N,
20,129,table_B,N,
20,130,table_B,Y,gamesys.xianmeng.xianmengcontroller_xianwulou.lua;gamesys.xianmeng.xianmengcontroller_xianwulou.lua
20,131,table_B,N,
20,132,table_B,Y,gamesys.xianmeng.act.xianmengdigong.xianmengdigongcontroller.lua;gamesys.xianmeng.act.xianmengdigong.xianmengdigongcontroller.lua
20,133,table_B,Y,gamesys.xianmeng.act.xianmengdigong.xianmengdigongcontroller.lua;gamesys.xianmeng.act.xianmengdigong.xianmengdigongcontroller.lua
20,135,table_B,Y,gamesys.xianmeng.act.xianmengdigong.xianmengdigongcontroller.lua;gamesys.xianmeng.act.xianmengdigong.xianmengdigongcontroller.lua
20,136,table_B,Y,gamesys.xianmeng.xianmengcontroller.lua;gamesys.xianmeng.xianmengcontroller.lua
20,137,table_B,Y,gamesys.xianmeng.xianmengcontroller.lua;gamesys.xianmeng.xianmengcontroller.lua
20,138,table_B,Y,gamesys.xianmeng.xianmengcontroller.lua;gamesys.xianmeng.xianmengcontroller.lua
20,139,table_B,Y,gamesys.xianmeng.act.xianmengdigong.xianmengdigongcontroller.lua;gamesys.xianmeng.act.xianmengdigong.xianmengdigongcontroller.lua
20,140,table_B,Y,gamesys.xianmeng.xianmengcontroller_kufangzhfp.lua;gamesys.xianmeng.xianmengcontroller_kufangzhfp.lua
20,141,table_B,Y,gamesys.xianmeng.xianmengcontroller_kufangzhfp.lua;gamesys.xianmeng.xianmengcontroller_kufangzhfp.lua
20,142,table_B,Y,gamesys.xianmeng.xianmengcontroller_kufangzhfp.lua;gamesys.xianmeng.xianmengcontroller_kufangzhfp.lua
20,143,table_B,N,
20,144,table_B,N,
20,145,table_B,N,
20,146,table_B,N,
20,147,table_B,N,
20,148,table_B,Y,gamesys.xianmeng.xianmengcontroller_donationstatistics.lua;gamesys.xianmeng.xianmengcontroller_donationstatistics.lua
20,151,table_B,N,
20,152,table_B,N,
20,153,table_B,N,
20,154,table_B,N,
20,155,table_B,N,
20,156,table_B,N,
20,157,table_B,N,
20,158,table_B,N,
20,159,table_B,N,
20,160,table_B,N,
20,161,table_B,N,
20,162,table_B,N,
20,164,table_B,N,
20,165,table_B,N,
20,166,table_B,N,
20,167,table_B,N,
20,171,table_B,N,
20,172,table_B,N,
20,173,table_B,Y,gamesys.xianmeng.xianmengcontroller_moulue.lua;gamesys.xianmeng.xianmengcontroller_moulue.lua
20,174,table_B,Y,gamesys.xianmeng.xianmengcontroller_moulue.lua;gamesys.xianmeng.xianmengcontroller_moulue.lua
20,181,table_B,N,
20,182,table_B,N,
20,183,table_B,N,
20,184,table_B,N,
20,185,table_B,N,
20,186,table_B,N,
20,187,table_B,N,
20,188,table_B,N,
20,189,table_B,N,
20,190,table_B,N,
20,191,table_B,N,
20,192,table_B,N,
20,193,table_B,N,
20,194,table_B,N,
20,195,table_B,N,
20,196,table_B,N,
20,197,table_B,N,
20,198,table_B,N,
20,200,table_B,N,
20,201,table_B,N,
20,202,table_B,N,
20,203,table_B,N,
20,204,table_B,N,
20,205,table_B,N,
20,206,table_B,N,
20,207,table_B,N,
20,210,table_B,N,
20,211,table_B,N,
20,212,table_B,N,
20,213,table_B,N,
20,215,table_B,N,
20,218,table_B,N,
20,219,table_B,N,
20,220,table_B,N,
20,221,table_B,N,
20,222,table_B,N,
20,223,table_B,N,
20,224,table_B,N,
20,225,table_B,N,
20,226,table_B,N,
20,227,table_B,N,
20,228,table_B,N,
20,229,table_B,N,
20,230,table_B,N,
20,231,table_B,N,
20,232,table_B,N,
20,233,table_B,N,
20,235,table_B,N,
20,236,table_B,N,
20,237,table_B,N,
20,238,table_B,N,
20,239,table_B,N,
20,240,table_B,N,
20,241,table_B,N,
20,242,table_B,N,
20,243,table_B,N,
20,244,table_B,N,
20,245,table_B,N,
20,246,table_B,N,
20,247,table_B,N,
20,248,table_B,N,
20,249,table_B,N,
20,251,table_B,N,
20,252,table_B,N,
20,253,table_B,Y,gamesys.xianmeng.act.zhengzhanshanhai.zhengzhanshanhaicontroller_rank.lua;gamesys.xianmeng.act.zhengzhanshanhai.zhengzhanshanhaicontroller_rank.lua
20,254,table_B,N,
20,255,table_B,N,
21,1,table_A,N,
21,2,table_A,N,
21,3,table_A,N,
21,5,table_A,N,
21,6,table_A,N,
21,11,table_A,N,
21,12,table_A,N,
21,13,table_A,N,
21,15,table_A,N,
21,16,table_A,N,
21,21,table_A,N,
21,22,table_A,N,
21,23,table_A,N,
21,24,table_A,N,
21,31,table_A,N,
21,32,table_A,N,
21,33,table_A,N,
21,34,table_A,N,
21,35,table_A,N,
21,36,table_A,N,
21,1,table_B,N,
21,2,table_B,N,
21,3,table_B,N,
21,5,table_B,N,
21,6,table_B,N,
21,7,table_B,N,
21,8,table_B,N,
21,14,table_B,N,
21,15,table_B,N,
21,16,table_B,N,
21,17,table_B,N,
21,18,table_B,N,
21,21,table_B,N,
21,22,table_B,N,
21,23,table_B,N,
21,24,table_B,N,
21,25,table_B,N,
21,26,table_B,N,
21,30,table_B,N,
21,35,table_B,N,
21,36,table_B,N,
21,37,table_B,N,
21,38,table_B,N,
22,1,table_A,Y,gamesys.npc.npccontroller.lua;gamesys.npc.npccontroller.lua
22,2,table_A,Y,gamesys.npc.npccontroller.lua;gamesys.npc.npccontroller.lua
22,3,table_A,Y,gamesys.npc.npccontroller.lua;gamesys.npc.npccontroller.lua
22,8,table_A,Y,gamesys.npc.npccontroller.lua;gamesys.npc.npccontroller.lua
22,10,table_A,Y,gamesys.npc.npccontroller.lua;gamesys.npc.npccontroller.lua
22,1,table_B,Y,gamesys.npc.npccontroller.lua;gamesys.npc.npccontroller.lua
22,2,table_B,Y,gamesys.npc.npccontroller.lua;gamesys.npc.npccontroller.lua
22,3,table_B,Y,gamesys.npc.npccontroller.lua;gamesys.npc.npccontroller.lua
22,4,table_B,Y,gamesys.npc.npccontroller.lua;gamesys.npc.npccontroller.lua
22,5,table_B,Y,gamesys.npc.npccontroller.lua;gamesys.npc.npccontroller.lua;gamesys.npc.npcmodel.lua
22,6,table_B,Y,gamesys.npc.npccontroller.lua;gamesys.npc.npccontroller.lua
22,7,table_B,Y,gamesys.npc.npccontroller.lua;gamesys.npc.npccontroller.lua;gamesys.npc.npcmodel.lua
22,8,table_B,Y,gamesys.npc.npccontroller.lua;gamesys.npc.npccontroller.lua
22,9,table_B,Y,gamesys.npc.npccontroller.lua;gamesys.npc.npccontroller.lua
22,10,table_B,Y,gamesys.npc.npccontroller.lua;gamesys.npc.npccontroller.lua
22,11,table_B,Y,gamesys.npc.npccontroller.lua;gamesys.npc.npccontroller.lua
23,1,table_A,N,
23,2,table_A,N,
23,1,table_B,N,
23,2,table_B,N,
24,1,table_A,N,
24,2,table_A,N,
24,3,table_A,N,
24,4,table_A,N,
24,5,table_A,N,
24,6,table_A,N,
24,7,table_A,N,
24,8,table_A,N,
24,21,table_A,N,
24,22,table_A,N,
24,24,table_A,N,
24,1,table_B,N,
24,3,table_B,N,
24,21,table_B,N,
24,22,table_B,N,
24,23,table_B,N,
24,24,table_B,N,
25,1,table_A,N,
25,2,table_A,N,
25,3,table_A,N,
25,4,table_A,N,
25,7,table_A,N,
25,8,table_A,N,
25,12,table_A,N,
25,13,table_A,N,
25,14,table_A,N,
25,16,table_A,N,
25,17,table_A,N,
25,19,table_A,N,
25,20,table_A,N,
25,21,table_A,N,
25,22,table_A,N,
25,23,table_A,N,
25,24,table_A,N,
25,25,table_A,N,
25,31,table_A,N,
25,32,table_A,N,
25,42,table_A,N,
25,43,table_A,N,
25,44,table_A,N,
25,51,table_A,N,
25,1,table_B,N,
25,2,table_B,N,
25,3,table_B,N,
25,4,table_B,N,
25,5,table_B,N,
25,6,table_B,N,
25,7,table_B,N,
25,8,table_B,N,
25,9,table_B,N,
25,10,table_B,N,
25,11,table_B,N,
25,12,table_B,N,
25,13,table_B,N,
25,14,table_B,N,
25,15,table_B,N,
25,16,table_B,N,
25,17,table_B,N,
25,18,table_B,N,
25,19,table_B,N,
25,20,table_B,N,
25,21,table_B,N,
25,22,table_B,N,
25,23,table_B,N,
25,24,table_B,N,
25,25,table_B,N,
25,30,table_B,N,
25,31,table_B,N,
25,32,table_B,N,
25,40,table_B,N,
25,41,table_B,N,
25,42,table_B,N,
25,43,table_B,N,
25,44,table_B,N,
25,45,table_B,N,
25,51,table_B,N,
26,2,table_A,Y,gamesys.systemzongmen.systemzongmencontroller_protocol.lua;gamesys.systemzongmen.systemzongmencontroller_protocol.lua
26,3,table_A,Y,gamesys.systemzongmen.systemzongmencontroller_protocol.lua;gamesys.systemzongmen.systemzongmencontroller_protocol.lua
26,4,table_A,Y,gamesys.systemzongmen.systemzongmencontroller_protocol.lua;gamesys.systemzongmen.systemzongmencontroller_protocol.lua
26,5,table_A,Y,gamesys.systemzongmen.systemzongmencontroller_protocol.lua;gamesys.systemzongmen.systemzongmencontroller_protocol.lua
26,8,table_A,Y,gamesys.systemzongmen.systemzongmencontroller_protocol.lua;gamesys.systemzongmen.systemzongmencontroller_protocol.lua
26,9,table_A,Y,gamesys.systemzongmen.systemzongmencontroller_protocol.lua;gamesys.systemzongmen.systemzongmencontroller_protocol.lua
26,10,table_A,Y,gamesys.systemzongmen.systemzongmencontroller_protocol.lua;gamesys.systemzongmen.systemzongmencontroller_protocol.lua
26,11,table_A,Y,gamesys.systemzongmen.systemzongmencontroller_protocol.lua;gamesys.systemzongmen.systemzongmencontroller_protocol.lua
26,15,table_A,Y,gamesys.systemzongmen.systemzongmencontroller_protocol.lua;gamesys.systemzongmen.systemzongmencontroller_protocol.lua
26,16,table_A,Y,gamesys.systemzongmen.systemzongmencontroller_protocol.lua;gamesys.systemzongmen.systemzongmencontroller_protocol.lua
26,18,table_A,Y,gamesys.systemzongmen.systemzongmencontroller_protocol.lua;gamesys.systemzongmen.systemzongmencontroller_protocol.lua
26,20,table_A,Y,gamesys.systemzongmen.systemzongmencontroller_protocol.lua;gamesys.systemzongmen.systemzongmencontroller_protocol.lua
26,21,table_A,Y,gamesys.systemzongmen.systemzongmencontroller_protocol.lua;gamesys.systemzongmen.systemzongmencontroller_protocol.lua
26,22,table_A,Y,gamesys.systemzongmen.systemzongmencontroller_protocol.lua;gamesys.systemzongmen.systemzongmencontroller_protocol.lua
26,23,table_A,Y,gamesys.systemzongmen.systemzongmencontroller_protocol.lua;gamesys.systemzongmen.systemzongmencontroller_protocol.lua
26,24,table_A,Y,gamesys.systemzongmen.systemzongmencontroller_protocol.lua;gamesys.systemzongmen.systemzongmencontroller_protocol.lua
26,25,table_A,Y,gamesys.systemzongmen.systemzongmencontroller_protocol.lua;gamesys.systemzongmen.systemzongmencontroller_protocol.lua
26,26,table_A,Y,gamesys.systemzongmen.systemzongmencontroller_protocol.lua;gamesys.systemzongmen.systemzongmencontroller_protocol.lua
26,27,table_A,Y,gamesys.systemzongmen.systemzongmencontroller_protocol.lua;gamesys.systemzongmen.systemzongmencontroller_protocol.lua
26,28,table_A,Y,gamesys.systemzongmen.systemzongmencontroller_protocol.lua;gamesys.systemzongmen.systemzongmencontroller_protocol.lua
26,31,table_A,Y,gamesys.systemzongmen.systemzongmencontroller_protocol.lua;gamesys.systemzongmen.systemzongmencontroller_protocol.lua
26,32,table_A,Y,gamesys.systemzongmen.systemzongmencontroller_protocol.lua;gamesys.systemzongmen.systemzongmencontroller_protocol.lua
26,33,table_A,Y,gamesys.systemzongmen.systemzongmencontroller_protocol.lua;gamesys.systemzongmen.systemzongmencontroller_protocol.lua
26,34,table_A,Y,gamesys.systemzongmen.systemzongmencontroller_protocol.lua;gamesys.systemzongmen.systemzongmencontroller_protocol.lua
26,36,table_A,Y,gamesys.systemzongmen.systemzongmencontroller_protocol.lua;gamesys.systemzongmen.systemzongmencontroller_protocol.lua
26,37,table_A,Y,gamesys.systemzongmen.systemzongmencontroller_protocol.lua;gamesys.systemzongmen.systemzongmencontroller_protocol.lua
26,39,table_A,Y,gamesys.systemzongmen.systemzongmencontroller_protocol.lua;gamesys.systemzongmen.systemzongmencontroller_protocol.lua
26,41,table_A,Y,gamesys.systemzongmen.systemzongmencontroller_protocol.lua;gamesys.systemzongmen.systemzongmencontroller_protocol.lua
26,42,table_A,Y,gamesys.systemzongmen.systemzongmencontroller_protocol.lua;gamesys.systemzongmen.systemzongmencontroller_protocol.lua
26,100,table_A,Y,gamesys.systemzongmen.systemzongmencontroller_protocol.lua;gamesys.systemzongmen.systemzongmencontroller_protocol.lua
26,101,table_A,Y,gamesys.systemzongmen.systemzongmencontroller_protocol.lua;gamesys.systemzongmen.systemzongmencontroller_protocol.lua
26,102,table_A,N,
26,103,table_A,N,
26,104,table_A,N,
26,1,table_B,Y,gamesys.systemzongmen.systemzongmencontroller_protocol.lua;gamesys.systemzongmen.systemzongmencontroller_protocol.lua
26,2,table_B,Y,gamesys.systemzongmen.systemzongmencontroller_protocol.lua;gamesys.systemzongmen.systemzongmencontroller_protocol.lua
26,3,table_B,Y,gamesys.systemzongmen.systemzongmencontroller_protocol.lua;gamesys.systemzongmen.systemzongmencontroller_protocol.lua
26,4,table_B,Y,gamesys.systemzongmen.systemzongmencontroller_protocol.lua;gamesys.systemzongmen.systemzongmencontroller_protocol.lua
26,5,table_B,Y,gamesys.systemzongmen.systemzongmencontroller_protocol.lua;gamesys.systemzongmen.systemzongmencontroller_protocol.lua
26,6,table_B,Y,gamesys.systemzongmen.systemzongmencontroller_protocol.lua;gamesys.systemzongmen.systemzongmencontroller_protocol.lua
26,7,table_B,Y,gamesys.systemzongmen.systemzongmencontroller_protocol.lua;gamesys.systemzongmen.systemzongmencontroller_protocol.lua
26,8,table_B,Y,gamesys.systemzongmen.systemzongmencontroller_protocol.lua;gamesys.systemzongmen.systemzongmencontroller_protocol.lua
26,9,table_B,Y,gamesys.systemzongmen.systemzongmencontroller_protocol.lua;gamesys.systemzongmen.systemzongmencontroller_protocol.lua
26,10,table_B,Y,gamesys.systemzongmen.systemzongmencontroller_protocol.lua;gamesys.systemzongmen.systemzongmencontroller_protocol.lua
26,11,table_B,Y,gamesys.systemzongmen.systemzongmencontroller_protocol.lua;gamesys.systemzongmen.systemzongmencontroller_protocol.lua
26,12,table_B,Y,gamesys.systemzongmen.systemzongmencontroller_protocol.lua;gamesys.systemzongmen.systemzongmencontroller_protocol.lua
26,13,table_B,Y,gamesys.systemzongmen.systemzongmencontroller_protocol.lua;gamesys.systemzongmen.systemzongmencontroller_protocol.lua
26,14,table_B,Y,gamesys.systemzongmen.systemzongmencontroller_protocol.lua;gamesys.systemzongmen.systemzongmencontroller_protocol.lua
26,15,table_B,Y,gamesys.systemzongmen.systemzongmencontroller_protocol.lua;gamesys.systemzongmen.systemzongmencontroller_protocol.lua
26,16,table_B,Y,gamesys.systemzongmen.systemzongmencontroller_protocol.lua;gamesys.systemzongmen.systemzongmencontroller_protocol.lua
26,17,table_B,Y,gamesys.systemzongmen.systemzongmencontroller_protocol.lua;gamesys.systemzongmen.systemzongmencontroller_protocol.lua;gamesys.systemzongmen.systemzongmencontroller_protocol.lua;gamesys.systemzongmen.systemzongmencontroller_protocol.lua;gamesys.systemzongmen.systemzongmencontroller_protocol.lua;gamesys.systemzongmen.systemzongmencontroller_protocol.lua
26,18,table_B,Y,gamesys.systemzongmen.systemzongmencontroller_protocol.lua;gamesys.systemzongmen.systemzongmencontroller_protocol.lua
26,20,table_B,Y,gamesys.systemzongmen.systemzongmencontroller_protocol.lua;gamesys.systemzongmen.systemzongmencontroller_protocol.lua
26,21,table_B,Y,gamesys.systemzongmen.systemzongmencontroller_protocol.lua;gamesys.systemzongmen.systemzongmencontroller_protocol.lua
26,22,table_B,Y,gamesys.systemzongmen.systemzongmencontroller_protocol.lua;gamesys.systemzongmen.systemzongmencontroller_protocol.lua
26,23,table_B,Y,gamesys.systemzongmen.systemzongmencontroller_protocol.lua;gamesys.systemzongmen.systemzongmencontroller_protocol.lua
26,24,table_B,Y,gamesys.systemzongmen.systemzongmencontroller_protocol.lua;gamesys.systemzongmen.systemzongmencontroller_protocol.lua
26,25,table_B,Y,gamesys.systemzongmen.systemzongmencontroller_protocol.lua;gamesys.systemzongmen.systemzongmencontroller_protocol.lua
26,26,table_B,Y,gamesys.systemzongmen.systemzongmencontroller_protocol.lua;gamesys.systemzongmen.systemzongmencontroller_protocol.lua
26,27,table_B,Y,gamesys.systemzongmen.systemzongmencontroller_protocol.lua;gamesys.systemzongmen.systemzongmencontroller_protocol.lua
26,28,table_B,Y,gamesys.systemzongmen.systemzongmencontroller_protocol.lua;gamesys.systemzongmen.systemzongmencontroller_protocol.lua
26,29,table_B,Y,gamesys.systemzongmen.systemzongmencontroller_protocol.lua;gamesys.systemzongmen.systemzongmencontroller_protocol.lua
26,30,table_B,Y,gamesys.systemzongmen.systemzongmencontroller_protocol.lua;gamesys.systemzongmen.systemzongmencontroller_protocol.lua
26,31,table_B,Y,gamesys.systemzongmen.systemzongmencontroller_protocol.lua;gamesys.systemzongmen.systemzongmencontroller_protocol.lua
26,32,table_B,Y,gamesys.systemzongmen.systemzongmencontroller_protocol.lua;gamesys.systemzongmen.systemzongmencontroller_protocol.lua
26,33,table_B,Y,gamesys.systemzongmen.systemzongmencontroller_protocol.lua;gamesys.systemzongmen.systemzongmencontroller_protocol.lua
26,34,table_B,Y,gamesys.systemzongmen.systemzongmencontroller_protocol.lua;gamesys.systemzongmen.systemzongmencontroller_protocol.lua
26,35,table_B,Y,gamesys.systemzongmen.systemzongmencontroller_protocol.lua;gamesys.systemzongmen.systemzongmencontroller_protocol.lua
26,36,table_B,Y,gamesys.systemzongmen.systemzongmencontroller_protocol.lua;gamesys.systemzongmen.systemzongmencontroller_protocol.lua
26,37,table_B,Y,gamesys.systemzongmen.systemzongmencontroller_protocol.lua;gamesys.systemzongmen.systemzongmencontroller_protocol.lua
26,38,table_B,Y,gamesys.systemzongmen.systemzongmencontroller_protocol.lua;gamesys.systemzongmen.systemzongmencontroller_protocol.lua
26,39,table_B,Y,gamesys.systemzongmen.systemzongmencontroller_protocol.lua;gamesys.systemzongmen.systemzongmencontroller_protocol.lua
26,40,table_B,Y,gamesys.systemzongmen.systemzongmencontroller_protocol.lua;gamesys.systemzongmen.systemzongmencontroller_protocol.lua
26,41,table_B,Y,gamesys.systemzongmen.systemzongmencontroller_protocol.lua;gamesys.systemzongmen.systemzongmencontroller_protocol.lua
26,42,table_B,Y,gamesys.systemzongmen.systemzongmencontroller_protocol.lua;gamesys.systemzongmen.systemzongmencontroller_protocol.lua
26,100,table_B,Y,gamesys.systemzongmen.systemzongmencontroller_protocol.lua;gamesys.systemzongmen.systemzongmencontroller_protocol.lua
26,101,table_B,Y,gamesys.systemzongmen.systemzongmencontroller_protocol.lua;gamesys.systemzongmen.systemzongmencontroller_protocol.lua
26,102,table_B,N,
26,103,table_B,N,
26,104,table_B,N,
27,2,table_A,N,
27,3,table_A,N,
27,4,table_A,N,
27,6,table_A,N,
27,1,table_B,N,
27,2,table_B,N,
27,3,table_B,N,
27,4,table_B,N,
27,5,table_B,N,
27,6,table_B,N,
28,1,table_A,N,
28,2,table_A,N,
28,3,table_A,N,
28,4,table_A,N,
28,5,table_A,N,
28,8,table_A,N,
28,1,table_B,N,
28,2,table_B,N,
28,3,table_B,N,
28,4,table_B,N,
28,6,table_B,N,
28,7,table_B,N,
29,1,table_A,N,
29,2,table_A,N,
29,5,table_A,N,
29,6,table_A,N,
29,12,table_A,N,
29,13,table_A,N,
29,15,table_A,N,
29,16,table_A,N,
29,17,table_A,N,
29,1,table_B,N,
29,2,table_B,N,
29,3,table_B,N,
29,4,table_B,N,
29,5,table_B,N,
29,6,table_B,N,
29,7,table_B,N,
29,8,table_B,N,
29,10,table_B,N,
29,11,table_B,N,
29,12,table_B,N,
29,13,table_B,N,
29,14,table_B,N,
29,15,table_B,N,
29,17,table_B,N,
30,1,table_A,N,
30,2,table_A,N,
30,3,table_A,N,
30,4,table_A,N,
30,5,table_A,N,
30,7,table_A,N,
30,12,table_A,N,
30,1,table_B,N,
30,2,table_B,N,
30,3,table_B,N,
30,5,table_B,N,
30,6,table_B,N,
30,7,table_B,N,
30,11,table_B,N,
30,12,table_B,N,
31,1,table_A,N,
31,2,table_A,N,
31,3,table_A,N,
31,4,table_A,N,
31,5,table_A,N,
31,6,table_A,N,
31,7,table_A,N,
31,8,table_A,N,
31,9,table_A,N,
31,10,table_A,N,
31,11,table_A,N,
31,12,table_A,N,
31,13,table_A,N,
31,14,table_A,N,
31,15,table_A,N,
31,16,table_A,N,
31,17,table_A,N,
31,18,table_A,N,
31,22,table_A,N,
31,23,table_A,N,
31,32,table_A,N,
31,34,table_A,N,
31,1,table_B,N,
31,2,table_B,N,
31,3,table_B,N,
31,4,table_B,N,
31,5,table_B,N,
31,6,table_B,N,
31,7,table_B,N,
31,8,table_B,N,
31,9,table_B,N,
31,10,table_B,N,
31,11,table_B,N,
31,12,table_B,N,
31,13,table_B,N,
31,14,table_B,N,
31,15,table_B,N,
31,16,table_B,N,
31,17,table_B,N,
31,18,table_B,N,
31,19,table_B,N,
31,20,table_B,N,
31,21,table_B,N,
31,23,table_B,N,
31,24,table_B,N,
31,25,table_B,N,
31,31,table_B,N,
31,32,table_B,N,
31,33,table_B,N,
31,34,table_B,N,
32,1,table_A,N,
32,2,table_A,N,
32,3,table_A,N,
32,4,table_A,N,
32,5,table_A,N,
32,6,table_A,N,
32,7,table_A,N,
32,21,table_A,N,
32,22,table_A,N,
32,23,table_A,N,
32,24,table_A,N,
32,1,table_B,N,
32,2,table_B,N,
32,3,table_B,N,
32,4,table_B,N,
32,5,table_B,N,
32,6,table_B,N,
32,7,table_B,N,
32,21,table_B,N,
32,22,table_B,N,
32,23,table_B,N,
32,24,table_B,N,
33,2,table_A,N,
33,4,table_A,N,
33,6,table_A,N,
33,7,table_A,N,
33,1,table_B,N,
33,2,table_B,N,
33,3,table_B,N,
33,4,table_B,N,
33,5,table_B,N,
33,6,table_B,N,
33,7,table_B,N,
34,2,table_A,N,
34,12,table_A,N,
34,13,table_A,N,
34,14,table_A,N,
34,15,table_A,N,
34,17,table_A,N,
34,18,table_A,N,
34,20,table_A,N,
34,21,table_A,N,
34,22,table_A,N,
34,23,table_A,N,
34,25,table_A,N,
34,26,table_A,N,
34,27,table_A,N,
34,28,table_A,N,
34,31,table_A,N,
34,32,table_A,N,
34,33,table_A,N,
34,34,table_A,N,
34,41,table_A,N,
34,42,table_A,N,
34,43,table_A,N,
34,44,table_A,N,
34,45,table_A,N,
34,46,table_A,N,
34,47,table_A,N,
34,48,table_A,Y,gamesys.xianmeng.xianmengcontroller_kufangzhfp.lua;gamesys.xianmeng.xianmengcontroller_kufangzhfp.lua
34,52,table_A,N,
34,53,table_A,N,
34,54,table_A,N,
34,55,table_A,N,
34,58,table_A,N,
34,60,table_A,N,
34,62,table_A,N,
34,63,table_A,N,
34,64,table_A,N,
34,65,table_A,N,
34,66,table_A,N,
34,68,table_A,N,
34,91,table_A,N,
34,92,table_A,N,
34,101,table_A,N,
34,102,table_A,N,
34,103,table_A,N,
34,104,table_A,N,
34,121,table_A,N,
34,122,table_A,N,
34,123,table_A,N,
34,124,table_A,N,
34,125,table_A,N,
34,126,table_A,N,
34,130,table_A,N,
34,131,table_A,N,
34,132,table_A,N,
34,152,table_A,N,
34,153,table_A,N,
34,154,table_A,N,
34,155,table_A,N,
34,156,table_A,N,
34,157,table_A,N,
34,160,table_A,N,
34,161,table_A,N,
34,1,table_B,N,
34,2,table_B,N,
34,11,table_B,N,
34,12,table_B,N,
34,13,table_B,N,
34,14,table_B,N,
34,16,table_B,N,
34,17,table_B,N,
34,18,table_B,N,
34,19,table_B,N,
34,20,table_B,N,
34,21,table_B,N,
34,22,table_B,N,
34,24,table_B,N,
34,25,table_B,N,
34,26,table_B,N,
34,27,table_B,N,
34,28,table_B,N,
34,31,table_B,N,
34,32,table_B,N,
34,33,table_B,N,
34,34,table_B,N,
34,41,table_B,N,
34,42,table_B,N,
34,43,table_B,N,
34,44,table_B,N,
34,45,table_B,N,
34,46,table_B,N,
34,47,table_B,N,
34,48,table_B,Y,gamesys.xianmeng.xianmengcontroller_kufangzhfp.lua;gamesys.xianmeng.xianmengcontroller_kufangzhfp.lua
34,51,table_B,N,
34,52,table_B,N,
34,53,table_B,N,
34,54,table_B,N,
34,55,table_B,N,
34,56,table_B,N,
34,57,table_B,N,
34,58,table_B,N,
34,59,table_B,N,
34,60,table_B,N,
34,61,table_B,N,
34,62,table_B,N,
34,63,table_B,N,
34,64,table_B,N,
34,65,table_B,N,
34,66,table_B,N,
34,67,table_B,N,
34,68,table_B,N,
34,91,table_B,N,
34,92,table_B,N,
34,101,table_B,N,
34,102,table_B,N,
34,103,table_B,N,
34,104,table_B,N,
34,105,table_B,N,
34,121,table_B,N,
34,122,table_B,N,
34,124,table_B,N,
34,125,table_B,N,
34,126,table_B,N,
34,127,table_B,N,
34,128,table_B,N,
34,130,table_B,N,
34,131,table_B,N,
34,132,table_B,N,
34,151,table_B,N,
34,152,table_B,N,
34,153,table_B,N,
34,154,table_B,N,
34,155,table_B,N,
34,156,table_B,N,
34,157,table_B,N,
34,160,table_B,N,
34,161,table_B,N,
34,162,table_B,N,
35,2,table_A,N,
35,3,table_A,N,
35,7,table_A,N,
35,9,table_A,N,
35,21,table_A,N,
35,22,table_A,N,
35,26,table_A,N,
35,27,table_A,N,
35,31,table_A,N,
35,32,table_A,N,
35,33,table_A,N,
35,34,table_A,N,
35,35,table_A,N,
35,36,table_A,N,
35,37,table_A,N,
35,38,table_A,N,
35,39,table_A,N,
35,40,table_A,N,
35,41,table_A,N,
35,42,table_A,N,
35,43,table_A,N,
35,51,table_A,N,
35,52,table_A,N,
35,53,table_A,N,
35,54,table_A,N,
35,55,table_A,N,
35,56,table_A,N,
35,57,table_A,N,
35,61,table_A,N,
35,62,table_A,N,
35,63,table_A,N,
35,66,table_A,N,
35,67,table_A,N,
35,68,table_A,N,
35,71,table_A,N,
35,72,table_A,N,
35,75,table_A,N,
35,77,table_A,N,
35,78,table_A,N,
35,79,table_A,N,
35,80,table_A,N,
35,81,table_A,N,
35,82,table_A,N,
35,83,table_A,N,
35,84,table_A,N,
35,85,table_A,N,
35,86,table_A,N,
35,88,table_A,N,
35,89,table_A,N,
35,90,table_A,N,
35,91,table_A,N,
35,92,table_A,N,
35,95,table_A,N,
35,96,table_A,N,
35,97,table_A,N,
35,98,table_A,N,
35,100,table_A,N,
35,101,table_A,N,
35,102,table_A,N,
35,103,table_A,N,
35,104,table_A,N,
35,105,table_A,N,
35,106,table_A,N,
35,107,table_A,N,
35,108,table_A,N,
35,109,table_A,N,
35,110,table_A,N,
35,111,table_A,N,
35,112,table_A,N,
35,115,table_A,N,
35,116,table_A,N,
35,117,table_A,N,
35,118,table_A,N,
35,119,table_A,N,
35,120,table_A,N,
35,121,table_A,N,
35,122,table_A,N,
35,124,table_A,N,
35,125,table_A,N,
35,127,table_A,N,
35,130,table_A,N,
35,142,table_A,N,
35,148,table_A,N,
35,149,table_A,N,
35,152,table_A,N,
35,154,table_A,N,
35,155,table_A,N,
35,156,table_A,N,
35,161,table_A,N,
35,162,table_A,N,
35,163,table_A,N,
35,164,table_A,N,
35,165,table_A,N,
35,181,table_A,N,
35,182,table_A,N,
35,184,table_A,N,
35,185,table_A,N,
35,186,table_A,N,
35,191,table_A,N,
35,192,table_A,N,
35,196,table_A,N,
35,197,table_A,N,
35,198,table_A,N,
35,221,table_A,N,
35,222,table_A,N,
35,223,table_A,N,
35,224,table_A,N,
35,226,table_A,N,
35,230,table_A,N,
35,231,table_A,N,
35,232,table_A,N,
35,233,table_A,N,
35,234,table_A,N,
35,236,table_A,N,
35,238,table_A,N,
35,240,table_A,N,
35,241,table_A,N,
35,242,table_A,N,
35,243,table_A,N,
35,244,table_A,N,
35,245,table_A,N,
35,246,table_A,N,
35,247,table_A,N,
35,249,table_A,N,
35,250,table_A,N,
35,251,table_A,N,
35,1,table_B,N,
35,2,table_B,N,
35,3,table_B,N,
35,4,table_B,N,
35,5,table_B,N,
35,6,table_B,N,
35,7,table_B,N,
35,8,table_B,N,
35,9,table_B,N,
35,10,table_B,N,
35,11,table_B,N,
35,12,table_B,N,
35,21,table_B,N,
35,22,table_B,N,
35,26,table_B,N,
35,27,table_B,N,
35,31,table_B,N,
35,32,table_B,N,
35,33,table_B,N,
35,34,table_B,N,
35,35,table_B,N,
35,36,table_B,N,
35,37,table_B,N,
35,38,table_B,N,
35,39,table_B,N,
35,40,table_B,N,
35,41,table_B,N,
35,42,table_B,N,
35,43,table_B,N,
35,51,table_B,N,
35,52,table_B,N,
35,53,table_B,N,
35,54,table_B,N,
35,55,table_B,N,
35,56,table_B,N,
35,57,table_B,N,
35,61,table_B,N,
35,62,table_B,N,
35,63,table_B,N,
35,64,table_B,N,
35,66,table_B,N,
35,67,table_B,N,
35,68,table_B,N,
35,69,table_B,N,
35,71,table_B,N,
35,72,table_B,N,
35,74,table_B,N,
35,75,table_B,N,
35,76,table_B,N,
35,77,table_B,N,
35,78,table_B,N,
35,79,table_B,N,
35,80,table_B,N,
35,81,table_B,N,
35,82,table_B,N,
35,83,table_B,N,
35,84,table_B,N,
35,85,table_B,N,
35,86,table_B,N,
35,87,table_B,N,
35,88,table_B,N,
35,89,table_B,N,
35,90,table_B,N,
35,91,table_B,N,
35,92,table_B,N,
35,95,table_B,N,
35,96,table_B,N,
35,97,table_B,N,
35,98,table_B,N,
35,99,table_B,N,
35,100,table_B,N,
35,101,table_B,N,
35,102,table_B,N,
35,103,table_B,N,
35,104,table_B,N,
35,105,table_B,N,
35,106,table_B,N,
35,107,table_B,N,
35,108,table_B,N,
35,109,table_B,N,
35,110,table_B,N,
35,111,table_B,N,
35,112,table_B,N,
35,115,table_B,N,
35,116,table_B,N,
35,117,table_B,N,
35,118,table_B,N,
35,119,table_B,N,
35,120,table_B,N,
35,121,table_B,N,
35,122,table_B,N,
35,123,table_B,N,
35,124,table_B,N,
35,125,table_B,N,
35,126,table_B,N,
35,127,table_B,N,
35,128,table_B,N,
35,129,table_B,N,
35,130,table_B,N,
35,141,table_B,N,
35,142,table_B,N,
35,148,table_B,N,
35,149,table_B,N,
35,150,table_B,N,
35,151,table_B,N,
35,152,table_B,N,
35,153,table_B,N,
35,154,table_B,N,
35,155,table_B,N,
35,156,table_B,N,
35,157,table_B,N,
35,161,table_B,N,
35,162,table_B,N,
35,163,table_B,N,
35,164,table_B,N,
35,165,table_B,N,
35,181,table_B,N,
35,182,table_B,N,
35,184,table_B,N,
35,185,table_B,N,
35,186,table_B,N,
35,191,table_B,N,
35,192,table_B,N,
35,196,table_B,N,
35,197,table_B,N,
35,198,table_B,N,
35,199,table_B,N,
35,221,table_B,N,
35,222,table_B,N,
35,223,table_B,N,
35,224,table_B,N,
35,225,table_B,N,
35,226,table_B,N,
35,227,table_B,N,
35,230,table_B,N,
35,231,table_B,N,
35,232,table_B,N,
35,233,table_B,N,
35,234,table_B,N,
35,236,table_B,N,
35,237,table_B,N,
35,238,table_B,N,
35,240,table_B,N,
35,241,table_B,N,
35,242,table_B,N,
35,243,table_B,N,
35,244,table_B,N,
35,245,table_B,N,
35,246,table_B,N,
35,247,table_B,N,
35,248,table_B,N,
35,249,table_B,N,
35,250,table_B,N,
35,251,table_B,N,
36,2,table_A,N,
36,3,table_A,N,
36,4,table_A,N,
36,5,table_A,N,
36,6,table_A,N,
36,7,table_A,N,
36,8,table_A,N,
36,9,table_A,N,
36,12,table_A,N,
36,13,table_A,N,
36,14,table_A,N,
36,16,table_A,N,
36,1,table_B,N,
36,2,table_B,N,
36,3,table_B,N,
36,4,table_B,N,
36,5,table_B,N,
36,6,table_B,N,
36,7,table_B,N,
36,8,table_B,N,
36,9,table_B,N,
36,10,table_B,N,
36,11,table_B,N,
36,12,table_B,N,
36,13,table_B,N,
36,14,table_B,N,
36,15,table_B,N,
36,16,table_B,N,
37,1,table_A,N,
37,2,table_A,N,
37,3,table_A,N,
37,4,table_A,N,
37,31,table_A,N,
37,32,table_A,N,
37,33,table_A,N,
37,41,table_A,N,
37,42,table_A,N,
37,43,table_A,N,
37,44,table_A,N,
37,45,table_A,N,
37,46,table_A,N,
37,47,table_A,N,
37,51,table_A,N,
37,53,table_A,N,
37,54,table_A,N,
37,63,table_A,N,
37,65,table_A,N,
37,67,table_A,N,
37,68,table_A,N,
37,70,table_A,N,
37,72,table_A,N,
37,73,table_A,N,
37,74,table_A,N,
37,75,table_A,N,
37,76,table_A,N,
37,77,table_A,N,
37,78,table_A,N,
37,79,table_A,N,
37,80,table_A,N,
37,81,table_A,N,
37,82,table_A,N,
37,84,table_A,N,
37,85,table_A,N,
37,90,table_A,N,
37,91,table_A,N,
37,92,table_A,N,
37,93,table_A,N,
37,94,table_A,N,
37,97,table_A,N,
37,98,table_A,N,
37,99,table_A,N,
37,105,table_A,N,
37,106,table_A,N,
37,107,table_A,N,
37,108,table_A,N,
37,109,table_A,N,
37,110,table_A,N,
37,111,table_A,N,
37,112,table_A,N,
37,121,table_A,N,
37,1,table_B,N,
37,2,table_B,N,
37,3,table_B,N,
37,4,table_B,N,
37,31,table_B,N,
37,32,table_B,N,
37,33,table_B,N,
37,41,table_B,N,
37,42,table_B,N,
37,43,table_B,N,
37,44,table_B,N,
37,45,table_B,N,
37,46,table_B,N,
37,47,table_B,N,
37,51,table_B,N,
37,52,table_B,N,
37,53,table_B,N,
37,54,table_B,N,
37,61,table_B,N,
37,62,table_B,N,
37,63,table_B,N,
37,64,table_B,N,
37,65,table_B,N,
37,66,table_B,N,
37,67,table_B,N,
37,68,table_B,N,
37,69,table_B,N,
37,70,table_B,N,
37,71,table_B,N,
37,73,table_B,N,
37,74,table_B,N,
37,75,table_B,N,
37,76,table_B,N,
37,77,table_B,N,
37,78,table_B,N,
37,79,table_B,N,
37,80,table_B,N,
37,81,table_B,N,
37,82,table_B,N,
37,83,table_B,N,
37,84,table_B,N,
37,85,table_B,N,
37,90,table_B,N,
37,91,table_B,N,
37,92,table_B,N,
37,93,table_B,N,
37,94,table_B,N,
37,96,table_B,N,
37,98,table_B,N,
37,99,table_B,N,
37,105,table_B,N,
37,106,table_B,N,
37,107,table_B,N,
37,108,table_B,N,
37,109,table_B,N,
37,110,table_B,N,
37,111,table_B,N,
37,112,table_B,N,
38,1,table_A,N,
38,2,table_A,N,
38,3,table_A,N,
38,4,table_A,N,
38,5,table_A,N,
38,6,table_A,N,
38,7,table_A,N,
38,8,table_A,N,
38,9,table_A,N,
38,10,table_A,N,
38,11,table_A,N,
38,12,table_A,N,
38,21,table_A,N,
38,22,table_A,N,
38,23,table_A,N,
38,24,table_A,N,
38,25,table_A,N,
38,26,table_A,N,
38,27,table_A,N,
38,30,table_A,N,
38,32,table_A,N,
38,33,table_A,N,
38,41,table_A,N,
38,42,table_A,N,
38,43,table_A,N,
38,45,table_A,N,
38,1,table_B,N,
38,2,table_B,N,
38,3,table_B,N,
38,4,table_B,N,
38,5,table_B,N,
38,6,table_B,N,
38,7,table_B,N,
38,8,table_B,N,
38,9,table_B,N,
38,10,table_B,N,
38,11,table_B,N,
38,12,table_B,N,
38,21,table_B,N,
38,22,table_B,N,
38,23,table_B,N,
38,24,table_B,N,
38,25,table_B,N,
38,26,table_B,N,
38,27,table_B,N,
38,28,table_B,N,
38,29,table_B,N,
38,30,table_B,N,
38,31,table_B,N,
38,32,table_B,N,
38,33,table_B,N,
38,41,table_B,N,
38,42,table_B,N,
38,43,table_B,N,
38,44,table_B,N,
38,45,table_B,N,
39,1,table_A,N,
39,2,table_A,N,
39,4,table_A,N,
39,5,table_A,N,
39,6,table_A,N,
39,24,table_A,N,
39,25,table_A,N,
39,28,table_A,N,
39,34,table_A,N,
39,40,table_A,N,
39,41,table_A,N,
39,42,table_A,N,
39,1,table_B,N,
39,2,table_B,N,
39,3,table_B,N,
39,4,table_B,N,
39,5,table_B,N,
39,6,table_B,N,
39,7,table_B,N,
39,8,table_B,N,
39,9,table_B,N,
39,10,table_B,N,
39,11,table_B,N,
39,12,table_B,N,
39,13,table_B,N,
39,14,table_B,N,
39,15,table_B,N,
39,16,table_B,N,
39,17,table_B,N,
39,18,table_B,N,
39,19,table_B,N,
39,20,table_B,N,
39,21,table_B,N,
39,22,table_B,N,
39,23,table_B,N,
39,24,table_B,N,
39,25,table_B,N,
39,26,table_B,N,
39,27,table_B,N,
39,28,table_B,N,
39,29,table_B,N,
39,30,table_B,N,
39,31,table_B,N,
39,32,table_B,N,
39,33,table_B,N,
39,34,table_B,N,
39,35,table_B,N,
39,36,table_B,N,
39,37,table_B,N,
39,38,table_B,N,
39,39,table_B,N,
39,40,table_B,N,
39,41,table_B,N,
39,42,table_B,N,
39,43,table_B,N,
39,44,table_B,N,
39,45,table_B,N,
39,46,table_B,N,
40,2,table_A,N,
40,3,table_A,N,
40,4,table_A,N,
40,5,table_A,N,
40,6,table_A,N,
40,7,table_A,N,
40,8,table_A,N,
40,9,table_A,N,
40,21,table_A,N,
40,22,table_A,N,
40,23,table_A,N,
40,24,table_A,N,
40,25,table_A,N,
40,26,table_A,N,
40,27,table_A,N,
40,28,table_A,N,
40,29,table_A,N,
40,1,table_B,N,
40,2,table_B,N,
40,3,table_B,N,
40,4,table_B,N,
40,5,table_B,N,
40,6,table_B,N,
40,7,table_B,N,
40,8,table_B,N,
40,9,table_B,N,
40,21,table_B,N,
40,22,table_B,N,
40,23,table_B,N,
40,24,table_B,N,
40,25,table_B,N,
40,26,table_B,N,
40,27,table_B,N,
40,28,table_B,N,
40,29,table_B,N,
40,30,table_B,N,
41,2,table_A,N,
41,3,table_A,N,
41,5,table_A,N,
41,6,table_A,N,
41,1,table_B,N,
41,2,table_B,N,
41,3,table_B,N,
41,5,table_B,N,
41,6,table_B,N,
42,1,table_A,N,
42,2,table_A,N,
42,3,table_A,N,
42,4,table_A,N,
42,1,table_B,N,
42,2,table_B,N,
42,3,table_B,N,
42,4,table_B,N,
43,2,table_A,N,
43,3,table_A,N,
43,4,table_A,N,
43,5,table_A,N,
43,6,table_A,N,
43,7,table_A,N,
43,1,table_B,N,
43,2,table_B,N,
43,3,table_B,N,
43,4,table_B,N,
43,5,table_B,N,
43,6,table_B,N,
43,7,table_B,N,
44,1,table_A,N,
44,2,table_A,N,
44,4,table_A,N,
44,11,table_A,N,
44,13,table_A,N,
44,14,table_A,N,
44,15,table_A,N,
44,16,table_A,N,
44,181,table_A,N,
44,182,table_A,N,
44,183,table_A,N,
44,184,table_A,N,
44,187,table_A,N,
44,188,table_A,N,
44,189,table_A,N,
44,190,table_A,N,
44,191,table_A,N,
44,192,table_A,N,
44,193,table_A,N,
44,194,table_A,N,
44,195,table_A,N,
44,196,table_A,N,
44,197,table_A,N,
44,198,table_A,N,
44,200,table_A,N,
44,201,table_A,N,
44,202,table_A,N,
44,203,table_A,N,
44,204,table_A,N,
44,205,table_A,N,
44,207,table_A,N,
44,210,table_A,N,
44,211,table_A,N,
44,213,table_A,N,
44,214,table_A,N,
44,215,table_A,N,
44,218,table_A,N,
44,219,table_A,N,
44,220,table_A,N,
44,222,table_A,N,
44,223,table_A,N,
44,224,table_A,N,
44,225,table_A,N,
44,226,table_A,N,
44,227,table_A,N,
44,228,table_A,N,
44,229,table_A,N,
44,230,table_A,N,
44,231,table_A,N,
44,232,table_A,N,
44,233,table_A,N,
44,236,table_A,N,
44,237,table_A,N,
44,238,table_A,N,
44,239,table_A,N,
44,240,table_A,N,
44,243,table_A,N,
44,244,table_A,N,
44,245,table_A,N,
44,246,table_A,N,
44,247,table_A,N,
44,248,table_A,N,
44,249,table_A,N,
44,251,table_A,N,
44,252,table_A,N,
44,253,table_A,Y,gamesys.xianmeng.act.zhengzhanshanhai.zhengzhanshanhaicontroller_rank.lua;gamesys.xianmeng.act.zhengzhanshanhai.zhengzhanshanhaicontroller_rank.lua
44,254,table_A,N,
44,1,table_B,N,
44,2,table_B,N,
44,3,table_B,N,
44,4,table_B,N,
44,11,table_B,N,
44,12,table_B,N,
44,13,table_B,N,
44,14,table_B,N,
44,15,table_B,N,
44,16,table_B,N,
44,181,table_B,N,
44,182,table_B,N,
44,183,table_B,N,
44,184,table_B,N,
44,185,table_B,N,
44,186,table_B,N,
44,187,table_B,N,
44,188,table_B,N,
44,189,table_B,N,
44,190,table_B,N,
44,191,table_B,N,
44,192,table_B,N,
44,193,table_B,N,
44,194,table_B,N,
44,195,table_B,N,
44,196,table_B,N,
44,197,table_B,N,
44,198,table_B,N,
44,200,table_B,N,
44,201,table_B,N,
44,202,table_B,N,
44,203,table_B,N,
44,204,table_B,N,
44,205,table_B,N,
44,206,table_B,N,
44,207,table_B,N,
44,210,table_B,N,
44,211,table_B,N,
44,212,table_B,N,
44,213,table_B,N,
44,215,table_B,N,
44,218,table_B,N,
44,219,table_B,N,
44,220,table_B,N,
44,221,table_B,N,
44,222,table_B,N,
44,223,table_B,N,
44,224,table_B,N,
44,225,table_B,N,
44,226,table_B,N,
44,227,table_B,N,
44,228,table_B,N,
44,229,table_B,N,
44,230,table_B,N,
44,231,table_B,N,
44,232,table_B,N,
44,233,table_B,N,
44,235,table_B,N,
44,236,table_B,N,
44,237,table_B,N,
44,238,table_B,N,
44,239,table_B,N,
44,240,table_B,N,
44,241,table_B,N,
44,242,table_B,N,
44,243,table_B,N,
44,244,table_B,N,
44,245,table_B,N,
44,246,table_B,N,
44,247,table_B,N,
44,248,table_B,N,
44,249,table_B,N,
44,251,table_B,N,
44,252,table_B,N,
44,253,table_B,Y,gamesys.xianmeng.act.zhengzhanshanhai.zhengzhanshanhaicontroller_rank.lua;gamesys.xianmeng.act.zhengzhanshanhai.zhengzhanshanhaicontroller_rank.lua
44,254,table_B,N,
44,255,table_B,N,
45,1,table_A,N,
45,2,table_A,N,
45,3,table_A,N,
45,4,table_A,N,
45,5,table_A,N,
45,7,table_A,N,
45,8,table_A,N,
45,1,table_B,N,
45,2,table_B,N,
45,3,table_B,N,
45,4,table_B,N,
45,5,table_B,N,
45,6,table_B,N,
45,7,table_B,N,
45,8,table_B,N,
46,1,table_A,N,
46,2,table_A,N,
46,4,table_A,N,
46,5,table_A,N,
46,6,table_A,N,
46,7,table_A,N,
46,8,table_A,N,
46,9,table_A,N,
46,10,table_A,N,
46,11,table_A,N,
46,12,table_A,N,
46,13,table_A,N,
46,14,table_A,N,
46,15,table_A,N,
46,16,table_A,N,
46,17,table_A,N,
46,20,table_A,N,
46,21,table_A,N,
46,22,table_A,N,
46,24,table_A,N,
46,25,table_A,N,
46,26,table_A,N,
46,27,table_A,N,
46,28,table_A,N,
46,31,table_A,N,
46,33,table_A,N,
46,34,table_A,N,
46,35,table_A,N,
46,36,table_A,N,
46,1,table_B,N,
46,2,table_B,N,
46,3,table_B,N,
46,4,table_B,N,
46,5,table_B,N,
46,6,table_B,N,
46,7,table_B,N,
46,8,table_B,N,
46,9,table_B,N,
46,10,table_B,N,
46,11,table_B,N,
46,12,table_B,N,
46,13,table_B,N,
46,14,table_B,N,
46,15,table_B,N,
46,16,table_B,N,
46,17,table_B,N,
46,18,table_B,N,
46,19,table_B,N,
46,20,table_B,N,
46,21,table_B,N,
46,22,table_B,N,
46,23,table_B,N,
46,24,table_B,N,
46,25,table_B,N,
46,26,table_B,N,
46,27,table_B,N,
46,28,table_B,N,
46,31,table_B,N,
46,32,table_B,N,
46,33,table_B,N,
46,34,table_B,N,
46,35,table_B,N,
46,36,table_B,N,
47,1,table_A,N,
47,2,table_A,N,
47,3,table_A,N,
47,1,table_B,N,
47,2,table_B,N,
47,3,table_B,N,
47,4,table_B,N,
47,5,table_B,N,
247,116,table_A,N,
247,117,table_A,N,
247,118,table_A,N,
247,119,table_A,N,
247,1,table_B,N,
247,2,table_B,N,
247,3,table_B,N,
247,4,table_B,N,
247,5,table_B,N,
247,6,table_B,N,
247,7,table_B,N,
247,8,table_B,N,
247,9,table_B,N,
247,10,table_B,N,
247,11,table_B,N,
247,12,table_B,N,
247,13,table_B,N,
247,14,table_B,N,
247,15,table_B,N,
247,16,table_B,N,
247,17,table_B,N,
247,18,table_B,N,
247,19,table_B,N,
247,20,table_B,N,
247,21,table_B,N,
247,22,table_B,N,
247,23,table_B,N,
247,24,table_B,N,
247,25,table_B,N,
247,26,table_B,N,
247,27,table_B,N,
247,28,table_B,N,
247,29,table_B,N,
247,30,table_B,N,
247,31,table_B,N,
247,32,table_B,N,
247,33,table_B,N,
247,34,table_B,N,
247,35,table_B,N,
247,36,table_B,N,
247,37,table_B,N,
247,38,table_B,N,
247,39,table_B,N,
247,40,table_B,N,
247,41,table_B,N,
247,42,table_B,N,
247,43,table_B,N,
247,44,table_B,N,
247,45,table_B,N,
247,46,table_B,N,
247,47,table_B,N,
247,49,table_B,N,
247,50,table_B,N,
247,51,table_B,N,
247,52,table_B,N,
247,53,table_B,N,
247,54,table_B,N,
247,55,table_B,N,
247,56,table_B,N,
247,57,table_B,N,
247,58,table_B,N,
247,59,table_B,N,
247,60,table_B,N,
247,61,table_B,N,
247,62,table_B,N,
247,63,table_B,N,
247,64,table_B,N,
247,65,table_B,N,
247,66,table_B,N,
247,67,table_B,N,
247,68,table_B,N,
247,69,table_B,N,
247,70,table_B,N,
247,71,table_B,N,
247,72,table_B,N,
247,73,table_B,N,
247,74,table_B,N,
247,75,table_B,N,
247,76,table_B,N,
247,77,table_B,N,
247,78,table_B,N,
247,79,table_B,N,
247,80,table_B,N,
247,81,table_B,N,
247,82,table_B,N,
247,83,table_B,N,
247,84,table_B,N,
247,85,table_B,N,
247,86,table_B,N,
247,87,table_B,N,
247,88,table_B,N,
247,89,table_B,N,
247,90,table_B,N,
247,91,table_B,N,
247,92,table_B,N,
247,93,table_B,N,
247,94,table_B,N,
247,96,table_B,N,
247,97,table_B,N,
247,98,table_B,N,
247,99,table_B,N,
247,100,table_B,N,
247,101,table_B,N,
247,102,table_B,N,
247,103,table_B,N,
247,104,table_B,N,
247,105,table_B,N,
247,106,table_B,N,
247,107,table_B,N,
247,108,table_B,N,
247,109,table_B,N,
247,110,table_B,N,
247,111,table_B,N,
247,112,table_B,N,
247,113,table_B,N,
247,114,table_B,N,
247,115,table_B,N,
247,116,table_B,N,
247,120,table_B,N,
247,121,table_B,N,
247,122,table_B,N,
247,123,table_B,N,
247,124,table_B,N,
247,125,table_B,N,
247,126,table_B,N,
247,127,table_B,N,
247,128,table_B,N,
248,1,table_A,N,
248,11,table_A,N,
248,12,table_A,N,
248,13,table_A,N,
248,14,table_A,N,
248,15,table_A,N,
248,16,table_A,N,
248,21,table_A,N,
248,22,table_A,N,
248,24,table_A,N,
248,31,table_A,N,
248,32,table_A,N,
248,33,table_A,N,
248,34,table_A,N,
248,41,table_A,N,
248,42,table_A,N,
248,43,table_A,N,
248,44,table_A,N,
248,45,table_A,N,
248,51,table_A,N,
248,52,table_A,N,
248,53,table_A,N,
248,54,table_A,N,
248,55,table_A,N,
248,57,table_A,N,
248,58,table_A,N,
248,59,table_A,N,
248,61,table_A,N,
248,62,table_A,N,
248,63,table_A,N,
248,71,table_A,N,
248,72,table_A,N,
248,73,table_A,N,
248,75,table_A,N,
248,76,table_A,N,
248,81,table_A,N,
248,82,table_A,N,
248,83,table_A,N,
248,84,table_A,N,
248,91,table_A,N,
248,92,table_A,N,
248,93,table_A,N,
248,94,table_A,N,
248,95,table_A,N,
248,96,table_A,N,
248,97,table_A,N,
248,98,table_A,N,
248,99,table_A,N,
248,100,table_A,N,
248,101,table_A,N,
248,102,table_A,N,
248,103,table_A,N,
248,104,table_A,N,
248,105,table_A,N,
248,106,table_A,N,
248,107,table_A,N,
248,108,table_A,N,
248,1,table_B,N,
248,11,table_B,N,
248,12,table_B,N,
248,13,table_B,N,
248,14,table_B,N,
248,15,table_B,N,
248,16,table_B,N,
248,17,table_B,N,
248,18,table_B,N,
248,19,table_B,N,
248,20,table_B,N,
248,21,table_B,N,
248,22,table_B,N,
248,23,table_B,N,
248,24,table_B,N,
248,31,table_B,N,
248,32,table_B,N,
248,34,table_B,N,
248,41,table_B,N,
248,42,table_B,N,
248,43,table_B,N,
248,44,table_B,N,
248,45,table_B,N,
248,51,table_B,N,
248,52,table_B,N,
248,53,table_B,N,
248,54,table_B,N,
248,55,table_B,N,
248,56,table_B,N,
248,57,table_B,N,
248,58,table_B,N,
248,59,table_B,N,
248,60,table_B,N,
248,61,table_B,N,
248,63,table_B,N,
248,71,table_B,N,
248,72,table_B,N,
248,73,table_B,N,
248,75,table_B,N,
248,76,table_B,N,
248,81,table_B,N,
248,83,table_B,N,
248,84,table_B,N,
248,91,table_B,N,
248,92,table_B,N,
248,93,table_B,N,
248,94,table_B,N,
248,95,table_B,N,
248,96,table_B,N,
248,97,table_B,N,
248,98,table_B,N,
248,99,table_B,N,
248,100,table_B,N,
248,101,table_B,N,
248,102,table_B,N,
248,103,table_B,N,
248,104,table_B,N,
248,105,table_B,N,
248,106,table_B,N,
248,108,table_B,N,
249,1,table_A,N,
249,2,table_A,N,
249,3,table_A,N,
249,21,table_A,N,
249,34,table_A,N,
249,61,table_A,N,
249,62,table_A,N,
249,63,table_A,N,
249,64,table_A,N,
249,103,table_A,N,
249,104,table_A,N,
249,105,table_A,N,
249,106,table_A,N,
249,107,table_A,N,
249,1,table_B,N,
249,4,table_B,N,
249,5,table_B,N,
249,6,table_B,N,
249,7,table_B,N,
249,8,table_B,N,
249,9,table_B,N,
249,10,table_B,N,
249,11,table_B,N,
249,12,table_B,N,
249,13,table_B,N,
249,14,table_B,N,
249,15,table_B,N,
249,16,table_B,N,
249,17,table_B,N,
249,18,table_B,N,
249,19,table_B,N,
249,20,table_B,N,
249,21,table_B,N,
249,22,table_B,N,
249,23,table_B,N,
249,24,table_B,N,
249,25,table_B,N,
249,26,table_B,N,
249,27,table_B,N,
249,28,table_B,N,
249,29,table_B,N,
249,30,table_B,N,
249,31,table_B,N,
249,32,table_B,N,
249,33,table_B,N,
249,35,table_B,N,
249,36,table_B,N,
249,37,table_B,N,
249,38,table_B,N,
249,39,table_B,N,
249,40,table_B,N,
249,41,table_B,N,
249,42,table_B,N,
249,43,table_B,N,
249,44,table_B,N,
249,45,table_B,N,
249,46,table_B,N,
249,47,table_B,N,
249,48,table_B,N,
249,49,table_B,N,
249,50,table_B,N,
249,51,table_B,N,
249,52,table_B,N,
249,53,table_B,N,
249,54,table_B,N,
249,55,table_B,N,
249,56,table_B,N,
249,57,table_B,N,
249,58,table_B,N,
249,59,table_B,N,
249,60,table_B,N,
249,61,table_B,N,
249,65,table_B,N,
249,66,table_B,N,
249,67,table_B,N,
249,68,table_B,N,
249,69,table_B,N,
249,70,table_B,N,
249,71,table_B,N,
249,72,table_B,N,
249,73,table_B,N,
249,74,table_B,N,
249,75,table_B,N,
249,76,table_B,N,
249,77,table_B,N,
249,78,table_B,N,
249,79,table_B,N,
249,80,table_B,N,
249,81,table_B,N,
249,82,table_B,N,
249,83,table_B,N,
249,84,table_B,N,
249,85,table_B,N,
249,86,table_B,N,
249,87,table_B,N,
249,88,table_B,N,
249,89,table_B,N,
249,90,table_B,N,
249,91,table_B,N,
249,92,table_B,N,
249,93,table_B,N,
249,94,table_B,N,
249,95,table_B,N,
249,96,table_B,N,
249,97,table_B,N,
249,98,table_B,N,
249,99,table_B,N,
249,100,table_B,N,
249,101,table_B,N,
249,102,table_B,N,
249,103,table_B,N,
249,107,table_B,N,
249,108,table_B,N,
249,109,table_B,N,
249,110,table_B,N,
249,111,table_B,N,
249,112,table_B,N,
249,113,table_B,N,
249,114,table_B,N,
249,115,table_B,N,
249,116,table_B,N,
249,117,table_B,N,
249,118,table_B,N,
249,119,table_B,N,
249,120,table_B,N,
249,121,table_B,N,
249,122,table_B,N,
249,123,table_B,N,
249,124,table_B,N,
249,125,table_B,N,
249,126,table_B,N,
249,127,table_B,N,
249,128,table_B,N,
249,129,table_B,N,
249,130,table_B,N,
249,131,table_B,N,
249,132,table_B,N,
249,133,table_B,N,
249,134,table_B,N,
249,135,table_B,N,
249,136,table_B,N,
249,137,table_B,N,
249,138,table_B,N,
249,139,table_B,N,
249,140,table_B,N,
249,141,table_B,N,
249,142,table_B,N,
249,143,table_B,N,
249,144,table_B,N,
249,145,table_B,N,
249,146,table_B,N,
249,147,table_B,N,
249,148,table_B,N,
249,149,table_B,N,
249,150,table_B,N,
249,151,table_B,N,
249,152,table_B,N,
249,153,table_B,N,
249,154,table_B,N,
249,155,table_B,N,
249,156,table_B,N,
249,157,table_B,N,
249,158,table_B,N,
249,159,table_B,N,
249,160,table_B,N,
249,161,table_B,N,
249,162,table_B,N,
249,163,table_B,N,
249,164,table_B,N,
249,165,table_B,N,
249,168,table_B,N,
249,169,table_B,N,
249,170,table_B,N,
249,171,table_B,N,
249,172,table_B,N,
249,173,table_B,N,
249,174,table_B,N,
249,175,table_B,N,
249,176,table_B,N,
249,177,table_B,N,
249,178,table_B,N,
249,179,table_B,N,
249,180,table_B,N,
249,181,table_B,N,
249,182,table_B,N,
249,183,table_B,N,
249,184,table_B,N,
249,185,table_B,N,
249,186,table_B,N,
249,187,table_B,N,
249,188,table_B,N,
249,189,table_B,N,
249,190,table_B,N,
249,191,table_B,N,
249,192,table_B,N,
249,193,table_B,N,
249,194,table_B,N,
249,195,table_B,N,
249,196,table_B,N,
249,197,table_B,N,
249,198,table_B,N,
249,199,table_B,N,
249,200,table_B,N,
249,201,table_B,N,
249,202,table_B,N,
249,203,table_B,N,
249,204,table_B,N,
249,205,table_B,N,
249,207,table_B,N,
249,208,table_B,N,
249,209,table_B,N,
249,210,table_B,N,
249,211,table_B,N,
249,212,table_B,N,
249,213,table_B,N,
249,214,table_B,N,
249,216,table_B,N,
249,217,table_B,N,
249,218,table_B,N,
249,219,table_B,N,
249,220,table_B,N,
249,221,table_B,N,
249,222,table_B,N,
249,223,table_B,N,
249,224,table_B,N,
249,225,table_B,N,
249,226,table_B,N,
249,230,table_B,N,
249,231,table_B,N,
249,232,table_B,N,
249,233,table_B,N,
249,234,table_B,N,
249,235,table_B,N,
249,236,table_B,N,
249,237,table_B,N,
249,238,table_B,N,
249,239,table_B,N,
249,240,table_B,N,
249,241,table_B,N,
249,242,table_B,N,
249,243,table_B,N,
249,245,table_B,N,
249,246,table_B,N,
249,247,table_B,N,
249,248,table_B,N,
249,249,table_B,N,
249,250,table_B,N,
249,251,table_B,N,
249,252,table_B,N,
249,253,table_B,N,
249,254,table_B,N,
251,1,table_A,N,
251,2,table_B,N,
252,1,table_A,N,
252,2,table_A,N,
252,7,table_A,N,
252,9,table_A,N,
252,11,table_A,N,
252,13,table_A,N,
252,14,table_A,N,
252,15,table_A,N,
252,19,table_A,N,
252,20,table_A,N,
252,1,table_B,N,
252,2,table_B,N,
252,3,table_B,N,
252,4,table_B,N,
252,5,table_B,N,
252,6,table_B,N,
252,7,table_B,N,
252,8,table_B,N,
252,9,table_B,N,
252,11,table_B,N,
252,12,table_B,N,
252,13,table_B,N,
252,14,table_B,N,
252,15,table_B,N,
252,16,table_B,N,
252,17,table_B,N,
252,18,table_B,N,
252,19,table_B,N,
252,20,table_B,N,
253,1,table_A,N,
253,2,table_A,N,
253,1,table_B,N,
253,2,table_B,N,
254,1,table_A,N,
254,4,table_A,Y,gamecore.gameutility.gameutilitycontrol.lua;gamecore.gameutility.gameutilitycontrol.lua
254,6,table_A,N,
254,7,table_A,N,
254,8,table_A,Y,gamesys.moneysystem.moneyautoincreasecontroller.lua;gamesys.moneysystem.moneyautoincreasecontroller.lua
254,9,table_A,Y,gamesys.moneysystem.moneyautoincreasecontroller.lua;gamesys.moneysystem.moneyautoincreasecontroller.lua
254,10,table_A,N,
254,11,table_A,N,
254,12,table_A,Y,gamecore.gameutility.gameutilitycontrol.lua;gamecore.gameutility.gameutilitycontrol.lua
254,13,table_A,N,
254,14,table_A,N,
254,15,table_A,N,
254,16,table_A,Y,gui.windows.createrole.uicreaterolecontroller.lua;gui.windows.createrole.uicreaterolecontroller.lua
254,17,table_A,Y,gui.windows.createrole.uicreaterolecontroller.lua;gui.windows.createrole.uicreaterolecontroller.lua
254,18,table_A,N,
254,19,table_A,N,
254,21,table_A,N,
254,23,table_A,Y,gamesys.main.belongipaddresscontroller.lua;gamesys.main.belongipaddresscontroller.lua
254,24,table_A,N,
254,25,table_A,N,
254,26,table_A,N,
254,27,table_A,N,
254,28,table_A,N,
254,29,table_A,N,
254,30,table_A,N,
254,32,table_A,N,
254,33,table_A,N,
254,36,table_A,N,
254,37,table_A,N,
254,38,table_A,N,
254,41,table_A,N,
254,44,table_A,N,
254,47,table_A,N,
254,49,table_A,N,
254,50,table_A,N,
254,51,table_A,N,
254,52,table_A,N,
254,53,table_A,Y,gamecore.gameutility.gameutilitycontrol_counter.lua;gamecore.gameutility.gameutilitycontrol_counter.lua
254,55,table_A,Y,gamesys.moneysystem.fastbuycontroller.lua;gamesys.moneysystem.fastbuycontroller.lua
254,56,table_A,N,
254,58,table_A,N,
254,59,table_A,N,
254,60,table_A,Y,gamesys.otherplayer.otherplayercontroller_common.lua;gamesys.otherplayer.otherplayercontroller_common.lua
254,61,table_A,N,
254,62,table_A,N,
254,63,table_A,N,
254,65,table_A,N,
254,66,table_A,N,
254,67,table_A,N,
254,68,table_A,Y,gamesys.activities.actpreviewcontroller.lua;gamesys.activities.actpreviewcontroller.lua
254,69,table_A,Y,gamesys.activities.actpreviewcontroller.lua;gamesys.activities.actpreviewcontroller.lua
254,70,table_A,N,
254,71,table_A,N,
254,72,table_A,N,
254,74,table_A,N,
254,75,table_A,N,
254,76,table_A,N,
254,79,table_A,N,
254,81,table_A,N,
254,82,table_A,N,
254,83,table_A,N,
254,84,table_A,N,
254,85,table_A,Y,gamesys.xianmeng.xianmengcontroller.lua;gamesys.xianmeng.xianmengcontroller.lua
254,86,table_A,N,
254,87,table_A,N,
254,91,table_A,N,
254,92,table_A,N,
254,93,table_A,N,
254,94,table_A,N,
254,96,table_A,N,
254,97,table_A,N,
254,98,table_A,N,
254,99,table_A,N,
254,100,table_A,N,
254,102,table_A,N,
254,103,table_A,N,
254,104,table_A,N,
254,105,table_A,N,
254,106,table_A,N,
254,107,table_A,N,
254,108,table_A,N,
254,109,table_A,N,
254,110,table_A,N,
254,111,table_A,N,
254,112,table_A,N,
254,113,table_A,N,
254,114,table_A,N,
254,115,table_A,N,
254,116,table_A,N,
254,117,table_A,N,
254,118,table_A,N,
254,119,table_A,N,
254,120,table_A,N,
254,121,table_A,N,
254,122,table_A,N,
254,123,table_A,N,
254,124,table_A,N,
254,125,table_A,N,
254,126,table_A,N,
254,127,table_A,N,
254,128,table_A,N,
254,132,table_A,N,
254,133,table_A,N,
254,134,table_A,N,
254,135,table_A,N,
254,136,table_A,N,
254,1,table_B,N,
254,2,table_B,N,
254,4,table_B,Y,gamecore.gameutility.gameutilitycontrol.lua;gamecore.gameutility.gameutilitycontrol.lua
254,5,table_B,N,
254,6,table_B,N,
254,7,table_B,N,
254,8,table_B,Y,gamesys.moneysystem.moneyautoincreasecontroller.lua;gamesys.moneysystem.moneyautoincreasecontroller.lua
254,9,table_B,Y,gamesys.moneysystem.moneyautoincreasecontroller.lua;gamesys.moneysystem.moneyautoincreasecontroller.lua
254,11,table_B,N,
254,12,table_B,Y,gamecore.gameutility.gameutilitycontrol.lua;gamecore.gameutility.gameutilitycontrol.lua
254,13,table_B,N,
254,14,table_B,N,
254,15,table_B,N,
254,16,table_B,Y,gui.windows.createrole.uicreaterolecontroller.lua;gui.windows.createrole.uicreaterolecontroller.lua
254,17,table_B,Y,gui.windows.createrole.uicreaterolecontroller.lua;gui.windows.createrole.uicreaterolecontroller.lua
254,18,table_B,N,
254,19,table_B,N,
254,20,table_B,Y,gamecore.gameutility.gameutilitycontrol.lua;gamecore.gameutility.gameutilitycontrol.lua
254,21,table_B,N,
254,22,table_B,N,
254,23,table_B,Y,gamesys.main.belongipaddresscontroller.lua;gamesys.main.belongipaddresscontroller.lua
254,25,table_B,N,
254,26,table_B,N,
254,27,table_B,N,
254,28,table_B,N,
254,29,table_B,N,
254,30,table_B,N,
254,31,table_B,N,
254,32,table_B,N,
254,33,table_B,N,
254,34,table_B,N,
254,35,table_B,Y,gui.windows.disciple.uidisciplecontroller.lua;gui.windows.disciple.uidisciplecontroller_dosomething.lua
254,38,table_B,N,
254,39,table_B,N,
254,40,table_B,N,
254,41,table_B,N,
254,42,table_B,N,
254,43,table_B,N,
254,44,table_B,N,
254,45,table_B,N,
254,46,table_B,N,
254,48,table_B,N,
254,49,table_B,N,
254,51,table_B,N,
254,52,table_B,N,
254,53,table_B,Y,gamecore.gameutility.gameutilitycontrol_counter.lua;gamecore.gameutility.gameutilitycontrol_counter.lua
254,54,table_B,Y,gamecore.gameutility.gameutilitycontrol_counter.lua;gamecore.gameutility.gameutilitycontrol_counter.lua
254,55,table_B,Y,gamesys.moneysystem.fastbuycontroller.lua;gamesys.moneysystem.fastbuycontroller.lua
254,56,table_B,N,
254,57,table_B,N,
254,59,table_B,N,
254,60,table_B,Y,gamesys.otherplayer.otherplayercontroller_common.lua;gamesys.otherplayer.otherplayercontroller_common.lua
254,62,table_B,N,
254,64,table_B,N,
254,65,table_B,N,
254,66,table_B,N,
254,67,table_B,N,
254,68,table_B,Y,gamesys.activities.actpreviewcontroller.lua;gamesys.activities.actpreviewcontroller.lua
254,69,table_B,Y,gamesys.activities.actpreviewcontroller.lua;gamesys.activities.actpreviewcontroller.lua
254,71,table_B,N,
254,72,table_B,N,
254,73,table_B,N,
254,74,table_B,N,
254,76,table_B,N,
254,77,table_B,N,
254,78,table_B,N,
254,79,table_B,N,
254,80,table_B,N,
254,82,table_B,N,
254,83,table_B,N,
254,84,table_B,N,
254,85,table_B,Y,gamesys.xianmeng.xianmengcontroller.lua;gamesys.xianmeng.xianmengcontroller.lua
254,86,table_B,N,
254,87,table_B,N,
254,91,table_B,N,
254,92,table_B,N,
254,93,table_B,N,
254,94,table_B,N,
254,95,table_B,N,
254,96,table_B,N,
254,97,table_B,N,
254,98,table_B,N,
254,99,table_B,N,
254,100,table_B,N,
254,101,table_B,N,
254,115,table_B,N,
254,116,table_B,N,
254,117,table_B,N,
254,118,table_B,N,
254,124,table_B,N,
254,125,table_B,N,
254,128,table_B,N,
254,129,table_B,N,
254,130,table_B,N,
254,131,table_B,N,
254,132,table_B,N,
254,133,table_B,N,
254,134,table_B,N,
254,135,table_B,N,
255,1,table_A,N,
255,2,table_A,Y,gui.windows.createrole.uicreaterolecontroller.lua;gui.windows.createrole.uicreaterolecontroller.lua
255,3,table_A,N,
255,4,table_A,Y,gui.windows.createrole.uicreaterolecontroller.lua;gui.windows.createrole.uicreaterolecontroller.lua
255,5,table_A,N,
255,9,table_A,N,
255,1,table_B,N,
255,2,table_B,Y,gui.windows.createrole.uicreaterolecontroller.lua;gui.windows.createrole.uicreaterolecontroller.lua
255,3,table_B,N,
255,4,table_B,Y,gui.windows.createrole.uicreaterolecontroller.lua;gui.windows.createrole.uicreaterolecontroller.lua
255,5,table_B,N,
255,9,table_B,N,
19,7,NONE,Y,gamesys.lingshou.lingshoucontroller.lua;gamesys.lingshou.lingshoucontroller.lua
254,3,NONE,Y,gamecore.gameutility.gameutilitycontrol.lua;gamecore.gameutility.gameutilitycontrol.lua
